frame_idx,image_file,image_stamp,cmd_stamp,dt_cmd,cmd_linear_x,cmd_angular_z,odom_stamp,dt_odom,odom_linear_x,odom_angular_z,width,height,encoding
0,images/000000.jpg,1774267502.253733397,1774267502.235810280,0.017923117,0.000000000,0.000000000,1774267502.239009857,0.014723539,-0.000000001,0.001467960,640,480,rgb8
1,images/000001.jpg,1774267502.287087440,1774267502.275816202,0.011271238,0.000000000,0.000000000,1774267502.279025793,0.008061647,-0.000000001,0.001845963,640,480,rgb8
2,images/000002.jpg,1774267502.320441484,1774267502.315810680,0.004630804,0.000000000,0.000000000,1774267502.319033146,0.001408339,-0.000000001,0.002870884,640,480,rgb8
3,images/000003.jpg,1774267502.353795767,1774267502.335819006,0.017976761,0.000000000,0.000000000,1774267502.339012384,0.014783382,-0.000000000,0.002464667,640,480,rgb8
4,images/000004.jpg,1774267502.387149572,1774267502.375826359,0.011323214,0.000000000,0.000000000,1774267502.379045725,0.008103848,-0.000000001,0.003597457,640,480,rgb8
5,images/000005.jpg,1774267502.420507431,1774267502.415827751,0.004679680,0.000000000,0.000000000,1774267502.419045448,0.001461983,-0.000000000,0.003585334,640,480,rgb8
6,images/000006.jpg,1774267502.453865051,1774267502.435845375,0.018019676,0.000000000,0.000000000,1774267502.439064264,0.014800787,-0.000000000,0.001270279,640,480,rgb8
7,images/000007.jpg,1774267502.487222672,1774267502.475819588,0.011403084,0.000000000,0.000000000,1774267502.479031324,0.008191347,-0.000000000,0.002095036,640,480,rgb8
8,images/000008.jpg,1774267502.553939581,1774267502.535824776,0.018114805,0.000000000,0.000000000,1774267502.539109468,0.014830112,-0.000000001,0.003447343,640,480,rgb8
9,images/000009.jpg,1774267502.587298155,1774267502.575819969,0.011478186,0.000000000,0.000000000,1774267502.579018831,0.008279324,-0.000000001,0.003926789,640,480,rgb8
10,images/000010.jpg,1774267502.620656729,1774267502.615816116,0.004840612,0.000000000,0.000000000,1774267502.619048834,0.001607895,-0.000000000,0.003435573,640,480,rgb8
11,images/000011.jpg,1774267502.654015303,1774267502.635819197,0.018196106,0.000000000,0.000000000,1774267502.639065027,0.014950275,-0.000000001,0.003876516,640,480,rgb8
12,images/000012.jpg,1774267502.687373877,1774267502.675820589,0.011553288,0.000000000,0.000000000,1774267502.679039478,0.008334398,-0.000000000,0.002976601,640,480,rgb8
13,images/000013.jpg,1774267502.720732450,1774267502.715812206,0.004920244,0.000000000,0.000000000,1774267502.719061613,0.001670837,-0.000000000,0.001812113,640,480,rgb8
14,images/000014.jpg,1774267502.754091024,1774267502.735814333,0.018276691,0.000000000,0.000000000,1774267502.739078760,0.015012264,-0.000000000,0.001748342,640,480,rgb8
15,images/000015.jpg,1774267502.787449360,1774267502.775815248,0.011634111,0.000000000,0.000000000,1774267502.779046774,0.008402586,-0.000000000,-0.000627602,640,480,rgb8
16,images/000016.jpg,1774267502.820808172,1774267502.815815687,0.004992485,0.000000000,0.000000000,1774267502.819044828,0.001763344,-0.000000000,0.000320644,640,480,rgb8
17,images/000017.jpg,1774267502.854166746,1774267502.835811615,0.018355131,0.000000000,0.000000000,1774267502.839035988,0.015130758,-0.000000000,0.000975761,640,480,rgb8
18,images/000018.jpg,1774267502.887525320,1774267502.875811338,0.011713982,0.000000000,0.000000000,1774267502.879102945,0.008422375,-0.000000001,0.001622073,640,480,rgb8
19,images/000019.jpg,1774267502.920883894,1774267502.915809631,0.005074263,0.000000000,0.000000000,1774267502.919025898,0.001857996,-0.000000000,0.002734984,640,480,rgb8
20,images/000020.jpg,1774267502.954242468,1774267502.935819387,0.018423080,0.000000000,0.000000000,1774267502.939080000,0.015162468,-0.000000001,0.002481673,640,480,rgb8
21,images/000021.jpg,1774267503.020959377,1774267503.015838385,0.005120993,0.000000000,0.000000000,1774267503.019072294,0.001887083,-0.000000000,0.006352891,640,480,rgb8
22,images/000022.jpg,1774267503.054318190,1774267503.035827637,0.018490553,0.000000000,0.000000000,1774267503.039028406,0.015289783,-0.000000000,0.007913482,640,480,rgb8
23,images/000023.jpg,1774267503.087676764,1774267503.075820684,0.011856079,0.000000000,0.000000000,1774267503.079016924,0.008659840,-0.000000000,0.004623979,640,480,rgb8
24,images/000024.jpg,1774267503.121035337,1774267503.115830660,0.005204678,0.000000000,0.000000000,1774267503.119011879,0.002023458,-0.000000000,0.004141158,640,480,rgb8
25,images/000025.jpg,1774267503.154393911,1774267503.135830879,0.018563032,0.000000000,0.000000000,1774267503.139035225,0.015358686,-0.000000000,0.003995905,640,480,rgb8
26,images/000026.jpg,1774267503.187752485,1774267503.175839424,0.011913061,0.000000000,0.000000000,1774267503.179051161,0.008701324,-0.000000000,0.004112563,640,480,rgb8
27,images/000027.jpg,1774267503.221111059,1774267503.215838194,0.005272865,0.000000000,0.000000000,1774267503.219060421,0.002050638,-0.000000001,0.003703483,640,480,rgb8
28,images/000028.jpg,1774267503.254469633,1774267503.235830545,0.018639088,0.000000000,0.000000000,1774267503.239052296,0.015417337,-0.000000000,0.003682385,640,480,rgb8
29,images/000029.jpg,1774267503.287828207,1774267503.275818825,0.012009382,0.000000000,0.000000000,1774267503.279025793,0.008802414,-0.000000000,0.002720347,640,480,rgb8
30,images/000030.jpg,1774267503.321186781,1774267503.315815210,0.005371571,0.000000000,0.000000000,1774267503.319023848,0.002162933,-0.000000000,0.000520905,640,480,rgb8
31,images/000031.jpg,1774267503.354545355,1774267503.335826159,0.018719196,0.000000000,0.000000000,1774267503.339024782,0.015520573,-0.000000000,0.000709899,640,480,rgb8
32,images/000032.jpg,1774267503.387904167,1774267503.375830173,0.012073994,0.000000000,0.000000000,1774267503.379038572,0.008865595,-0.000000000,-0.001485388,640,480,rgb8
33,images/000033.jpg,1774267503.421262741,1774267503.415830374,0.005432367,0.000000000,0.000000000,1774267503.419020653,0.002242088,-0.000000000,0.000878043,640,480,rgb8
34,images/000034.jpg,1774267503.454621077,1774267503.435832024,0.018789053,0.000000000,0.000000000,1774267503.439033031,0.015588045,-0.000000000,0.000890015,640,480,rgb8
35,images/000035.jpg,1774267503.487979650,1774267503.475827456,0.012152195,0.000000000,0.000000000,1774267503.479037046,0.008942604,-0.000000000,0.002887069,640,480,rgb8
36,images/000036.jpg,1774267503.521337509,1774267503.515832186,0.005505323,0.000000000,0.000000000,1774267503.519026041,0.002311468,-0.000000000,0.002350863,640,480,rgb8
37,images/000037.jpg,1774267503.554695129,1774267503.535827160,0.018867970,0.000000000,0.000000000,1774267503.539042234,0.015652895,-0.000000000,0.002305780,640,480,rgb8
38,images/000038.jpg,1774267503.588052750,1774267503.575818062,0.012234688,0.000000000,0.000000000,1774267503.579065084,0.008987665,-0.000000000,0.003121251,640,480,rgb8
39,images/000039.jpg,1774267503.688159227,1774267503.675833225,0.012326002,0.000000000,0.000000000,1774267503.679053783,0.009105444,-0.000000000,0.002904408,640,480,rgb8
40,images/000040.jpg,1774267503.721528053,1774267503.715840816,0.005687237,0.000000000,0.000000000,1774267503.719044447,0.002483606,-0.000000000,-0.003194627,640,480,rgb8
41,images/000041.jpg,1774267503.754897118,1774267503.735836029,0.019061089,0.000000000,0.000000000,1774267503.739046812,0.015850306,-0.000000000,-0.000854238,640,480,rgb8
42,images/000042.jpg,1774267503.788266182,1774267503.775847673,0.012418509,0.000000000,0.000000000,1774267503.779085875,0.009180307,-0.000000000,0.000534435,640,480,rgb8
43,images/000043.jpg,1774267503.821635246,1774267503.815833092,0.005802155,0.000000000,0.000000000,1774267503.819032192,0.002603054,-0.000000000,0.002436004,640,480,rgb8
44,images/000044.jpg,1774267503.855004311,1774267503.835835218,0.019169092,0.000000000,0.000000000,1774267503.839065790,0.015938520,-0.000000000,0.002779620,640,480,rgb8
45,images/000045.jpg,1774267503.888373613,1774267503.875834942,0.012538671,0.000000000,0.000000000,1774267503.879057884,0.009315729,-0.000000000,0.003829835,640,480,rgb8
46,images/000046.jpg,1774267503.921742678,1774267503.915816069,0.005926609,0.000000000,0.000000000,1774267503.919049978,0.002692699,-0.000000000,-0.000827387,640,480,rgb8
47,images/000047.jpg,1774267503.955111980,1774267503.935826778,0.019285202,0.000000000,0.000000000,1774267503.939053059,0.016058922,-0.000000000,-0.000895751,640,480,rgb8
48,images/000048.jpg,1774267503.988481283,1774267503.975836277,0.012645006,0.000000000,0.000000000,1774267503.979047537,0.009433746,-0.000000000,-0.000355085,640,480,rgb8
49,images/000049.jpg,1774267504.021850586,1774267504.015814781,0.006035805,0.000000000,0.000000000,1774267504.019033194,0.002817392,-0.000000000,-0.000277648,640,480,rgb8
50,images/000050.jpg,1774267504.055219889,1774267504.035830021,0.019389868,0.000000000,0.000000000,1774267504.039029360,0.016190529,-0.000000000,-0.000308587,640,480,rgb8
51,images/000051.jpg,1774267504.155328274,1774267504.135815620,0.019512653,0.000000000,0.000000000,1774267504.139031410,0.016296864,-0.000000000,0.006870517,640,480,rgb8
52,images/000052.jpg,1774267504.188698053,1774267504.175813913,0.012884140,0.000000000,0.000000000,1774267504.179036856,0.009661198,-0.000000000,0.000428635,640,480,rgb8
53,images/000053.jpg,1774267504.222067595,1774267504.215827465,0.006240129,0.000000000,0.000000000,1774267504.219050646,0.003016949,-0.000000000,0.003000089,640,480,rgb8
54,images/000054.jpg,1774267504.255437374,1774267504.235832930,0.019604445,0.000000000,0.000000000,1774267504.239061832,0.016375542,-0.000000000,0.001874856,640,480,rgb8
55,images/000055.jpg,1774267504.288807154,1774267504.275825024,0.012982130,0.000000000,0.000000000,1774267504.279050112,0.009757042,-0.000000000,0.001910550,640,480,rgb8
56,images/000056.jpg,1774267504.322176695,1774267504.315833330,0.006343365,0.000000000,0.000000000,1774267504.319035292,0.003141403,-0.000000000,0.001595196,640,480,rgb8
57,images/000057.jpg,1774267504.355546713,1774267504.335835218,0.019711494,0.000000000,0.000000000,1774267504.339059830,0.016486883,-0.000000000,0.001350441,640,480,rgb8
58,images/000058.jpg,1774267504.388916492,1774267504.375832319,0.013084173,0.000000000,0.000000000,1774267504.379070759,0.009845734,-0.000000000,0.002345946,640,480,rgb8
59,images/000059.jpg,1774267504.422286272,1774267504.415820599,0.006465673,0.000000000,0.000000000,1774267504.419028282,0.003257990,-0.000000000,0.002626454,640,480,rgb8
60,images/000060.jpg,1774267504.455656528,1774267504.435827971,0.019828558,0.000000000,0.000000000,1774267504.439051151,0.016605377,-0.000000000,0.002820450,640,480,rgb8
61,images/000061.jpg,1774267504.489026308,1774267504.475840092,0.013186216,0.000000000,0.000000000,1774267504.479047060,0.009979248,-0.000000000,0.002054061,640,480,rgb8
62,images/000062.jpg,1774267504.522396564,1774267504.515815973,0.006580591,0.000000000,0.000000000,1774267504.519018412,0.003378153,-0.000000000,0.002087763,640,480,rgb8
63,images/000063.jpg,1774267504.555766582,1774267504.535821915,0.019944668,0.000000000,0.000000000,1774267504.539046764,0.016719818,-0.000000000,0.001695307,640,480,rgb8
64,images/000064.jpg,1774267504.589136362,1774267504.575815916,0.013320446,0.000000000,0.000000000,1774267504.579076052,0.010060310,-0.000000000,0.001826142,640,480,rgb8
65,images/000065.jpg,1774267504.622494936,1774267504.615823746,0.006671190,0.000000000,0.000000000,1774267504.619034529,0.003460407,-0.000000000,0.002478642,640,480,rgb8
66,images/000066.jpg,1774267504.655853033,1774267504.655829191,0.000023842,0.000000000,0.000000000,1774267504.639050245,0.016802788,-0.000000000,0.002583058,640,480,rgb8
67,images/000067.jpg,1774267504.689211369,1774267504.675836325,0.013375044,0.000000000,0.000000000,1774267504.679065466,0.010145903,-0.000000000,0.002424443,640,480,rgb8
68,images/000068.jpg,1774267504.722569942,1774267504.715823889,0.006746054,0.000000000,0.000000000,1774267504.719080687,0.003489256,-0.000000000,0.002114582,640,480,rgb8
69,images/000069.jpg,1774267504.755919695,1774267504.755827904,0.000091791,0.000000000,0.000000000,1774267504.739039421,0.016880274,-0.000000000,0.003265386,640,480,rgb8
70,images/000070.jpg,1774267504.789269447,1774267504.775820732,0.013448715,0.000000000,0.000000000,1774267504.779020786,0.010248661,-0.000000000,0.000976711,640,480,rgb8
71,images/000071.jpg,1774267504.822619438,1774267504.815819740,0.006799698,0.000000000,0.000000000,1774267504.819018126,0.003601313,-0.000000000,-0.004717536,640,480,rgb8
72,images/000072.jpg,1774267504.855968952,1774267504.855824232,0.000144720,0.000000000,0.000000000,1774267504.839028597,0.016940355,-0.000000000,-0.002528773,640,480,rgb8
73,images/000073.jpg,1774267504.889318705,1774267504.875828028,0.013490677,0.000000000,0.000000000,1774267504.879044056,0.010274649,-0.000000000,-0.001628108,640,480,rgb8
74,images/000074.jpg,1774267504.922668219,1774267504.915836811,0.006831408,0.000000000,0.000000000,1774267504.919034719,0.003633499,-0.000000000,0.001764008,640,480,rgb8
75,images/000075.jpg,1774267504.956017494,1774267504.955840111,0.000177383,0.000000000,0.000000000,1774267504.939055443,0.016962051,-0.000000000,0.001756773,640,480,rgb8
76,images/000076.jpg,1774267504.989367247,1774267504.975822210,0.013545036,0.000000000,0.000000000,1774267504.979026079,0.010341167,-0.000000000,0.007584575,640,480,rgb8
77,images/000077.jpg,1774267505.022716522,1774267505.015828609,0.006887913,0.000000000,0.000000000,1774267505.019043922,0.003672600,-0.000000000,0.005081221,640,480,rgb8
78,images/000078.jpg,1774267505.056065559,1774267505.055824518,0.000241041,0.000000000,0.000000000,1774267505.039027929,0.017037630,-0.000000000,0.003969959,640,480,rgb8
79,images/000079.jpg,1774267505.089415073,1774267505.075831890,0.013583183,0.000000000,0.000000000,1774267505.079036474,0.010378599,-0.000000000,0.003776306,640,480,rgb8
80,images/000080.jpg,1774267505.122764111,1774267505.115824461,0.006939650,0.000000000,0.000000000,1774267505.119041920,0.003722191,-0.000000000,0.004008326,640,480,rgb8
81,images/000081.jpg,1774267505.156113625,1774267505.155821562,0.000292063,0.000000000,0.000000000,1774267505.139058113,0.017055511,-0.000000000,0.004032423,640,480,rgb8
82,images/000082.jpg,1774267505.189462423,1774267505.175831318,0.013631105,0.000000000,0.000000000,1774267505.179040670,0.010421753,-0.000000000,0.003070780,640,480,rgb8
83,images/000083.jpg,1774267505.222811460,1774267505.215858221,0.006953239,0.000000000,0.000000000,1774267505.219048262,0.003763199,-0.000000000,0.005925074,640,480,rgb8
84,images/000084.jpg,1774267505.256160498,1774267505.255814314,0.000346184,0.000000000,0.000000000,1774267505.239036083,0.017124414,-0.000000000,0.004558419,640,480,rgb8
85,images/000085.jpg,1774267505.289509535,1774267505.275827408,0.013682127,0.000000000,0.000000000,1774267505.279047251,0.010462284,-0.000000000,-0.000704034,640,480,rgb8
86,images/000086.jpg,1774267505.322858095,1774267505.315824986,0.007033110,0.000000000,0.000000000,1774267505.319032192,0.003825903,-0.000000000,0.000269643,640,480,rgb8
87,images/000087.jpg,1774267505.356207132,1774267505.355832815,0.000374317,0.000000000,0.000000000,1774267505.339039803,0.017167330,-0.000000000,0.000425457,640,480,rgb8
88,images/000088.jpg,1774267505.389555931,1774267505.375836611,0.013719320,0.000000000,0.000000000,1774267505.379039049,0.010516882,-0.000000000,0.001470719,640,480,rgb8
89,images/000089.jpg,1774267505.422904491,1774267505.415839672,0.007064819,0.000000000,0.000000000,1774267505.419067383,0.003837109,-0.000000000,0.000699967,640,480,rgb8
90,images/000090.jpg,1774267505.456253290,1774267505.455828667,0.000424623,0.000000000,0.000000000,1774267505.439158201,0.017095089,-0.000000000,0.001082988,640,480,rgb8
91,images/000091.jpg,1774267505.489601612,1774267505.475826740,0.013774872,0.000000000,0.000000000,1774267505.479051113,0.010550499,-0.000000000,0.002304595,640,480,rgb8
92,images/000092.jpg,1774267505.522950172,1774267505.515814066,0.007136106,0.000000000,0.000000000,1774267505.519029617,0.003920555,-0.000000000,0.005991042,640,480,rgb8
93,images/000093.jpg,1774267505.556298494,1774267505.555824757,0.000473738,0.000000000,0.000000000,1774267505.539053679,0.017244816,-0.000000000,0.005662214,640,480,rgb8
94,images/000094.jpg,1774267505.589647055,1774267505.575829744,0.013817310,0.000000000,0.000000000,1774267505.579022408,0.010624647,-0.000000000,0.004940216,640,480,rgb8
95,images/000095.jpg,1774267505.622995377,1774267505.615827322,0.007168055,0.000000000,0.000000000,1774267505.619040728,0.003954649,-0.000000000,0.004044384,640,480,rgb8
96,images/000096.jpg,1774267505.656343460,1774267505.655827761,0.000515699,0.000000000,0.000000000,1774267505.639051914,0.017291546,-0.000000000,0.004274005,640,480,rgb8
97,images/000097.jpg,1774267505.689691544,1774267505.675811768,0.013879776,0.000000000,0.000000000,1774267505.679080725,0.010610819,-0.000000000,0.002988554,640,480,rgb8
98,images/000098.jpg,1774267505.723040104,1774267505.715811729,0.007228374,0.000000000,0.000000000,1774267505.719069242,0.003970861,-0.000000000,0.003334735,640,480,rgb8
99,images/000099.jpg,1774267505.756397724,1774267505.755812407,0.000585318,0.000000000,0.000000000,1774267505.739051580,0.017346144,-0.000000000,0.003461310,640,480,rgb8
100,images/000100.jpg,1774267505.789755106,1774267505.775816917,0.013938189,0.000000000,0.000000000,1774267505.779073715,0.010681391,-0.000000000,0.003460227,640,480,rgb8
101,images/000101.jpg,1774267505.856504202,1774267505.855815887,0.000688314,0.000000000,0.000000000,1774267505.839118242,0.017385960,-0.000000000,0.002727686,640,480,rgb8
102,images/000102.jpg,1774267505.889878750,1774267505.875815392,0.014063358,0.000000000,0.000000000,1774267505.879031420,0.010847330,-0.000000000,0.003999208,640,480,rgb8
103,images/000103.jpg,1774267505.923253536,1774267505.915812492,0.007441044,0.000000000,0.000000000,1774267505.919013500,0.004240036,-0.000000000,-0.001956191,640,480,rgb8
104,images/000104.jpg,1774267505.956628084,1774267505.955812454,0.000815630,0.000000000,0.000000000,1774267505.939056158,0.017571926,-0.000000000,-0.000510627,640,480,rgb8
105,images/000105.jpg,1774267505.990002871,1774267505.975821495,0.014181376,0.000000000,0.000000000,1774267505.979020834,0.010982037,-0.000000000,0.001572716,640,480,rgb8
106,images/000106.jpg,1774267506.023377895,1774267506.015834570,0.007543325,0.000000000,0.000000000,1774267506.019051790,0.004326105,-0.000000000,0.001944493,640,480,rgb8
107,images/000107.jpg,1774267506.056752920,1774267506.055828333,0.000924587,0.000000000,0.000000000,1774267506.040006161,0.016746759,-0.000000000,0.003582164,640,480,rgb8
108,images/000108.jpg,1774267506.090128183,1774267506.075831890,0.014296293,0.000000000,0.000000000,1774267506.079068422,0.011059761,-0.000000000,0.009010461,640,480,rgb8
109,images/000109.jpg,1774267506.123503208,1774267506.115815878,0.007687330,0.000000000,0.000000000,1774267506.119044304,0.004458904,-0.000000000,-0.000276025,640,480,rgb8
110,images/000110.jpg,1774267506.156878710,1774267506.155831099,0.001047611,0.000000000,0.000000000,1774267506.139043331,0.017835379,-0.000000000,0.001455602,640,480,rgb8
111,images/000111.jpg,1774267506.190253973,1774267506.175826788,0.014427185,0.000000000,0.000000000,1774267506.179038286,0.011215687,-0.000000000,0.001503605,640,480,rgb8
112,images/000112.jpg,1774267506.223629475,1774267506.215815783,0.007813692,0.000000000,0.000000000,1774267506.219045162,0.004584312,-0.000000000,0.005547689,640,480,rgb8
113,images/000113.jpg,1774267506.257004976,1774267506.255820751,0.001184225,0.000000000,0.000000000,1774267506.239037514,0.017967463,-0.000000000,0.004625833,640,480,rgb8
114,images/000114.jpg,1774267506.290380716,1774267506.275822401,0.014558315,0.000000000,0.000000000,1774267506.279045105,0.011335611,-0.000000000,0.004327832,640,480,rgb8
115,images/000115.jpg,1774267506.323756456,1774267506.315817118,0.007939339,0.000000000,0.000000000,1774267506.319066763,0.004689693,-0.000000000,0.008409213,640,480,rgb8
116,images/000116.jpg,1774267506.357132196,1774267506.355811357,0.001320839,0.000000000,0.000000000,1774267506.339091063,0.018041134,-0.000000000,0.006978075,640,480,rgb8
117,images/000117.jpg,1774267506.390507698,1774267506.375812531,0.014695168,0.000000000,0.000000000,1774267506.379000187,0.011507511,-0.000000000,0.004790923,640,480,rgb8
118,images/000118.jpg,1774267506.423883677,1774267506.415814877,0.008068800,0.000000000,0.000000000,1774267506.419032574,0.004851103,-0.000000000,0.002021279,640,480,rgb8
119,images/000119.jpg,1774267506.457259893,1774267506.455818653,0.001441240,0.000000000,0.000000000,1774267506.439037561,0.018222332,-0.000000000,0.001364506,640,480,rgb8
120,images/000120.jpg,1774267506.490635872,1774267506.475831270,0.014804602,0.000000000,0.000000000,1774267506.479043484,0.011592388,-0.000000000,0.004160280,640,480,rgb8
121,images/000121.jpg,1774267506.524012089,1774267506.515830040,0.008182049,0.000000000,0.000000000,1774267506.519043922,0.004968166,-0.000000000,0.003587556,640,480,rgb8
122,images/000122.jpg,1774267506.557388783,1774267506.555817127,0.001571655,0.000000000,0.000000000,1774267506.539019585,0.018369198,-0.000000000,0.003164305,640,480,rgb8
123,images/000123.jpg,1774267506.590764999,1774267506.575815439,0.014949560,0.000000000,0.000000000,1774267506.579004526,0.011760473,-0.000000000,0.003279370,640,480,rgb8
124,images/000124.jpg,1774267506.624141455,1774267506.615817547,0.008323908,0.000000000,0.000000000,1774267506.619010210,0.005131245,-0.000000000,0.004479449,640,480,rgb8
125,images/000125.jpg,1774267506.657518148,1774267506.655816793,0.001701355,0.000000000,0.000000000,1774267506.639009953,0.018508196,-0.000000000,0.004438496,640,480,rgb8
126,images/000126.jpg,1774267506.690894604,1774267506.675820112,0.015074492,0.000000000,0.000000000,1774267506.678982973,0.011911631,-0.000000000,0.003365272,640,480,rgb8
127,images/000127.jpg,1774267506.724271297,1774267506.715813637,0.008457661,0.000000000,0.000000000,1774267506.719013453,0.005257845,-0.000000000,0.004660742,640,480,rgb8
128,images/000128.jpg,1774267506.757648230,1774267506.755820036,0.001828194,0.000000000,0.000000000,1774267506.739055872,0.018592358,-0.000000000,0.003597626,640,480,rgb8
129,images/000129.jpg,1774267506.791024685,1774267506.775837183,0.015187502,0.000000000,0.000000000,1774267506.779052496,0.011972189,-0.000000000,0.002367107,640,480,rgb8
130,images/000130.jpg,1774267506.824383259,1774267506.815815449,0.008567810,0.000000000,0.000000000,1774267506.819057226,0.005326033,-0.000000000,0.002704258,640,480,rgb8
131,images/000131.jpg,1774267506.857742071,1774267506.855817795,0.001924276,0.000000000,0.000000000,1774267506.839067459,0.018674612,-0.000000000,0.003101618,640,480,rgb8
132,images/000132.jpg,1774267506.891100883,1774267506.875825405,0.015275478,0.000000000,0.000000000,1774267506.879014969,0.012085915,-0.000000000,0.002568893,640,480,rgb8
133,images/000133.jpg,1774267506.924466610,1774267506.915829659,0.008636951,0.000000000,0.000000000,1774267506.919053078,0.005413532,-0.000000000,0.001900527,640,480,rgb8
134,images/000134.jpg,1774267506.957832575,1774267506.955823660,0.002008915,0.000000000,0.000000000,1774267506.939049244,0.018783331,-0.000000000,0.000643925,640,480,rgb8
135,images/000135.jpg,1774267506.991198301,1774267506.975824118,0.015374184,0.000000000,0.000000000,1774267506.979040384,0.012157917,-0.000000000,0.001151323,640,480,rgb8
136,images/000136.jpg,1774267507.024564266,1774267507.015816689,0.008747578,0.000000000,0.000000000,1774267507.019037247,0.005527020,-0.000000000,0.002029996,640,480,rgb8
137,images/000137.jpg,1774267507.057930231,1774267507.055815220,0.002115011,0.000000000,0.000000000,1774267507.039038897,0.018891335,-0.000000000,0.002120528,640,480,rgb8
138,images/000138.jpg,1774267507.091296196,1774267507.075816154,0.015480042,0.000000000,0.000000000,1774267507.079049349,0.012246847,-0.000000000,0.003486251,640,480,rgb8
139,images/000139.jpg,1774267507.124662161,1774267507.115832329,0.008829832,0.000000000,0.000000000,1774267507.119071007,0.005591154,-0.000000000,0.001470967,640,480,rgb8
140,images/000140.jpg,1774267507.158028126,1774267507.155817509,0.002210617,0.000000000,0.000000000,1774267507.139054060,0.018974066,-0.000000000,0.001470863,640,480,rgb8
141,images/000141.jpg,1774267507.191394091,1774267507.175815582,0.015578508,0.000000000,0.000000000,1774267507.179013252,0.012380838,-0.000000000,0.004773091,640,480,rgb8
142,images/000142.jpg,1774267507.224760056,1774267507.215762854,0.008997202,0.000000000,0.000000000,1774267507.219000578,0.005759478,-0.000000000,0.002833318,640,480,rgb8
143,images/000143.jpg,1774267507.258126259,1774267507.255809784,0.002316475,0.000000000,0.000000000,1774267507.239013433,0.019112825,-0.000000000,0.002448518,640,480,rgb8
144,images/000144.jpg,1774267507.291492224,1774267507.275812864,0.015679359,0.000000000,0.000000000,1774267507.279008150,0.012484074,-0.000000000,0.002098154,640,480,rgb8
145,images/000145.jpg,1774267507.324858427,1774267507.315816879,0.009041548,0.000000000,0.000000000,1774267507.319007874,0.005850554,-0.000000000,0.001935578,640,480,rgb8
146,images/000146.jpg,1774267507.391590834,1774267507.375816107,0.015774727,0.000000000,0.000000000,1774267507.379053593,0.012537241,-0.000000000,0.001600908,640,480,rgb8
147,images/000147.jpg,1774267507.424957037,1774267507.415819883,0.009137154,0.000000000,0.000000000,1774267507.419029474,0.005927563,-0.000000000,0.000822170,640,480,rgb8
148,images/000148.jpg,1774267507.458323240,1774267507.455820322,0.002502918,0.000000000,0.000000000,1774267507.439033508,0.019289732,-0.000000000,-0.003343410,640,480,rgb8
149,images/000149.jpg,1774267507.491689444,1774267507.475834131,0.015855312,0.000000000,0.000000000,1774267507.479041100,0.012648344,-0.000000000,0.000548684,640,480,rgb8
150,images/000150.jpg,1774267507.525055647,1774267507.515825987,0.009229660,0.000000000,0.000000000,1774267507.519042015,0.006013632,-0.000000000,0.000709797,640,480,rgb8
151,images/000151.jpg,1774267507.558422089,1774267507.555828571,0.002593517,0.000000000,0.000000000,1774267507.539089680,0.019332409,-0.000000000,0.002600337,640,480,rgb8
152,images/000152.jpg,1774267507.591788292,1774267507.575826883,0.015961409,0.000000000,0.000000000,1774267507.579082489,0.012705803,-0.000000000,0.003491246,640,480,rgb8
153,images/000153.jpg,1774267507.625154734,1774267507.615818024,0.009336710,0.000000000,0.000000000,1774267507.619020700,0.006134033,-0.000000000,0.003090975,640,480,rgb8
154,images/000154.jpg,1774267507.658521175,1774267507.655869007,0.002652168,0.000000000,0.000000000,1774267507.639083862,0.019437313,-0.000000000,0.004184673,640,480,rgb8
155,images/000155.jpg,1774267507.691887379,1774267507.675831556,0.016055822,0.000000000,0.000000000,1774267507.679060936,0.012826443,-0.000000000,0.003868978,640,480,rgb8
156,images/000156.jpg,1774267507.725253820,1774267507.715838671,0.009415150,0.000000000,0.000000000,1774267507.719035387,0.006218433,-0.000000000,0.002243915,640,480,rgb8
157,images/000157.jpg,1774267507.758620262,1774267507.755836964,0.002783298,0.000000000,0.000000000,1774267507.739117146,0.019503117,-0.000000000,0.002730843,640,480,rgb8
158,images/000158.jpg,1774267507.791986942,1774267507.775834322,0.016152620,0.000000000,0.000000000,1774267507.779053688,0.012933254,-0.000000000,0.002236082,640,480,rgb8
159,images/000159.jpg,1774267507.825353622,1774267507.815796375,0.009557247,0.000000000,0.000000000,1774267507.819042206,0.006311417,-0.000000000,0.001470761,640,480,rgb8
160,images/000160.jpg,1774267507.858720064,1774267507.855823278,0.002896786,0.000000000,0.000000000,1774267507.839069366,0.019650698,-0.000000000,0.001107954,640,480,rgb8
161,images/000161.jpg,1774267507.892086506,1774267507.875829458,0.016257048,0.000000000,0.000000000,1774267507.879086018,0.013000488,-0.000000000,0.001096678,640,480,rgb8
162,images/000162.jpg,1774267507.925445557,1774267507.915820837,0.009624720,0.000000000,0.000000000,1774267507.919063807,0.006381750,-0.000000000,0.001533952,640,480,rgb8
163,images/000163.jpg,1774267507.958804607,1774267507.955845833,0.002958775,0.000000000,0.000000000,1774267507.939051628,0.019752979,-0.000000000,0.001616702,640,480,rgb8
164,images/000164.jpg,1774267508.025494099,1774267508.015819550,0.009674549,0.000000000,0.000000000,1774267508.019052505,0.006441593,-0.000000000,0.000666688,640,480,rgb8
165,images/000165.jpg,1774267508.058838844,1774267508.055831432,0.003007412,0.000000000,0.000000000,1774267508.039022923,0.019815922,-0.000000000,0.001035857,640,480,rgb8
166,images/000166.jpg,1774267508.092183352,1774267508.075813770,0.016369581,0.000000000,0.000000000,1774267508.079050779,0.013132572,-0.000000000,0.009118017,640,480,rgb8
167,images/000167.jpg,1774267508.125527859,1774267508.115819216,0.009708643,0.000000000,0.000000000,1774267508.119059801,0.006468058,-0.000000000,0.005493442,640,480,rgb8
168,images/000168.jpg,1774267508.158872128,1774267508.155820370,0.003051758,0.000000000,0.000000000,1774267508.139050722,0.019821405,-0.000000000,0.003831700,640,480,rgb8
169,images/000169.jpg,1774267508.192216635,1774267508.175820827,0.016395807,0.000000000,0.000000000,1774267508.179090261,0.013126373,-0.000000000,0.003358922,640,480,rgb8
170,images/000170.jpg,1774267508.225560904,1774267508.217114210,0.008446693,0.000000000,0.000000000,1774267508.219088078,0.006472826,-0.000000000,0.004113729,640,480,rgb8
171,images/000171.jpg,1774267508.258904934,1774267508.255837202,0.003067732,0.000000000,0.000000000,1774267508.239061594,0.019843340,-0.000000000,0.004089975,640,480,rgb8
172,images/000172.jpg,1774267508.292248964,1774267508.275834799,0.016414165,0.000000000,0.000000000,1774267508.279094934,0.013154030,-0.000000000,0.003334453,640,480,rgb8
173,images/000173.jpg,1774267508.325592995,1774267508.315815210,0.009777784,0.000000000,0.000000000,1774267508.319024324,0.006568670,-0.000000000,0.002239050,640,480,rgb8
174,images/000174.jpg,1774267508.358937025,1774267508.355831623,0.003105402,0.000000000,0.000000000,1774267508.339054346,0.019882679,-0.000000000,0.001351060,640,480,rgb8
175,images/000175.jpg,1774267508.392281055,1774267508.375831127,0.016449928,0.000000000,0.000000000,1774267508.379060984,0.013220072,-0.000000000,0.001029627,640,480,rgb8
176,images/000176.jpg,1774267508.425624847,1774267508.415815830,0.009809017,0.000000000,0.000000000,1774267508.419167519,0.006457329,-0.000000000,0.002124051,640,480,rgb8
177,images/000177.jpg,1774267508.458968401,1774267508.455771446,0.003196955,0.000000000,0.000000000,1774267508.439122915,0.019845486,-0.000000000,-0.001254736,640,480,rgb8
178,images/000178.jpg,1774267508.492312193,1774267508.475824118,0.016488075,0.000000000,0.000000000,1774267508.478998661,0.013313532,-0.000000000,0.000129007,640,480,rgb8
179,images/000179.jpg,1774267508.525655746,1774267508.515829802,0.009825945,0.000000000,0.000000000,1774267508.519022703,0.006633043,-0.000000000,0.009317171,640,480,rgb8
180,images/000180.jpg,1774267508.558999300,1774267508.555815697,0.003183603,0.000000000,0.000000000,1774267508.539025784,0.019973516,-0.000000000,0.007003382,640,480,rgb8
181,images/000181.jpg,1774267508.592342854,1774267508.575828552,0.016514301,0.000000000,0.000000000,1774267508.578996181,0.013346672,-0.000000000,0.004998039,640,480,rgb8
182,images/000182.jpg,1774267508.625686169,1774267508.615829945,0.009856224,0.000000000,0.000000000,1774267508.619092941,0.006593227,-0.000000000,0.002914204,640,480,rgb8
183,images/000183.jpg,1774267508.659029484,1774267508.655818224,0.003211260,0.000000000,0.000000000,1774267508.639057159,0.019972324,-0.000000000,0.003287580,640,480,rgb8
184,images/000184.jpg,1774267508.692372799,1774267508.675843954,0.016528845,0.000000000,0.000000000,1774267508.679072618,0.013300180,-0.000000000,-0.006263276,640,480,rgb8
185,images/000185.jpg,1774267508.725715876,1774267508.715820312,0.009895563,0.000000000,0.000000000,1774267508.719077349,0.006638527,-0.000000000,-0.001997572,640,480,rgb8
186,images/000186.jpg,1774267508.759059191,1774267508.755812168,0.003247023,0.000000000,0.000000000,1774267508.759022236,0.000036955,-0.000000000,-0.000406435,640,480,rgb8
187,images/000187.jpg,1774267508.792402029,1774267508.775811911,0.016590118,0.000000000,0.000000000,1774267508.779038906,0.013363123,-0.000000000,0.000813558,640,480,rgb8
188,images/000188.jpg,1774267508.825744867,1774267508.815825939,0.009918928,0.000000000,0.000000000,1774267508.819023371,0.006721497,-0.000000000,0.002299469,640,480,rgb8
189,images/000189.jpg,1774267508.859087944,1774267508.855825186,0.003262758,0.000000000,0.000000000,1774267508.859016418,0.000071526,-0.000000000,0.003149964,640,480,rgb8
190,images/000190.jpg,1774267508.892430782,1774267508.875828266,0.016602516,0.000000000,0.000000000,1774267508.879029751,0.013401031,-0.000000000,0.003149964,640,480,rgb8
191,images/000191.jpg,1774267508.925773382,1774267508.915828943,0.009944439,0.000000000,0.000000000,1774267508.919055700,0.006717682,-0.000000000,0.002887172,640,480,rgb8
192,images/000192.jpg,1774267508.959116459,1774267508.955838919,0.003277540,0.000000000,0.000000000,1774267508.959048033,0.000068426,-0.000000000,0.002723022,640,480,rgb8
193,images/000193.jpg,1774267508.992474556,1774267508.975830793,0.016643763,0.000000000,0.000000000,1774267508.979072809,0.013401747,-0.000000000,0.002079974,640,480,rgb8
194,images/000194.jpg,1774267509.025832415,1774267509.015824556,0.010007858,0.000000000,0.000000000,1774267509.019048691,0.006783724,-0.000000000,0.002403117,640,480,rgb8
195,images/000195.jpg,1774267509.059190750,1774267509.055828571,0.003362179,0.000000000,0.000000000,1774267509.059062719,0.000128031,-0.000000000,0.002670861,640,480,rgb8
196,images/000196.jpg,1774267509.125923395,1774267509.115828514,0.010094881,0.000000000,0.000000000,1774267509.119042635,0.006880760,-0.000000000,0.003280325,640,480,rgb8
197,images/000197.jpg,1774267509.159290075,1774267509.155818224,0.003471851,0.000000000,0.000000000,1774267509.159017324,0.000272751,-0.000000000,0.002142630,640,480,rgb8
198,images/000198.jpg,1774267509.192656517,1774267509.175817966,0.016838551,0.000000000,0.000000000,1774267509.179033518,0.013622999,-0.000000000,-0.000479715,640,480,rgb8
199,images/000199.jpg,1774267509.226023197,1774267509.215823174,0.010200024,0.000000000,0.000000000,1774267509.219003201,0.007019997,-0.000000000,0.000215712,640,480,rgb8
200,images/000200.jpg,1774267509.259389877,1774267509.255846977,0.003542900,0.000000000,0.000000000,1774267509.259027958,0.000361919,-0.000000000,0.000333347,640,480,rgb8
201,images/000201.jpg,1774267509.292756796,1774267509.275837183,0.016919613,0.000000000,0.000000000,1774267509.279037952,0.013718843,-0.000000000,0.001087290,640,480,rgb8
202,images/000202.jpg,1774267509.326123476,1774267509.315863371,0.010260105,0.000000000,0.000000000,1774267509.319054127,0.007069349,-0.000000000,0.001748313,640,480,rgb8
203,images/000203.jpg,1774267509.359490633,1774267509.355837345,0.003653288,0.000000000,0.000000000,1774267509.359034300,0.000456333,-0.000000000,0.003842752,640,480,rgb8
204,images/000204.jpg,1774267509.392857552,1774267509.375818014,0.017039537,0.000000000,0.000000000,1774267509.379017353,0.013840199,-0.000000000,0.003474513,640,480,rgb8
205,images/000205.jpg,1774267509.426224947,1774267509.415812492,0.010412455,0.000000000,0.000000000,1774267509.419027805,0.007197142,-0.000000000,0.007048460,640,480,rgb8
206,images/000206.jpg,1774267509.459592104,1774267509.455814838,0.003777266,0.000000000,0.000000000,1774267509.459017992,0.000574112,-0.000000000,0.005423653,640,480,rgb8
207,images/000207.jpg,1774267509.492959261,1774267509.475814104,0.017145157,0.000000000,0.000000000,1774267509.479011536,0.013947725,-0.000000000,-0.001424487,640,480,rgb8
208,images/000208.jpg,1774267509.559693813,1774267509.555820227,0.003873587,0.000000000,0.000000000,1774267509.559035778,0.000658035,-0.000000000,-0.002589702,640,480,rgb8
209,images/000209.jpg,1774267509.593061447,1774267509.575817823,0.017243624,0.000000000,0.000000000,1774267509.579016685,0.014044762,-0.000000000,-0.001565327,640,480,rgb8
210,images/000210.jpg,1774267509.626428843,1774267509.615784168,0.010644674,0.000000000,0.000000000,1774267509.619073868,0.007354975,-0.000000000,0.000290022,640,480,rgb8
211,images/000211.jpg,1774267509.659796715,1774267509.655816793,0.003979921,0.000000000,0.000000000,1774267509.659011126,0.000785589,-0.000000000,0.000903670,640,480,rgb8
212,images/000212.jpg,1774267509.693164349,1774267509.675826550,0.017337799,0.000000000,0.000000000,1774267509.679080009,0.014084339,-0.000000000,0.000892995,640,480,rgb8
213,images/000213.jpg,1774267509.726532221,1774267509.715835571,0.010696650,0.000000000,0.000000000,1774267509.719102621,0.007429600,-0.000000000,0.001199175,640,480,rgb8
214,images/000214.jpg,1774267509.759899855,1774267509.755821705,0.004078150,0.000000000,0.000000000,1774267509.759013891,0.000885963,-0.000000000,-0.001209391,640,480,rgb8
215,images/000215.jpg,1774267509.793267727,1774267509.775821447,0.017446280,0.000000000,0.000000000,1774267509.779031277,0.014236450,-0.000000000,-0.000572128,640,480,rgb8
216,images/000216.jpg,1774267509.826636076,1774267509.815813541,0.010822535,0.000000000,0.000000000,1774267509.819014072,0.007622004,-0.000000000,0.000217271,640,480,rgb8
217,images/000217.jpg,1774267509.860003948,1774267509.855812073,0.004191875,0.000000000,0.000000000,1774267509.859022141,0.000981808,-0.000000000,0.001372040,640,480,rgb8
218,images/000218.jpg,1774267509.893372059,1774267509.875815868,0.017556190,0.000000000,0.000000000,1774267509.879019976,0.014352083,-0.000000000,0.002874929,640,480,rgb8
219,images/000219.jpg,1774267509.926740170,1774267509.915810585,0.010929585,0.000000000,0.000000000,1774267509.919017315,0.007722855,-0.000000000,0.003093025,640,480,rgb8
220,images/000220.jpg,1774267509.960108757,1774267509.955815077,0.004293680,0.000000000,0.000000000,1774267509.959022045,0.001086712,-0.000000000,0.002556203,640,480,rgb8
221,images/000221.jpg,1774267509.993477106,1774267509.975814104,0.017663002,0.000000000,0.000000000,1774267509.979025364,0.014451742,-0.000000000,0.002764415,640,480,rgb8
222,images/000222.jpg,1774267510.026845455,1774267510.015829086,0.011016369,0.000000000,0.000000000,1774267510.019011259,0.007834196,-0.000000000,0.002346997,640,480,rgb8
223,images/000223.jpg,1774267510.060213804,1774267510.055809021,0.004404783,0.000000000,0.000000000,1774267510.059028149,0.001185656,-0.000000000,0.002223010,640,480,rgb8
224,images/000224.jpg,1774267510.093573093,1774267510.075841188,0.017731905,0.000000000,0.000000000,1774267510.079050541,0.014522552,-0.000000000,0.001363244,640,480,rgb8
225,images/000225.jpg,1774267510.126932144,1774267510.115819454,0.011112690,0.000000000,0.000000000,1774267510.119041681,0.007890463,-0.000000000,0.002108136,640,480,rgb8
226,images/000226.jpg,1774267510.160291195,1774267510.155817747,0.004473448,0.000000000,0.000000000,1774267510.159049988,0.001241207,-0.000000000,0.002294155,640,480,rgb8
227,images/000227.jpg,1774267510.193640947,1774267510.175822496,0.017818451,0.000000000,0.000000000,1774267510.179075003,0.014565945,-0.000000000,0.003405802,640,480,rgb8
228,images/000228.jpg,1774267510.226990223,1774267510.215820074,0.011170149,0.000000000,0.000000000,1774267510.219209194,0.007781029,-0.000000000,0.019161976,640,480,rgb8
229,images/000229.jpg,1774267510.260339499,1774267510.255814075,0.004525423,0.000000000,0.000000000,1774267510.259009123,0.001330376,-0.000000000,0.013354078,640,480,rgb8
230,images/000230.jpg,1774267510.293689013,1774267510.275819302,0.017869711,0.000000000,0.000000000,1774267510.279016495,0.014672518,-0.000000000,0.010976689,640,480,rgb8
231,images/000231.jpg,1774267510.327038288,1774267510.315809727,0.011228561,0.000000000,0.000000000,1774267510.319039822,0.007998466,-0.000000000,0.005553813,640,480,rgb8
232,images/000232.jpg,1774267510.360387564,1774267510.355811834,0.004575729,0.000000000,0.000000000,1774267510.359002352,0.001385212,-0.000000000,0.004282152,640,480,rgb8
233,images/000233.jpg,1774267510.393736601,1774267510.375813484,0.017923117,0.000000000,0.000000000,1774267510.379007339,0.014729261,-0.000000000,0.001673670,640,480,rgb8
234,images/000234.jpg,1774267510.427085638,1774267510.415789127,0.011296511,0.000000000,0.000000000,1774267510.419006109,0.008079529,-0.000000000,0.001645550,640,480,rgb8
235,images/000235.jpg,1774267510.460434914,1774267510.455810308,0.004624605,0.000000000,0.000000000,1774267510.459782600,0.000652313,-0.000000000,0.001746916,640,480,rgb8
236,images/000236.jpg,1774267510.493783712,1774267510.475813627,0.017970085,0.000000000,0.000000000,1774267510.479016542,0.014767170,-0.000000000,-0.003693009,640,480,rgb8
237,images/000237.jpg,1774267510.527132511,1774267510.515811205,0.011321306,0.000000000,0.000000000,1774267510.519011259,0.008121252,-0.000000000,-0.001623027,640,480,rgb8
238,images/000238.jpg,1774267510.560481310,1774267510.555771828,0.004709482,0.000000000,0.000000000,1774267510.559005022,0.001476288,-0.000000000,-0.002713477,640,480,rgb8
239,images/000239.jpg,1774267510.593829870,1774267510.575809956,0.018019915,0.000000000,0.000000000,1774267510.579089165,0.014740705,-0.000000000,-0.003899694,640,480,rgb8
240,images/000240.jpg,1774267510.660526991,1774267510.655810833,0.004716158,0.000000000,0.000000000,1774267510.659017801,0.001509190,-0.000000000,-0.000468168,640,480,rgb8
241,images/000241.jpg,1774267510.693875790,1774267510.675813675,0.018062115,0.000000000,0.000000000,1774267510.679337740,0.014538050,-0.000000000,-0.000505964,640,480,rgb8
242,images/000242.jpg,1774267510.727224112,1774267510.715812206,0.011411905,0.000000000,0.000000000,1774267510.719009876,0.008214235,-0.000000000,0.005433650,640,480,rgb8
243,images/000243.jpg,1774267510.760572195,1774267510.755795240,0.004776955,0.000000000,0.000000000,1774267510.759006023,0.001566172,-0.000000000,0.006795402,640,480,rgb8
244,images/000244.jpg,1774267510.793920755,1774267510.775811434,0.018109322,0.000000000,0.000000000,1774267510.779015303,0.014905453,-0.000000000,0.006921409,640,480,rgb8
245,images/000245.jpg,1774267510.827268839,1774267510.815811396,0.011457443,0.000000000,0.000000000,1774267510.819003105,0.008265734,-0.000000000,0.003057564,640,480,rgb8
246,images/000246.jpg,1774267510.860616922,1774267510.855809450,0.004807472,0.000000000,0.000000000,1774267510.859000683,0.001616240,-0.000000000,0.002299085,640,480,rgb8
247,images/000247.jpg,1774267510.893965006,1774267510.875812292,0.018152714,0.000000000,0.000000000,1774267510.879052877,0.014912128,-0.000000000,0.003621814,640,480,rgb8
248,images/000248.jpg,1774267510.927313089,1774267510.915812492,0.011500597,0.000000000,0.000000000,1774267510.919135332,0.008177757,-0.000000000,-0.001005247,640,480,rgb8
249,images/000249.jpg,1774267510.960660934,1774267510.955811739,0.004849195,0.000000000,0.000000000,1774267510.958981276,0.001679659,-0.000000000,0.001581075,640,480,rgb8
250,images/000250.jpg,1774267510.994008780,1774267510.975812674,0.018196106,0.000000000,0.000000000,1774267510.979005098,0.015003681,-0.000000000,0.001695025,640,480,rgb8
251,images/000251.jpg,1774267511.027356386,1774267511.015814304,0.011542082,0.000000000,0.000000000,1774267511.019004583,0.008351803,-0.000000000,0.002858013,640,480,rgb8
252,images/000252.jpg,1774267511.060704231,1774267511.055814743,0.004889488,0.000000000,0.000000000,1774267511.059002161,0.001702070,-0.000000000,0.002857203,640,480,rgb8
253,images/000253.jpg,1774267511.094052076,1774267511.075814009,0.018238068,0.000000000,0.000000000,1774267511.079190969,0.014861107,-0.000000000,0.002857203,640,480,rgb8
254,images/000254.jpg,1774267511.127399445,1774267511.115814209,0.011585236,0.000000000,0.000000000,1774267511.119001865,0.008397579,-0.000000000,0.004111442,640,480,rgb8
255,images/000255.jpg,1774267511.160747051,1774267511.155809641,0.004937410,0.000000000,0.000000000,1774267511.159002066,0.001744986,-0.000000000,0.006792931,640,480,rgb8
256,images/000256.jpg,1774267511.194105148,1774267511.175811291,0.018293858,0.000000000,0.000000000,1774267511.179069757,0.015035391,-0.000000000,0.004536848,640,480,rgb8
257,images/000257.jpg,1774267511.227463484,1774267511.215814352,0.011649132,0.000000000,0.000000000,1774267511.219014645,0.008448839,-0.000000000,0.003739190,640,480,rgb8
258,images/000258.jpg,1774267511.327759743,1774267511.315813065,0.011946678,0.000000000,0.000000000,1774267511.319018126,0.008741617,-0.000000000,0.005054255,640,480,rgb8
259,images/000259.jpg,1774267511.361192703,1774267511.355815649,0.005377054,0.000000000,0.000000000,1774267511.359034538,0.002158165,-0.000000000,0.003402430,640,480,rgb8
260,images/000260.jpg,1774267511.394626141,1774267511.375812292,0.018813848,0.000000000,0.000000000,1774267511.379014492,0.015611649,-0.000000000,0.000855033,640,480,rgb8
261,images/000261.jpg,1774267511.428060293,1774267511.415817499,0.012242794,0.000000000,0.000000000,1774267511.419036388,0.009023905,-0.000000000,-0.000578820,640,480,rgb8
262,images/000262.jpg,1774267511.461494684,1774267511.455819368,0.005675316,0.000000000,0.000000000,1774267511.459052801,0.002441883,-0.000000000,0.003408603,640,480,rgb8
263,images/000263.jpg,1774267511.494929790,1774267511.475815058,0.019114733,0.000000000,0.000000000,1774267511.479014635,0.015915155,-0.000000000,-0.001799880,640,480,rgb8
264,images/000264.jpg,1774267511.528364897,1774267511.515813828,0.012551069,0.000000000,0.000000000,1774267511.519009590,0.009355307,-0.000000000,0.001113499,640,480,rgb8
265,images/000265.jpg,1774267511.561800957,1774267511.555810928,0.005990028,0.000000000,0.000000000,1774267511.559002161,0.002798796,-0.000000000,0.001863736,640,480,rgb8
266,images/000266.jpg,1774267511.595237255,1774267511.575813293,0.019423962,0.000000000,0.000000000,1774267511.579016685,0.016220570,-0.000000000,0.000678689,640,480,rgb8
267,images/000267.jpg,1774267511.628674030,1774267511.615812540,0.012861490,0.000000000,0.000000000,1774267511.619011641,0.009662390,-0.000000000,0.000315414,640,480,rgb8
268,images/000268.jpg,1774267511.662111282,1774267511.655810118,0.006301165,0.000000000,0.000000000,1774267511.659001589,0.003109694,-0.000000000,-0.003024264,640,480,rgb8
269,images/000269.jpg,1774267511.695549011,1774267511.675812244,0.019736767,0.000000000,0.000000000,1774267511.679011822,0.016537189,-0.000000000,-0.001173127,640,480,rgb8
270,images/000270.jpg,1774267511.795865297,1774267511.795810699,0.000054598,0.000000000,0.000000000,1774267511.780830860,0.015034437,-0.000000000,-0.001018346,640,480,rgb8
271,images/000271.jpg,1774267511.829304934,1774267511.815814495,0.013490438,0.000000000,0.000000000,1774267511.819013596,0.010291338,-0.000000000,0.001083945,640,480,rgb8
272,images/000272.jpg,1774267511.862744808,1774267511.855813742,0.006931067,0.000000000,0.000000000,1774267511.859003067,0.003741741,-0.000000000,0.003438957,640,480,rgb8
273,images/000273.jpg,1774267511.896185637,1774267511.895810127,0.000375509,0.000000000,0.000000000,1774267511.879009962,0.017175674,-0.000000000,0.003832322,640,480,rgb8
274,images/000274.jpg,1774267511.929626703,1774267511.915813923,0.013812780,0.000000000,0.000000000,1774267511.919127941,0.010498762,-0.000000000,0.002800430,640,480,rgb8
275,images/000275.jpg,1774267511.963068008,1774267511.955811501,0.007256508,0.000000000,0.000000000,1774267511.959002256,0.004065752,-0.000000000,0.006469916,640,480,rgb8
276,images/000276.jpg,1774267511.996510029,1774267511.995807171,0.000702858,0.000000000,0.000000000,1774267511.979017735,0.017492294,-0.000000000,0.005577575,640,480,rgb8
277,images/000277.jpg,1774267512.029952526,1774267512.015816212,0.014136314,0.000000000,0.000000000,1774267512.019050598,0.010901928,-0.000000000,0.004649430,640,480,rgb8
278,images/000278.jpg,1774267512.063395500,1774267512.055814981,0.007580519,0.000000000,0.000000000,1774267512.059005499,0.004390001,-0.000000000,0.002666085,640,480,rgb8
279,images/000279.jpg,1774267512.096838951,1774267512.095810652,0.001028299,0.000000000,0.000000000,1774267512.079008102,0.017830849,-0.000000000,0.003590414,640,480,rgb8
280,images/000280.jpg,1774267512.130282640,1774267512.115810633,0.014472008,0.000000000,0.000000000,1774267512.119009495,0.011273146,-0.000000000,0.004543236,640,480,rgb8
281,images/000281.jpg,1774267512.163727045,1774267512.155811548,0.007915497,0.000000000,0.000000000,1774267512.159001350,0.004725695,-0.000000000,0.001859626,640,480,rgb8
282,images/000282.jpg,1774267512.197171926,1774267512.195810080,0.001361847,0.000000000,0.000000000,1774267512.179009676,0.018162251,-0.000000000,0.003357556,640,480,rgb8
283,images/000283.jpg,1774267512.230615139,1774267512.215811253,0.014803886,0.000000000,0.000000000,1774267512.219007015,0.011608124,-0.000000000,0.000367518,640,480,rgb8
284,images/000284.jpg,1774267512.263980389,1774267512.255812407,0.008167982,0.000000000,0.000000000,1774267512.259005308,0.004975080,-0.000000000,0.001934190,640,480,rgb8
285,images/000285.jpg,1774267512.297345638,1774267512.295810699,0.001534939,0.000000000,0.000000000,1774267512.279007196,0.018338442,-0.000000000,0.004252955,640,480,rgb8
286,images/000286.jpg,1774267512.330710649,1774267512.315813303,0.014897346,0.000000000,0.000000000,1774267512.319007874,0.011702776,-0.000000000,0.004825845,640,480,rgb8
287,images/000287.jpg,1774267512.364075899,1774267512.355816841,0.008259058,0.000000000,0.000000000,1774267512.359056473,0.005019426,-0.000000000,0.004584316,640,480,rgb8
288,images/000288.jpg,1774267512.464252710,1774267512.455815792,0.008436918,0.000000000,0.000000000,1774267512.459047079,0.005205631,-0.000000000,0.002830958,640,480,rgb8
289,images/000289.jpg,1774267512.497645378,1774267512.495813370,0.001832008,0.000000000,0.000000000,1774267512.483138561,0.014506817,-0.000000000,0.005809191,640,480,rgb8
290,images/000290.jpg,1774267512.531038046,1774267512.515812159,0.015225887,0.000000000,0.000000000,1774267512.519019127,0.012018919,-0.000000000,0.005394575,640,480,rgb8
291,images/000291.jpg,1774267512.564431190,1774267512.555811882,0.008619308,0.000000000,0.000000000,1774267512.559005022,0.005426168,-0.000000000,0.000426259,640,480,rgb8
292,images/000292.jpg,1774267512.597824574,1774267512.595810652,0.002013922,0.000000000,0.000000000,1774267512.579466105,0.018358469,-0.000000000,0.000102863,640,480,rgb8
293,images/000293.jpg,1774267512.631217718,1774267512.615811110,0.015406609,0.000000000,0.000000000,1774267512.619018793,0.012198925,-0.000000000,0.002352107,640,480,rgb8
294,images/000294.jpg,1774267512.664611578,1774267512.655810118,0.008801460,0.000000000,0.000000000,1774267512.659000874,0.005610704,-0.000000000,0.001238867,640,480,rgb8
295,images/000295.jpg,1774267512.698005438,1774267512.695812702,0.002192736,0.000000000,0.000000000,1774267512.679017067,0.018988371,-0.000000000,0.001238867,640,480,rgb8
296,images/000296.jpg,1774267512.731399298,1774267512.715812445,0.015586853,0.000000000,0.000000000,1774267512.719012976,0.012386322,-0.000000000,0.001142236,640,480,rgb8
297,images/000297.jpg,1774267512.764793634,1774267512.755811691,0.008981943,0.000000000,0.000000000,1774267512.759006739,0.005786896,-0.000000000,0.000229112,640,480,rgb8
298,images/000298.jpg,1774267512.798188210,1774267512.795807838,0.002380371,0.000000000,0.000000000,1774267512.779012680,0.019175529,-0.000000000,0.001753587,640,480,rgb8
299,images/000299.jpg,1774267512.831582785,1774267512.815813780,0.015769005,0.000000000,0.000000000,1774267512.819010258,0.012572527,-0.000000000,0.002059406,640,480,rgb8
300,images/000300.jpg,1774267512.864977598,1774267512.855809689,0.009167910,0.000000000,0.000000000,1774267512.859004974,0.005972624,-0.000000000,0.002890156,640,480,rgb8
301,images/000301.jpg,1774267512.898372889,1774267512.895812511,0.002560377,0.000000000,0.000000000,1774267512.879092932,0.019279957,-0.000000000,-0.000172917,640,480,rgb8
302,images/000302.jpg,1774267512.931768179,1774267512.915813684,0.015954494,0.000000000,0.000000000,1774267512.919722080,0.012046099,-0.000000000,-0.002257725,640,480,rgb8
303,images/000303.jpg,1774267512.965163231,1774267512.955812693,0.009350538,0.000000000,0.000000000,1774267512.959010124,0.006153107,-0.000000000,0.000564220,640,480,rgb8
304,images/000304.jpg,1774267512.998558998,1774267512.995806456,0.002752542,0.000000000,0.000000000,1774267512.979025126,0.019533873,-0.000000000,0.004784024,640,480,rgb8
305,images/000305.jpg,1774267513.031955004,1774267513.015809774,0.016145229,0.000000000,0.000000000,1774267513.019014835,0.012940168,-0.000000000,0.001421601,640,480,rgb8
306,images/000306.jpg,1774267513.065351009,1774267513.055808306,0.009542704,0.000000000,0.000000000,1774267513.059028387,0.006322622,-0.000000000,0.002426944,640,480,rgb8
307,images/000307.jpg,1774267513.098747253,1774267513.095805883,0.002941370,0.000000000,0.000000000,1774267513.079010487,0.019736767,-0.000000000,0.001491017,640,480,rgb8
308,images/000308.jpg,1774267513.132143736,1774267513.115811348,0.016332388,0.000000000,0.000000000,1774267513.120482206,0.011661530,-0.000000000,0.004888798,640,480,rgb8
309,images/000309.jpg,1774267513.165540457,1774267513.155808449,0.009732008,0.000000000,0.000000000,1774267513.159007788,0.006532669,-0.000000000,0.003767859,640,480,rgb8
310,images/000310.jpg,1774267513.198937178,1774267513.195809126,0.003128052,0.000000000,0.000000000,1774267513.179017544,0.019919634,-0.000000000,0.003259095,640,480,rgb8
311,images/000311.jpg,1774267513.232334375,1774267513.215808153,0.016526222,0.000000000,0.000000000,1774267513.219012260,0.013322115,-0.000000000,0.001163704,640,480,rgb8
312,images/000312.jpg,1774267513.265731573,1774267513.255808353,0.009923220,0.000000000,0.000000000,1774267513.259005785,0.006725788,-0.000000000,0.003095254,640,480,rgb8
313,images/000313.jpg,1774267513.299129248,1774267513.295808077,0.003321171,0.000000000,0.000000000,1774267513.299012184,0.000117064,-0.000000000,0.000481650,640,480,rgb8
314,images/000314.jpg,1774267513.332526922,1774267513.315807104,0.016719818,0.000000000,0.000000000,1774267513.319009542,0.013517380,-0.000000000,0.002092014,640,480,rgb8
315,images/000315.jpg,1774267513.365924120,1774267513.355808735,0.010115385,0.000000000,0.000000000,1774267513.359005451,0.006918669,-0.000000000,0.001591576,640,480,rgb8
316,images/000316.jpg,1774267513.399292231,1774267513.395809174,0.003483057,0.000000000,0.000000000,1774267513.399014235,0.000277996,-0.000000000,0.002292261,640,480,rgb8
317,images/000317.jpg,1774267513.432660341,1774267513.415807724,0.016852617,0.000000000,0.000000000,1774267513.419011354,0.013648987,-0.000000000,0.002081685,640,480,rgb8
318,images/000318.jpg,1774267513.466028452,1774267513.455809116,0.010219336,0.000000000,0.000000000,1774267513.459003210,0.007025242,-0.000000000,0.001233876,640,480,rgb8
319,images/000319.jpg,1774267513.499396801,1774267513.495809555,0.003587246,0.000000000,0.000000000,1774267513.499009609,0.000387192,-0.000000000,0.002641111,640,480,rgb8
320,images/000320.jpg,1774267513.566249132,1774267513.555814505,0.010434628,0.000000000,0.000000000,1774267513.559517622,0.006731510,-0.000000000,0.003096280,640,480,rgb8
321,images/000321.jpg,1774267513.599675894,1774267513.595813990,0.003861904,0.000000000,0.000000000,1774267513.579428196,0.020247698,-0.000000000,0.003728050,640,480,rgb8
322,images/000322.jpg,1774267513.633103132,1774267513.615812063,0.017291069,0.000000000,0.000000000,1774267513.619070530,0.014032602,-0.000000000,0.003269119,640,480,rgb8
323,images/000323.jpg,1774267513.666530371,1774267513.655808210,0.010722160,0.000000000,0.000000000,1774267513.659152031,0.007378340,-0.000000000,0.004950714,640,480,rgb8
324,images/000324.jpg,1774267513.699958324,1774267513.695808172,0.004150152,0.000000000,0.000000000,1774267513.699403048,0.000555277,-0.000000000,0.002149854,640,480,rgb8
325,images/000325.jpg,1774267513.733386278,1774267513.715809822,0.017576456,0.000000000,0.000000000,1774267513.719019175,0.014367104,-0.000000000,0.000670362,640,480,rgb8
326,images/000326.jpg,1774267513.766814709,1774267513.755810261,0.011004448,0.000000000,0.000000000,1774267513.759006262,0.007808447,-0.000000000,0.001566543,640,480,rgb8
327,images/000327.jpg,1774267513.800243616,1774267513.795814037,0.004429579,0.000000000,0.000000000,1774267513.799076319,0.001167297,-0.000000000,0.001456273,640,480,rgb8
328,images/000328.jpg,1774267513.833672762,1774267513.815810442,0.017862320,0.000000000,0.000000000,1774267513.819443941,0.014228821,-0.000000000,0.002423390,640,480,rgb8
329,images/000329.jpg,1774267513.867102385,1774267513.855812311,0.011290073,0.000000000,0.000000000,1774267513.859006166,0.008096218,-0.000000000,0.001735808,640,480,rgb8
330,images/000330.jpg,1774267513.900532246,1774267513.895807028,0.004725218,0.000000000,0.000000000,1774267513.899920940,0.000611305,-0.000000000,0.004193623,640,480,rgb8
331,images/000331.jpg,1774267513.933962345,1774267513.915809631,0.018152714,0.000000000,0.000000000,1774267513.919014454,0.014947891,-0.000000000,0.003861789,640,480,rgb8
332,images/000332.jpg,1774267514.034255266,1774267514.015810966,0.018444300,0.000000000,0.000000000,1774267514.023957491,0.010297775,-0.000000000,0.002219001,640,480,rgb8
333,images/000333.jpg,1774267514.067687035,1774267514.055809498,0.011877537,0.000000000,0.000000000,1774267514.059041977,0.008645058,-0.000000000,0.001118475,640,480,rgb8
334,images/000334.jpg,1774267514.101118803,1774267514.095807791,0.005311012,0.000000000,0.000000000,1774267514.101081610,0.000037193,-0.000000000,0.002829798,640,480,rgb8
335,images/000335.jpg,1774267514.134551287,1774267514.115809917,0.018741369,0.000000000,0.000000000,1774267514.119009733,0.015541553,-0.000000000,0.002223276,640,480,rgb8
336,images/000336.jpg,1774267514.167983770,1774267514.155807972,0.012175798,0.000000000,0.000000000,1774267514.159005880,0.008977890,-0.000000000,0.001331119,640,480,rgb8
337,images/000337.jpg,1774267514.201416969,1774267514.195806980,0.005609989,0.000000000,0.000000000,1774267514.199817657,0.001599312,-0.000000000,0.001151277,640,480,rgb8
338,images/000338.jpg,1774267514.234850407,1774267514.215808630,0.019041777,0.000000000,0.000000000,1774267514.219007969,0.015842438,-0.000000000,0.000576652,640,480,rgb8
339,images/000339.jpg,1774267514.268284082,1774267514.255812883,0.012471199,0.000000000,0.000000000,1774267514.259056330,0.009227753,-0.000000000,0.000547249,640,480,rgb8
340,images/000340.jpg,1774267514.301718235,1774267514.295810223,0.005908012,0.000000000,0.000000000,1774267514.299914837,0.001803398,-0.000000000,0.002093668,640,480,rgb8
341,images/000341.jpg,1774267514.335152626,1774267514.315805197,0.019347429,0.000000000,0.000000000,1774267514.319010258,0.016142368,-0.000000000,0.000009738,640,480,rgb8
342,images/000342.jpg,1774267514.368587494,1774267514.355807543,0.012779951,0.000000000,0.000000000,1774267514.359004259,0.009583235,-0.000000000,0.000218692,640,480,rgb8
343,images/000343.jpg,1774267514.402022362,1774267514.395804882,0.006217480,0.000000000,0.000000000,1774267514.400164843,0.001857519,-0.000000000,0.004186210,640,480,rgb8
344,images/000344.jpg,1774267514.435457945,1774267514.415807962,0.019649982,0.000000000,0.000000000,1774267514.419007063,0.016450882,-0.000000000,0.004188589,640,480,rgb8
345,images/000345.jpg,1774267514.468893766,1774267514.455809355,0.013084412,0.000000000,0.000000000,1774267514.459004641,0.009889126,-0.000000000,0.003205585,640,480,rgb8
346,images/000346.jpg,1774267514.502328634,1774267514.495806456,0.006522179,0.000000000,0.000000000,1774267514.499005795,0.003322840,-0.000000000,0.003793382,640,480,rgb8
347,images/000347.jpg,1774267514.535701990,1774267514.515805244,0.019896746,0.000000000,0.000000000,1774267514.519001961,0.016700029,-0.000000000,0.002522752,640,480,rgb8
348,images/000348.jpg,1774267514.569075346,1774267514.555808306,0.013267040,0.000000000,0.000000000,1774267514.559003353,0.010071993,-0.000000000,0.002774627,640,480,rgb8
349,images/000349.jpg,1774267514.602448702,1774267514.595940113,0.006508589,0.000000000,0.000000000,1774267514.600174189,0.002274513,-0.000000000,0.002602401,640,480,rgb8
350,images/000350.jpg,1774267514.702671051,1774267514.698161602,0.004509449,0.000000000,0.000000000,1774267514.679081440,0.023589611,-0.000000000,0.000555456,640,480,rgb8
351,images/000351.jpg,1774267514.736079216,1774267514.717120647,0.018958569,0.000000000,0.000000000,1774267514.722849846,0.013229370,-0.000000000,0.003243730,640,480,rgb8
352,images/000352.jpg,1774267514.769487619,1774267514.756649494,0.012838125,0.000000000,0.000000000,1774267514.759011984,0.010475636,-0.000000000,0.004077052,640,480,rgb8
353,images/000353.jpg,1774267514.802896261,1774267514.795813560,0.007082701,0.000000000,0.000000000,1774267514.800309420,0.002586842,-0.000000000,0.004000535,640,480,rgb8
354,images/000354.jpg,1774267514.836304903,1774267514.835804701,0.000500202,0.000000000,0.000000000,1774267514.819006443,0.017298460,-0.000000000,0.005012047,640,480,rgb8
355,images/000355.jpg,1774267514.869714022,1774267514.855806828,0.013907194,0.000000000,0.000000000,1774267514.859008312,0.010705709,-0.000000000,0.004890412,640,480,rgb8
356,images/000356.jpg,1774267514.903123856,1774267514.895806313,0.007317543,0.000000000,0.000000000,1774267514.901280165,0.001843691,-0.000000000,0.002692126,640,480,rgb8
357,images/000357.jpg,1774267514.936533451,1774267514.935812473,0.000720978,0.000000000,0.000000000,1774267514.919147253,0.017386198,-0.000000000,0.002880449,640,480,rgb8
358,images/000358.jpg,1774267514.969943285,1774267514.955811739,0.014131546,0.000000000,0.000000000,1774267514.959009409,0.010933876,-0.000000000,-0.000352131,640,480,rgb8
359,images/000359.jpg,1774267515.003353834,1774267514.995809793,0.007544041,0.000000000,0.000000000,1774267515.001258373,0.002095461,-0.000000000,-0.000375959,640,480,rgb8
360,images/000360.jpg,1774267515.036764383,1774267515.035806894,0.000957489,0.000000000,0.000000000,1774267515.019004107,0.017760277,-0.000000000,0.000311796,640,480,rgb8
361,images/000361.jpg,1774267515.070175409,1774267515.055810452,0.014364958,0.000000000,0.000000000,1774267515.059007645,0.011167765,-0.000000000,0.000871804,640,480,rgb8
362,images/000362.jpg,1774267515.203821421,1774267515.195809364,0.008012056,0.000000000,0.000000000,1774267515.200408936,0.003412485,-0.000000000,0.001445134,640,480,rgb8
363,images/000363.jpg,1774267515.237233877,1774267515.235806704,0.001427174,0.000000000,0.000000000,1774267515.219006777,0.018227100,-0.000000000,-0.000526343,640,480,rgb8
364,images/000364.jpg,1774267515.270646572,1774267515.255806684,0.014839888,0.000000000,0.000000000,1774267515.259005547,0.011641026,-0.000000000,0.000779194,640,480,rgb8
365,images/000365.jpg,1774267515.304059267,1774267515.295805216,0.008254051,0.000000000,0.000000000,1774267515.303733110,0.000326157,-0.000000000,0.000352931,640,480,rgb8
366,images/000366.jpg,1774267515.337472677,1774267515.335807085,0.001665592,0.000000000,0.000000000,1774267515.318973780,0.018498898,-0.000000000,0.001418243,640,480,rgb8
367,images/000367.jpg,1774267515.370886087,1774267515.355806351,0.015079737,0.000000000,0.000000000,1774267515.359000921,0.011885166,-0.000000000,0.001150063,640,480,rgb8
368,images/000368.jpg,1774267515.404299736,1774267515.395809412,0.008490324,0.000000000,0.000000000,1774267515.399020672,0.005279064,-0.000000000,0.002844775,640,480,rgb8
369,images/000369.jpg,1774267515.437713861,1774267515.435807943,0.001905918,0.000000000,0.000000000,1774267515.419008970,0.018704891,-0.000000000,0.001612716,640,480,rgb8
370,images/000370.jpg,1774267515.471128225,1774267515.455790043,0.015338182,0.000000000,0.000000000,1774267515.459003210,0.012125015,-0.000000000,0.000985547,640,480,rgb8
371,images/000371.jpg,1774267515.504542828,1774267515.495805025,0.008737803,0.000000000,0.000000000,1774267515.499017477,0.005525351,-0.000000000,0.002400043,640,480,rgb8
372,images/000372.jpg,1774267515.537957430,1774267515.535804749,0.002152681,0.399982440,0.000000000,1774267515.519006491,0.018950939,-0.000000000,-0.000020428,640,480,rgb8
373,images/000373.jpg,1774267515.571372509,1774267515.555804729,0.015567780,0.405000000,0.000000000,1774267515.559003592,0.012368917,-0.000000000,0.000799394,640,480,rgb8
374,images/000374.jpg,1774267515.604787111,1774267515.595808983,0.008978128,0.405000000,0.000000000,1774267515.599015951,0.005771160,-0.000000000,0.008915508,640,480,rgb8
375,images/000375.jpg,1774267515.638164759,1774267515.635809183,0.002355576,0.405000000,0.000000000,1774267515.619013786,0.019150972,-0.000000000,0.012427113,640,480,rgb8
376,images/000376.jpg,1774267515.671542406,1774267515.655810118,0.015732288,0.405000000,0.000000000,1774267515.659003019,0.012539387,0.061811912,0.017435048,640,480,rgb8
377,images/000377.jpg,1774267515.704920053,1774267515.695804834,0.009115219,0.405000000,0.000000000,1774267515.699012518,0.005907536,0.148336815,0.001603951,640,480,rgb8
378,images/000378.jpg,1774267515.738297939,1774267515.735811234,0.002486706,0.405000000,0.000000000,1774267515.719007254,0.019290686,0.150140953,-0.000502564,640,480,rgb8
379,images/000379.jpg,1774267515.838237047,1774267515.835807562,0.002429485,0.000000000,0.000000000,1774267515.819008350,0.019228697,0.293337603,-0.011679249,640,480,rgb8
380,images/000380.jpg,1774267515.871549368,1774267515.855806589,0.015742779,0.000000000,0.000000000,1774267515.859013319,0.012536049,0.361127561,-0.012342996,640,480,rgb8
381,images/000381.jpg,1774267515.904861212,1774267515.895806789,0.009054422,0.000000000,0.000000000,1774267515.899016380,0.005844831,0.378038576,-0.000824970,640,480,rgb8
382,images/000382.jpg,1774267515.938173056,1774267515.935804844,0.002368212,0.000000000,0.000000000,1774267515.920629740,0.017543316,0.382604991,-0.000824970,640,480,rgb8
383,images/000383.jpg,1774267515.971484423,1774267515.955805302,0.015679121,0.000000000,0.000000000,1774267515.959015369,0.012469053,0.323948035,-0.009903157,640,480,rgb8
384,images/000384.jpg,1774267516.004795551,1774267515.995805502,0.008990049,0.000000000,0.000000000,1774267515.999023199,0.005772352,0.244903434,-0.006658126,640,480,rgb8
385,images/000385.jpg,1774267516.038106203,1774267516.035804987,0.002301216,0.399992680,0.000000000,1774267516.019017935,0.019088268,0.116793122,0.008866247,640,480,rgb8
386,images/000386.jpg,1774267516.071416616,1774267516.055808544,0.015608072,0.405000000,0.000000000,1774267516.059015989,0.012400627,0.066664702,0.017894658,640,480,rgb8
387,images/000387.jpg,1774267516.104726553,1774267516.095804930,0.008921623,0.405000000,0.000000000,1774267516.101360798,0.003365755,0.035470698,0.000243785,640,480,rgb8
388,images/000388.jpg,1774267516.138036489,1774267516.135807037,0.002229452,0.405000000,0.000000000,1774267516.119034290,0.019002199,0.035288566,0.000243785,640,480,rgb8
389,images/000389.jpg,1774267516.171345711,1774267516.155806780,0.015538931,0.405000000,0.000000000,1774267516.159011364,0.012334347,0.028214981,0.015242083,640,480,rgb8
390,images/000390.jpg,1774267516.204654694,1774267516.195805788,0.008848906,0.405000000,0.000000000,1774267516.199006319,0.005648375,0.077436387,-0.006289061,640,480,rgb8
391,images/000391.jpg,1774267516.304579735,1774267516.295815468,0.008764267,0.405000000,0.000000000,1774267516.299011707,0.005568027,0.191979432,-0.001524526,640,480,rgb8
392,images/000392.jpg,1774267516.337887526,1774267516.335812330,0.002075195,0.405000000,0.000000000,1774267516.319707155,0.018180370,0.331113469,-0.001459514,640,480,rgb8
393,images/000393.jpg,1774267516.371194839,1774267516.355809450,0.015385389,0.405000000,0.000000000,1774267516.359009981,0.012184858,0.390343395,0.000861672,640,480,rgb8
394,images/000394.jpg,1774267516.404501915,1774267516.395808458,0.008693457,0.405000000,0.000000000,1774267516.402061224,0.002440691,0.405531743,-0.015474795,640,480,rgb8
395,images/000395.jpg,1774267516.437808514,1774267516.435809374,0.001999140,0.405000000,0.000000000,1774267516.419392109,0.018416405,0.409010060,0.002488464,640,480,rgb8
396,images/000396.jpg,1774267516.471114874,1774267516.455807209,0.015307665,0.405000000,0.000000000,1774267516.459016323,0.012098551,0.418425610,0.021967154,640,480,rgb8
397,images/000397.jpg,1774267516.504420996,1774267516.495849371,0.008571625,0.405000000,0.000000000,1774267516.499040604,0.005380392,0.420264197,-0.003704336,640,480,rgb8
398,images/000398.jpg,1774267516.537726641,1774267516.535809278,0.001917362,0.405000000,0.000000000,1774267516.519021749,0.018704891,0.414761075,-0.006294641,640,480,rgb8
399,images/000399.jpg,1774267516.571032047,1774267516.555807829,0.015224218,0.405000000,0.000000000,1774267516.559004784,0.012027264,0.413414393,0.006000141,640,480,rgb8
400,images/000400.jpg,1774267516.604336977,1774267516.595809460,0.008527517,0.405000000,0.000000000,1774267516.579012871,0.025324106,0.417147774,0.002966331,640,480,rgb8
401,images/000401.jpg,1774267516.637641668,1774267516.635808229,0.001833439,0.405000000,0.000000000,1774267516.619013548,0.018628120,0.412111606,-0.005889651,640,480,rgb8
402,images/000402.jpg,1774267516.670946121,1774267516.655812025,0.015134096,0.405000000,0.000000000,1774267516.659010172,0.011935949,0.407247725,-0.010343868,640,480,rgb8
403,images/000403.jpg,1774267516.704250097,1774267516.695812225,0.008437872,0.405000000,0.000000000,1774267516.699010611,0.005239487,0.410723794,-0.007568706,640,480,rgb8
404,images/000404.jpg,1774267516.737555504,1774267516.735815287,0.001740217,0.405000000,0.000000000,1774267516.719005823,0.018549681,0.409818777,-0.009098628,640,480,rgb8
405,images/000405.jpg,1774267516.770927906,1774267516.755808830,0.015119076,0.405000000,0.000000000,1774267516.758963823,0.011964083,0.416491737,-0.004971901,640,480,rgb8
406,images/000406.jpg,1774267516.804300547,1774267516.795808554,0.008491993,0.405000000,0.000000000,1774267516.799012661,0.005287886,0.415608590,-0.001375573,640,480,rgb8
407,images/000407.jpg,1774267516.837673426,1774267516.835811377,0.001862049,0.405000000,0.000000000,1774267516.819016933,0.018656492,0.411370447,-0.000479410,640,480,rgb8
408,images/000408.jpg,1774267516.871045828,1774267516.855812311,0.015233517,0.405000000,0.000000000,1774267516.859015465,0.012030363,0.410899004,-0.001339606,640,480,rgb8
409,images/000409.jpg,1774267516.904418468,1774267516.895811081,0.008607388,0.405000000,0.000000000,1774267516.899008036,0.005410433,0.411691159,0.003777420,640,480,rgb8
410,images/000410.jpg,1774267516.937857389,1774267516.935813189,0.002044201,0.405000000,0.000000000,1774267516.919023991,0.018833399,0.414703993,0.004380559,640,480,rgb8
411,images/000411.jpg,1774267516.971296549,1774267516.955819845,0.015476704,0.405000000,0.000000000,1774267516.959036112,0.012260437,0.414369112,0.008485178,640,480,rgb8
412,images/000412.jpg,1774267517.004736185,1774267516.995808125,0.008928061,0.405000000,0.000000000,1774267516.999047518,0.005688667,0.411788374,0.010753848,640,480,rgb8
413,images/000413.jpg,1774267517.038176298,1774267517.035811186,0.002365112,0.405000000,0.000000000,1774267517.019011736,0.019164562,0.414615132,0.014748156,640,480,rgb8
414,images/000414.jpg,1774267517.071616650,1774267517.055809259,0.015807390,0.405000000,0.000000000,1774267517.059057951,0.012558699,0.413295578,0.034151603,640,480,rgb8
415,images/000415.jpg,1774267517.105057716,1774267517.095808983,0.009248734,0.405000000,0.000000000,1774267517.099007130,0.006050587,0.418782580,0.025801588,640,480,rgb8
416,images/000416.jpg,1774267517.138499022,1774267517.135808229,0.002690792,0.405000000,0.000000000,1774267517.119007349,0.019491673,0.415484135,0.020723041,640,480,rgb8
417,images/000417.jpg,1774267517.171940565,1774267517.155816078,0.016124487,0.405000000,0.000000000,1774267517.159017801,0.012922764,0.416929690,0.018537684,640,480,rgb8
418,images/000418.jpg,1774267517.205383062,1774267517.195816994,0.009566069,0.405000000,0.000000000,1774267517.199014902,0.006368160,0.416825467,0.011931872,640,480,rgb8
419,images/000419.jpg,1774267517.238825798,1774267517.235813618,0.003012180,0.405000000,0.000000000,1774267517.219004631,0.019821167,0.419384579,0.001909667,640,480,rgb8
420,images/000420.jpg,1774267517.272268772,1774267517.255812645,0.016456127,0.405000000,0.000000000,1774267517.259013891,0.013254881,0.417538954,-0.002272917,640,480,rgb8
421,images/000421.jpg,1774267517.305712223,1774267517.295810223,0.009902000,0.405000000,0.000000000,1774267517.299018860,0.006693363,0.414179948,-0.002270043,640,480,rgb8
422,images/000422.jpg,1774267517.339156151,1774267517.335816145,0.003340006,0.405000000,0.000000000,1774267517.339030981,0.000125170,0.411400049,-0.004022955,640,480,rgb8
423,images/000423.jpg,1774267517.439490795,1774267517.435809612,0.003681183,0.405000000,0.000000000,1774267517.439046144,0.000444651,0.413816047,-0.008308642,640,480,rgb8
424,images/000424.jpg,1774267517.472936392,1774267517.455813885,0.017122507,0.405000000,0.000000000,1774267517.459019899,0.013916492,0.407403066,-0.008247416,640,480,rgb8
425,images/000425.jpg,1774267517.506382465,1774267517.495808840,0.010573626,0.405000000,0.000000000,1774267517.499003649,0.007378817,0.411546746,-0.001082058,640,480,rgb8
426,images/000426.jpg,1774267517.539829016,1774267517.535813093,0.004015923,0.405000000,0.000000000,1774267517.539013624,0.000815392,0.404609542,-0.002830862,640,480,rgb8
427,images/000427.jpg,1774267517.573276043,1774267517.555808783,0.017467260,0.405000000,0.000000000,1774267517.559006691,0.014269352,0.406547345,-0.002059151,640,480,rgb8
428,images/000428.jpg,1774267517.606723309,1774267517.595816374,0.010906935,0.405000000,0.000000000,1774267517.599018335,0.007704973,0.407587667,-0.004332897,640,480,rgb8
429,images/000429.jpg,1774267517.640171289,1774267517.635808229,0.004363060,0.405000000,0.000000000,1774267517.639017582,0.001153708,0.407437256,-0.002031959,640,480,rgb8
430,images/000430.jpg,1774267517.673619747,1774267517.655808210,0.017811537,0.405000000,0.000000000,1774267517.659001827,0.014617920,0.409291628,-0.004097622,640,480,rgb8
431,images/000431.jpg,1774267517.707068443,1774267517.695818424,0.011250019,0.405000000,0.000000000,1774267517.699060202,0.008008242,0.409594451,-0.005766056,640,480,rgb8
432,images/000432.jpg,1774267517.740517378,1774267517.735814810,0.004702568,0.405000000,0.000000000,1774267517.739013672,0.001503706,0.409608849,-0.013596929,640,480,rgb8
433,images/000433.jpg,1774267517.773967028,1774267517.755811214,0.018155813,0.405000000,0.000000000,1774267517.759006262,0.014960766,0.338843785,-0.015763969,640,480,rgb8
434,images/000434.jpg,1774267517.807416916,1774267517.795814037,0.011602879,0.405000000,0.000000000,1774267517.799002647,0.008414268,0.340610483,-0.008370347,640,480,rgb8
435,images/000435.jpg,1774267517.840867519,1774267517.835813284,0.005054235,0.405000000,0.000000000,1774267517.839019775,0.001847744,0.401262519,-0.000890623,640,480,rgb8
436,images/000436.jpg,1774267517.874318361,1774267517.855813742,0.018504620,0.405000000,0.000000000,1774267517.859007597,0.015310764,0.402854164,0.000116679,640,480,rgb8
437,images/000437.jpg,1774267517.907768011,1774267517.895811319,0.011956692,0.405000000,0.000000000,1774267517.899095297,0.008672714,0.408163572,-0.001847088,640,480,rgb8
438,images/000438.jpg,1774267517.941147089,1774267517.935808659,0.005338430,0.405000000,0.000000000,1774267517.939033270,0.002113819,0.408625310,0.001724089,640,480,rgb8
439,images/000439.jpg,1774267517.974526167,1774267517.955816507,0.018709660,0.405000000,0.000000000,1774267517.959016085,0.015510082,0.410208651,0.004545779,640,480,rgb8
440,images/000440.jpg,1774267518.074785948,1774267518.063666344,0.011119604,0.405000000,0.000000000,1774267518.059063911,0.015722036,0.409968867,0.006839289,640,480,rgb8
441,images/000441.jpg,1774267518.108206272,1774267518.095858574,0.012347698,0.405000000,0.000000000,1774267518.099022865,0.009183407,0.388261068,0.004820961,640,480,rgb8
442,images/000442.jpg,1774267518.141626835,1774267518.135818481,0.005808353,0.405000000,0.000000000,1774267518.139026403,0.002600431,0.390633488,-0.003489548,640,480,rgb8
443,images/000443.jpg,1774267518.175047874,1774267518.155823946,0.019223928,0.405000000,0.000000000,1774267518.159016132,0.016031742,0.379579510,-0.006071757,640,480,rgb8
444,images/000444.jpg,1774267518.208468914,1774267518.196121216,0.012347698,0.405000000,0.000000000,1774267518.199585676,0.008883238,0.378207194,-0.003526678,640,480,rgb8
445,images/000445.jpg,1774267518.241890430,1774267518.235809565,0.006080866,0.405000000,0.000000000,1774267518.239020109,0.002870321,0.376710637,0.000948339,640,480,rgb8
446,images/000446.jpg,1774267518.275311947,1774267518.255810261,0.019501686,0.405000000,0.000000000,1774267518.259005547,0.016306400,0.377662503,-0.000010007,640,480,rgb8
447,images/000447.jpg,1774267518.308733940,1774267518.295808792,0.012925148,0.405000000,0.000000000,1774267518.299002886,0.009731054,0.330761220,0.002044074,640,480,rgb8
448,images/000448.jpg,1774267518.342155933,1774267518.336894751,0.005261183,0.405000000,0.000000000,1774267518.339220047,0.002935886,0.377423294,0.000581434,640,480,rgb8
449,images/000449.jpg,1774267518.375578403,1774267518.356745481,0.018832922,0.405000000,0.000000000,1774267518.359013081,0.016565323,0.394604020,-0.004164057,640,480,rgb8
450,images/000450.jpg,1774267518.409001112,1774267518.395816088,0.013185024,0.405000000,0.000000000,1774267518.399019003,0.009982109,0.396834816,-0.002987763,640,480,rgb8
451,images/000451.jpg,1774267518.442424059,1774267518.435813904,0.006610155,0.405000000,0.000000000,1774267518.440371990,0.002052069,0.408855824,0.000457658,640,480,rgb8
452,images/000452.jpg,1774267518.475847244,1774267518.475818872,0.000028372,0.405000000,0.000000000,1774267518.459005117,0.016842127,0.409308953,0.002850190,640,480,rgb8
453,images/000453.jpg,1774267518.576118231,1774267518.575818062,0.000300169,0.405000000,0.000000000,1774267518.559114933,0.017003298,0.410314365,0.012423368,640,480,rgb8
454,images/000454.jpg,1774267518.609542370,1774267518.595816612,0.013725758,0.405000000,0.000000000,1774267518.599011421,0.010530949,0.409132008,0.031657817,640,480,rgb8
455,images/000455.jpg,1774267518.642966747,1774267518.635808229,0.007158518,0.405000000,0.000000000,1774267518.640475512,0.002491236,0.405822022,0.023304014,640,480,rgb8
456,images/000456.jpg,1774267518.676391602,1774267518.675811291,0.000580311,0.405000000,0.000000000,1774267518.659056187,0.017335415,0.404143039,0.011951801,640,480,rgb8
457,images/000457.jpg,1774267518.709816456,1774267518.695809126,0.014007330,0.405000000,0.000000000,1774267518.699015141,0.010801315,0.406179451,0.008777243,640,480,rgb8
458,images/000458.jpg,1774267518.743241787,1774267518.735808372,0.007433414,0.405000000,0.000000000,1774267518.740117550,0.003124237,0.403673893,-0.007464949,640,480,rgb8
459,images/000459.jpg,1774267518.776666880,1774267518.775810957,0.000855923,0.405000000,0.000000000,1774267518.759008169,0.017658710,0.404559920,-0.012209694,640,480,rgb8
460,images/000460.jpg,1774267518.810092688,1774267518.795811892,0.014280796,0.405000000,0.000000000,1774267518.799022436,0.011070251,0.407109395,-0.010500872,640,480,rgb8
461,images/000461.jpg,1774267518.843518734,1774267518.835815430,0.007703304,0.405000000,0.000000000,1774267518.839930773,0.003587961,0.343874248,-0.008010202,640,480,rgb8
462,images/000462.jpg,1774267518.876945019,1774267518.875813007,0.001132011,0.405000000,0.000000000,1774267518.858996391,0.017948627,0.344042540,-0.009306090,640,480,rgb8
463,images/000463.jpg,1774267518.910371304,1774267518.895813704,0.014557600,0.405000000,0.000000000,1774267518.899004698,0.011366606,0.384865819,-0.002717020,640,480,rgb8
464,images/000464.jpg,1774267518.943798065,1774267518.935815811,0.007982254,0.405000000,0.000000000,1774267518.939035892,0.004762173,0.400943543,-0.002018232,640,480,rgb8
465,images/000465.jpg,1774267518.977224112,1774267518.975808620,0.001415491,0.405000000,0.000000000,1774267518.959009409,0.018214703,0.401783083,-0.003401757,640,480,rgb8
466,images/000466.jpg,1774267519.010607004,1774267518.996024847,0.014582157,0.405000000,0.000000000,1774267518.999001741,0.011605263,0.409083036,0.000544973,640,480,rgb8
467,images/000467.jpg,1774267519.043989897,1774267519.035805941,0.008183956,0.405000000,0.000000000,1774267519.039039612,0.004950285,0.430626364,-0.004018449,640,480,rgb8
468,images/000468.jpg,1774267519.077372789,1774267519.075816631,0.001556158,0.405000000,0.000000000,1774267519.059041977,0.018330812,0.431771107,-0.008575680,640,480,rgb8
469,images/000469.jpg,1774267519.110755920,1774267519.095820427,0.014935493,0.405000000,0.000000000,1774267519.099021673,0.011734247,0.418230516,-0.007702338,640,480,rgb8
470,images/000470.jpg,1774267519.177353859,1774267519.175820112,0.001533747,0.405000000,0.000000000,1774267519.159517527,0.017836332,0.412383738,-0.006171249,640,480,rgb8
471,images/000471.jpg,1774267519.210652113,1774267519.195814371,0.014837742,0.405000000,0.000000000,1774267519.199037790,0.011614323,0.409806215,-0.006761661,640,480,rgb8
472,images/000472.jpg,1774267519.243949890,1774267519.235813856,0.008136034,0.405000000,0.000000000,1774267519.239016294,0.004933596,0.409413034,-0.012314155,640,480,rgb8
473,images/000473.jpg,1774267519.277247667,1774267519.275842667,0.001405001,0.405000000,0.000000000,1774267519.259036779,0.018210888,0.409276772,-0.010350612,640,480,rgb8
474,images/000474.jpg,1774267519.310544491,1774267519.295823336,0.014721155,0.405000000,0.000000000,1774267519.299057484,0.011487007,0.410798805,-0.001937943,640,480,rgb8
475,images/000475.jpg,1774267519.343841076,1774267519.335827827,0.008013248,0.405000000,0.000000000,1774267519.339061260,0.004779816,0.384315235,0.003907483,640,480,rgb8
476,images/000476.jpg,1774267519.377137184,1774267519.375834703,0.001302481,0.405000000,0.000000000,1774267519.359061241,0.018075943,0.384737715,0.001576077,640,480,rgb8
477,images/000477.jpg,1774267519.410432816,1774267519.395833015,0.014599800,0.405000000,0.000000000,1774267519.399040699,0.011392117,0.400471682,0.009621386,640,480,rgb8
478,images/000478.jpg,1774267519.443727970,1774267519.435817719,0.007910252,0.405000000,0.000000000,1774267519.439102173,0.004625797,0.341044088,0.008545384,640,480,rgb8
479,images/000479.jpg,1774267519.477022648,1774267519.475818396,0.001204252,0.405000000,0.000000000,1774267519.459041595,0.017981052,0.340910434,0.008448388,640,480,rgb8
480,images/000480.jpg,1774267519.510317087,1774267519.495810509,0.014506578,0.405000000,0.000000000,1774267519.499074221,0.011242867,0.382884733,0.008552656,640,480,rgb8
481,images/000481.jpg,1774267519.543610811,1774267519.535823822,0.007786989,0.405000000,0.000000000,1774267519.539032698,0.004578114,0.400029058,0.005880323,640,480,rgb8
482,images/000482.jpg,1774267519.576904297,1774267519.575826406,0.001077890,0.405000000,0.000000000,1774267519.559037209,0.017867088,0.400600395,0.002764105,640,480,rgb8
483,images/000483.jpg,1774267519.610197306,1774267519.595817089,0.014380217,0.405000000,0.000000000,1774267519.599025726,0.011171579,0.407250909,0.004188695,640,480,rgb8
484,images/000484.jpg,1774267519.676781893,1774267519.675832510,0.000949383,0.405000000,0.000000000,1774267519.659068346,0.017713547,0.462342674,0.006923703,640,480,rgb8
485,images/000485.jpg,1774267519.710073709,1774267519.695832729,0.014240980,0.405000000,0.000000000,1774267519.699029207,0.011044502,0.426327442,0.006536569,640,480,rgb8
486,images/000486.jpg,1774267519.743364811,1774267519.735819101,0.007545710,0.405000000,0.000000000,1774267519.739040852,0.004323959,0.409252969,0.002819460,640,480,rgb8
487,images/000487.jpg,1774267519.776655436,1774267519.775819063,0.000836372,0.405000000,0.000000000,1774267519.759041786,0.017613649,0.407577723,0.001394701,640,480,rgb8
488,images/000488.jpg,1774267519.809945822,1774267519.795828819,0.014117002,0.405000000,0.000000000,1774267519.799041510,0.010904312,0.406609505,-0.002832138,640,480,rgb8
489,images/000489.jpg,1774267519.843235731,1774267519.835835695,0.007400036,0.405000000,0.000000000,1774267519.839045763,0.004189968,0.407672806,-0.000776452,640,480,rgb8
490,images/000490.jpg,1774267519.876525164,1774267519.875826836,0.000698328,0.405000000,0.000000000,1774267519.859086752,0.017438412,0.407951473,-0.002180534,640,480,rgb8
491,images/000491.jpg,1774267519.909814119,1774267519.895818472,0.013995647,0.405000000,0.000000000,1774267519.899042606,0.010771513,0.406740019,-0.004856393,640,480,rgb8
492,images/000492.jpg,1774267519.943102598,1774267519.935771465,0.007331133,0.405000000,0.000000000,1774267519.939048529,0.004054070,0.406266113,0.000664627,640,480,rgb8
493,images/000493.jpg,1774267519.976390600,1774267519.975817442,0.000573158,0.405000000,0.000000000,1774267519.959020615,0.017369986,0.406748452,0.006146653,640,480,rgb8
494,images/000494.jpg,1774267520.009678125,1774267519.995820522,0.013857603,0.405000000,0.000000000,1774267519.999039650,0.010638475,0.406700682,0.009932641,640,480,rgb8
495,images/000495.jpg,1774267520.042965651,1774267520.035821915,0.007143736,0.405000000,0.000000000,1774267520.039072514,0.003893137,0.407481028,0.003653048,640,480,rgb8
496,images/000496.jpg,1774267520.076252222,1774267520.075835228,0.000416994,0.405000000,0.000000000,1774267520.059043407,0.017208815,0.407949214,0.004279988,640,480,rgb8
497,images/000497.jpg,1774267520.109540462,1774267520.095816135,0.013724327,0.405000000,0.000000000,1774267520.099042416,0.010498047,0.406112896,0.021658002,640,480,rgb8
498,images/000498.jpg,1774267520.142916918,1774267520.135826588,0.007090330,0.405000000,0.000000000,1774267520.139046431,0.003870487,0.406901672,0.031406454,640,480,rgb8
499,images/000499.jpg,1774267520.176293135,1774267520.175837278,0.000455856,0.405000000,0.000000000,1774267520.159050226,0.017242908,0.407335915,0.026910123,640,480,rgb8
500,images/000500.jpg,1774267520.209669352,1774267520.195838451,0.013830900,0.405000000,0.000000000,1774267520.199079990,0.010589361,0.405657075,0.020713284,640,480,rgb8
501,images/000501.jpg,1774267520.309565783,1774267520.295827150,0.013738632,0.405000000,0.000000000,1774267520.299020290,0.010545492,0.404864216,0.010245616,640,480,rgb8
502,images/000502.jpg,1774267520.342863798,1774267520.335814714,0.007049084,0.405000000,0.000000000,1774267520.339077473,0.003786325,0.406005009,0.012805594,640,480,rgb8
503,images/000503.jpg,1774267520.376161098,1774267520.375838757,0.000322342,0.405000000,0.000000000,1774267520.359054089,0.017107010,0.406379238,0.006404492,640,480,rgb8
504,images/000504.jpg,1774267520.409458160,1774267520.395819664,0.013638496,0.405000000,0.000000000,1774267520.399042606,0.010415554,0.405856678,-0.002845788,640,480,rgb8
505,images/000505.jpg,1774267520.442754984,1774267520.435825348,0.006929636,0.405000000,0.000000000,1774267520.439256668,0.003498316,0.406579445,-0.007781082,640,480,rgb8
506,images/000506.jpg,1774267520.476051092,1774267520.475828171,0.000222921,0.405000000,0.000000000,1774267520.459073782,0.016977310,0.407400444,-0.015263988,640,480,rgb8
507,images/000507.jpg,1774267520.509346724,1774267520.495831251,0.013515472,0.405000000,0.000000000,1774267520.499060392,0.010286331,0.405787105,-0.014354208,640,480,rgb8
508,images/000508.jpg,1774267520.542642117,1774267520.535814524,0.006827593,0.405000000,0.000000000,1774267520.539021015,0.003621101,0.405153359,-0.006922544,640,480,rgb8
509,images/000509.jpg,1774267520.575937033,1774267520.575815201,0.000121832,0.405000000,0.000000000,1774267520.559024096,0.016912937,0.405474101,-0.005350516,640,480,rgb8
510,images/000510.jpg,1774267520.609231472,1774267520.595814228,0.013417244,0.405000000,0.000000000,1774267520.599023104,0.010208368,0.404629485,-0.010866728,640,480,rgb8
511,images/000511.jpg,1774267520.642525434,1774267520.635814667,0.006710768,0.405000000,0.000000000,1774267520.639065981,0.003459454,0.404135330,-0.004794765,640,480,rgb8
512,images/000512.jpg,1774267520.675818920,1774267520.675811052,0.000007868,0.405000000,0.000000000,1774267520.659038305,0.016780615,0.403730687,-0.005666706,640,480,rgb8
513,images/000513.jpg,1774267520.709112167,1774267520.695814848,0.013297319,0.405000000,0.000000000,1774267520.699513674,0.009598494,0.404298361,0.000005880,640,480,rgb8
514,images/000514.jpg,1774267520.775696993,1774267520.755793810,0.019903183,0.405000000,0.000000000,1774267520.759460211,0.016236782,0.406732931,-0.006373423,640,480,rgb8
515,images/000515.jpg,1774267520.808988810,1774267520.795818090,0.013170719,0.405000000,0.000000000,1774267520.799026012,0.009962797,0.407076292,-0.011271763,640,480,rgb8
516,images/000516.jpg,1774267520.842280388,1774267520.835838318,0.006442070,0.405000000,0.000000000,1774267520.839038372,0.003242016,0.407200356,-0.003672882,640,480,rgb8
517,images/000517.jpg,1774267520.875571251,1774267520.855815649,0.019755602,0.405000000,0.000000000,1774267520.859044075,0.016527176,0.407491581,0.001412688,640,480,rgb8
518,images/000518.jpg,1774267520.908861876,1774267520.895819902,0.013041973,0.405000000,0.000000000,1774267520.899052143,0.009809732,0.409225043,0.003264783,640,480,rgb8
519,images/000519.jpg,1774267520.942151785,1774267520.935839415,0.006312370,0.405000000,0.000000000,1774267520.939081430,0.003070354,0.409231554,0.003150571,640,480,rgb8
520,images/000520.jpg,1774267520.975441456,1774267520.955916405,0.019525051,0.405000000,0.000000000,1774267520.959063292,0.016378164,0.408879501,0.002403158,640,480,rgb8
521,images/000521.jpg,1774267521.008730650,1774267520.995825529,0.012905121,0.405000000,0.000000000,1774267520.999073505,0.009657145,0.409458631,0.006216975,640,480,rgb8
522,images/000522.jpg,1774267521.042019606,1774267521.035825968,0.006193638,0.405000000,0.000000000,1774267521.039046049,0.002973557,0.408941310,0.009097385,640,480,rgb8
523,images/000523.jpg,1774267521.075307846,1774267521.055815458,0.019492388,0.405000000,0.000000000,1774267521.059056282,0.016251564,0.408469028,0.009700558,640,480,rgb8
524,images/000524.jpg,1774267521.108595610,1774267521.095824957,0.012770653,0.405000000,0.000000000,1774267521.099035978,0.009559631,0.375618419,0.008270055,640,480,rgb8
525,images/000525.jpg,1774267521.141883373,1774267521.135823727,0.006059647,0.405000000,0.000000000,1774267521.139079094,0.002804279,0.375350517,0.006580991,640,480,rgb8
526,images/000526.jpg,1774267521.175170183,1774267521.155828714,0.019341469,0.405000000,0.000000000,1774267521.159034729,0.016135454,0.399563664,0.006671910,640,480,rgb8
527,images/000527.jpg,1774267521.208458662,1774267521.195827961,0.012630701,0.405000000,0.000000000,1774267521.199061632,0.009397030,0.402574327,0.002902772,640,480,rgb8
528,images/000528.jpg,1774267521.241828680,1774267521.235821009,0.006007671,0.405000000,0.000000000,1774267521.239032030,0.002796650,0.404922066,-0.000189103,640,480,rgb8
529,images/000529.jpg,1774267521.275198221,1774267521.255828381,0.019369841,0.405000000,0.000000000,1774267521.259057999,0.016140223,0.405142559,0.000673672,640,480,rgb8
530,images/000530.jpg,1774267521.308567762,1774267521.295826912,0.012740850,0.405000000,0.000000000,1774267521.299064159,0.009503603,0.405301831,0.004093016,640,480,rgb8
531,images/000531.jpg,1774267521.375245333,1774267521.355835199,0.019410133,0.405000000,0.000000000,1774267521.359066486,0.016178846,0.407101236,0.002995955,640,480,rgb8
532,images/000532.jpg,1774267521.408583641,1774267521.395839453,0.012744188,0.405000000,0.000000000,1774267521.399074316,0.009509325,0.407994308,0.004319845,640,480,rgb8
533,images/000533.jpg,1774267521.441922188,1774267521.435809374,0.006112814,0.405000000,0.000000000,1774267521.439065218,0.002856970,0.407030618,0.008820833,640,480,rgb8
534,images/000534.jpg,1774267521.475260019,1774267521.455810070,0.019449949,0.405000000,0.000000000,1774267521.459060907,0.016199112,0.407249295,0.007456737,640,480,rgb8
535,images/000535.jpg,1774267521.508598089,1774267521.495841503,0.012756586,0.405000000,0.000000000,1774267521.499003887,0.009594202,0.407094724,0.005300847,640,480,rgb8
536,images/000536.jpg,1774267521.541935682,1774267521.535816193,0.006119490,0.405000000,0.000000000,1774267521.539019585,0.002916098,0.407502105,0.005006653,640,480,rgb8
537,images/000537.jpg,1774267521.575273514,1774267521.555824995,0.019448519,0.405000000,0.000000000,1774267521.559162855,0.016110659,0.407715097,0.006427283,640,480,rgb8
538,images/000538.jpg,1774267521.608610868,1774267521.595819950,0.012790918,0.405000000,0.000000000,1774267521.599030018,0.009580851,0.405873205,0.014384138,640,480,rgb8
539,images/000539.jpg,1774267521.641948223,1774267521.635816813,0.006131411,0.405000000,0.000000000,1774267521.639037609,0.002910614,0.406751668,0.034626286,640,480,rgb8
540,images/000540.jpg,1774267521.675285339,1774267521.655812025,0.019473314,0.405000000,0.000000000,1774267521.659032106,0.016253233,0.406942025,0.030779550,640,480,rgb8
541,images/000541.jpg,1774267521.708622217,1774267521.695811987,0.012810230,0.405000000,0.000000000,1774267521.699034929,0.009587288,0.407268197,0.018578441,640,480,rgb8
542,images/000542.jpg,1774267521.741959095,1774267521.735811472,0.006147623,0.405000000,0.000000000,1774267521.739044428,0.002914667,0.405632357,0.016972438,640,480,rgb8
543,images/000543.jpg,1774267521.775295734,1774267521.755818605,0.019477129,0.405000000,0.000000000,1774267521.759036779,0.016258955,0.405797530,0.015150045,640,480,rgb8
544,images/000544.jpg,1774267521.808632135,1774267521.795836449,0.012795687,0.405000000,0.000000000,1774267521.799047470,0.009584665,0.405107278,-0.002413567,640,480,rgb8
545,images/000545.jpg,1774267521.841968536,1774267521.835775375,0.006193161,0.405000000,0.000000000,1774267521.839077950,0.002890587,0.406023761,-0.004127124,640,480,rgb8
546,images/000546.jpg,1774267521.875304699,1774267521.855817556,0.019487143,0.405000000,0.000000000,1774267521.859033585,0.016271114,0.405293253,-0.002168053,640,480,rgb8
547,images/000547.jpg,1774267521.908640623,1774267521.895811796,0.012828827,0.405000000,0.000000000,1774267521.899013996,0.009626627,0.405591949,0.001085122,640,480,rgb8
548,images/000548.jpg,1774267521.941976309,1774267521.935830116,0.006146193,0.405000000,0.000000000,1774267521.939024687,0.002951622,0.356054242,-0.003520423,640,480,rgb8
549,images/000549.jpg,1774267521.975311995,1774267521.955847740,0.019464254,0.405000000,0.000000000,1774267521.959039450,0.016272545,0.355586167,0.000437071,640,480,rgb8
550,images/000550.jpg,1774267522.008647442,1774267521.995819330,0.012828112,0.405000000,0.000000000,1774267521.999070644,0.009576797,0.387716841,-0.000263541,640,480,rgb8
551,images/000551.jpg,1774267522.041982889,1774267522.035815954,0.006166935,0.405000000,0.000000000,1774267522.039116144,0.002866745,0.398434954,-0.002576513,640,480,rgb8
552,images/000552.jpg,1774267522.075318098,1774267522.055850029,0.019468069,0.405000000,0.000000000,1774267522.059074402,0.016243696,0.398502935,-0.005844550,640,480,rgb8
553,images/000553.jpg,1774267522.108653069,1774267522.095827579,0.012825489,0.405000000,0.000000000,1774267522.099068403,0.009584665,0.401764774,-0.004647039,640,480,rgb8
554,images/000554.jpg,1774267522.141987801,1774267522.135809422,0.006178379,0.405000000,0.000000000,1774267522.139054298,0.002933502,0.403716938,-0.010383426,640,480,rgb8
555,images/000555.jpg,1774267522.175322533,1774267522.155821800,0.019500732,0.405000000,0.000000000,1774267522.159024715,0.016297817,0.403843480,-0.012163712,640,480,rgb8
556,images/000556.jpg,1774267522.208657026,1774267522.195803642,0.012853384,0.405000000,0.000000000,1774267522.199041367,0.009615660,0.414410766,-0.005956889,640,480,rgb8
557,images/000557.jpg,1774267522.241991282,1774267522.235823631,0.006167650,0.405000000,0.000000000,1774267522.239053488,0.002937794,0.408126843,0.001173981,640,480,rgb8
558,images/000558.jpg,1774267522.275325537,1774267522.255821228,0.019504309,0.405000000,0.000000000,1774267522.259053707,0.016271830,0.408286804,0.001768242,640,480,rgb8
559,images/000559.jpg,1774267522.308660507,1774267522.295817375,0.012843132,0.405000000,0.000000000,1774267522.299064875,0.009595633,0.407710051,-0.004106949,640,480,rgb8
560,images/000560.jpg,1774267522.342027664,1774267522.335827827,0.006199837,0.405000000,0.000000000,1774267522.339064837,0.002962828,0.406793504,-0.002310974,640,480,rgb8
561,images/000561.jpg,1774267522.375394821,1774267522.355833292,0.019561529,0.405000000,0.000000000,1774267522.359045267,0.016349554,0.406927647,0.001858700,640,480,rgb8
562,images/000562.jpg,1774267522.408761978,1774267522.395817518,0.012944460,0.405000000,0.000000000,1774267522.399106741,0.009655237,0.406715076,0.010254183,640,480,rgb8
563,images/000563.jpg,1774267522.475353241,1774267522.455822229,0.019531012,0.405000000,0.000000000,1774267522.459112167,0.016241074,0.408304340,0.002026838,640,480,rgb8
564,images/000564.jpg,1774267522.508648157,1774267522.495820284,0.012827873,0.405000000,0.000000000,1774267522.499033451,0.009614706,0.417645572,0.007054473,640,480,rgb8
565,images/000565.jpg,1774267522.541942596,1774267522.535829544,0.006113052,0.000000000,0.810000000,1774267522.539064169,0.002878428,0.418135186,0.010791061,640,480,rgb8
566,images/000566.jpg,1774267522.575236559,1774267522.555838346,0.019398212,0.000000000,0.810000000,1774267522.559060097,0.016176462,0.347548427,0.013713725,640,480,rgb8
567,images/000567.jpg,1774267522.608530045,1774267522.595833302,0.012696743,0.000000000,0.810000000,1774267522.599049807,0.009480238,0.385330645,0.007613203,640,480,rgb8
568,images/000568.jpg,1774267522.641823053,1774267522.636072874,0.005750179,0.000000000,0.810000000,1774267522.639069319,0.002753735,0.375903240,0.124097868,640,480,rgb8
569,images/000569.jpg,1774267522.675115585,1774267522.655823231,0.019292355,0.395006980,0.316241275,1774267522.659035683,0.016079903,0.375647124,0.254024863,640,480,rgb8
570,images/000570.jpg,1774267522.708407402,1774267522.695826054,0.012581348,0.405000000,0.000000000,1774267522.699056864,0.009350538,0.318262483,0.371835260,640,480,rgb8
571,images/000571.jpg,1774267522.741699219,1774267522.735820770,0.005878448,0.405000000,0.000000000,1774267522.739053726,0.002645493,0.214929682,0.490254681,640,480,rgb8
572,images/000572.jpg,1774267522.774990320,1774267522.755815268,0.019175053,0.405000000,0.000000000,1774267522.759042501,0.015947819,0.181265782,0.511202015,640,480,rgb8
573,images/000573.jpg,1774267522.808280706,1774267522.795816660,0.012464046,0.405000000,0.000000000,1774267522.799044132,0.009236574,0.176131377,0.470494207,640,480,rgb8
574,images/000574.jpg,1774267522.841570854,1774267522.835817337,0.005753517,0.405000000,0.000000000,1774267522.839042425,0.002528429,0.165974952,0.326987631,640,480,rgb8
575,images/000575.jpg,1774267522.874860525,1774267522.855818748,0.019041777,0.405000000,0.000000000,1774267522.859040499,0.015820026,0.164771998,0.257742986,640,480,rgb8
576,images/000576.jpg,1774267522.974726677,1774267522.955860376,0.018866301,0.000000000,0.000000000,1774267522.959867477,0.014859200,0.285803611,0.028314070,640,480,rgb8
577,images/000577.jpg,1774267523.008014202,1774267522.995821953,0.012192249,0.000000000,0.000000000,1774267522.999026060,0.008988142,0.337341510,0.032932111,640,480,rgb8
578,images/000578.jpg,1774267523.041301489,1774267523.035829067,0.005472422,0.000000000,0.000000000,1774267523.039059877,0.002241611,0.338174232,0.027429771,640,480,rgb8
579,images/000579.jpg,1774267523.074588060,1774267523.055832624,0.018755436,0.000000000,0.000000000,1774267523.059041262,0.015546799,0.337824087,0.013723375,640,480,rgb8
580,images/000580.jpg,1774267523.107874393,1774267523.095817566,0.012056828,0.000000000,0.000000000,1774267523.099045038,0.008829355,0.185770118,-0.002782281,640,480,rgb8
581,images/000581.jpg,1774267523.141160250,1774267523.135832548,0.005327702,0.000000000,0.000000000,1774267523.139046669,0.002113581,0.147288634,0.008437319,640,480,rgb8
582,images/000582.jpg,1774267523.174445629,1774267523.155822515,0.018623114,0.399770560,0.000000000,1774267523.159059763,0.015385866,0.144666784,0.051132795,640,480,rgb8
583,images/000583.jpg,1774267523.207730532,1774267523.195826292,0.011904240,0.405000000,0.000000000,1774267523.199101210,0.008629322,0.064974877,0.010005248,640,480,rgb8
584,images/000584.jpg,1774267523.241014957,1774267523.235796928,0.005218029,0.405000000,0.000000000,1774267523.239048719,0.001966238,0.022175652,-0.012591341,640,480,rgb8
585,images/000585.jpg,1774267523.274298668,1774267523.255825520,0.018473148,0.405000000,0.000000000,1774267523.259022951,0.015275717,0.050214373,-0.006614058,640,480,rgb8
586,images/000586.jpg,1774267523.307582140,1774267523.295820475,0.011761665,0.405000000,0.000000000,1774267523.299016476,0.008565664,0.043089451,-0.009251711,640,480,rgb8
587,images/000587.jpg,1774267523.340864897,1774267523.335812092,0.005052805,0.405000000,0.000000000,1774267523.339013577,0.001851320,0.123395058,-0.006457627,640,480,rgb8
588,images/000588.jpg,1774267523.374147415,1774267523.355815649,0.018331766,0.405000000,0.000000000,1774267523.359016418,0.015130997,0.157288964,-0.006136719,640,480,rgb8
589,images/000589.jpg,1774267523.407431126,1774267523.395815372,0.011615753,0.405000000,0.000000000,1774267523.399008751,0.008422375,0.305805275,-0.016019456,640,480,rgb8
590,images/000590.jpg,1774267523.440791368,1774267523.435816050,0.004975319,0.405000000,0.000000000,1774267523.439010143,0.001781225,0.305405482,-0.002318182,640,480,rgb8
591,images/000591.jpg,1774267523.474151373,1774267523.455814362,0.018337011,0.405000000,0.000000000,1774267523.459013700,0.015137672,0.381318069,0.010686554,640,480,rgb8
592,images/000592.jpg,1774267523.507511377,1774267523.495829344,0.011682034,0.405000000,0.000000000,1774267523.499034166,0.008477211,0.396330126,-0.012242922,640,480,rgb8
593,images/000593.jpg,1774267523.574146986,1774267523.555824280,0.018322706,0.405000000,0.000000000,1774267523.558999062,0.015147924,0.406831847,0.049184326,640,480,rgb8
594,images/000594.jpg,1774267523.607464314,1774267523.596169233,0.011295080,0.405000000,0.000000000,1774267523.599031448,0.008432865,0.410941156,0.047100835,640,480,rgb8
595,images/000595.jpg,1774267523.640781403,1774267523.635821342,0.004960060,0.405000000,0.000000000,1774267523.639054060,0.001727343,0.411971182,0.003513136,640,480,rgb8
596,images/000596.jpg,1774267523.674098492,1774267523.655830383,0.018268108,0.405000000,0.000000000,1774267523.659044981,0.015053511,0.411327504,0.006029859,640,480,rgb8
597,images/000597.jpg,1774267523.707414865,1774267523.695829630,0.011585236,0.405000000,0.000000000,1774267523.699047804,0.008367062,0.413298532,0.012028975,640,480,rgb8
598,images/000598.jpg,1774267523.740731239,1774267523.735825539,0.004905701,0.405000000,0.000000000,1774267523.739052534,0.001678705,0.408108645,-0.000149832,640,480,rgb8
599,images/000599.jpg,1774267523.774047136,1774267523.755834818,0.018212318,0.405000000,0.000000000,1774267523.759037018,0.015010118,0.405131561,-0.007902420,640,480,rgb8
600,images/000600.jpg,1774267523.807363033,1774267523.795809507,0.011553526,0.405000000,0.000000000,1774267523.799030781,0.008332253,0.406415540,-0.026724745,640,480,rgb8
601,images/000601.jpg,1774267523.840678453,1774267523.835834742,0.004843712,0.405000000,0.000000000,1774267523.839059591,0.001618862,0.406597728,-0.022683157,640,480,rgb8
602,images/000602.jpg,1774267523.873993635,1774267523.855817080,0.018176556,0.405000000,0.000000000,1774267523.859010696,0.014982939,0.407424957,-0.011989383,640,480,rgb8
603,images/000603.jpg,1774267523.907308578,1774267523.895814419,0.011494160,0.405000000,0.000000000,1774267523.899017811,0.008290768,0.407636952,-0.004097520,640,480,rgb8
604,images/000604.jpg,1774267523.940623283,1774267523.935822964,0.004800320,0.405000000,0.000000000,1774267523.939039946,0.001583338,0.342662218,-0.000491119,640,480,rgb8
605,images/000605.jpg,1774267523.973937750,1774267523.955826283,0.018111467,0.405000000,0.000000000,1774267523.959045887,0.014891863,0.383230174,-0.001508618,640,480,rgb8
606,images/000606.jpg,1774267524.007251740,1774267523.995829105,0.011422634,0.405000000,0.000000000,1774267523.999050140,0.008201599,0.384239835,0.009365960,640,480,rgb8
607,images/000607.jpg,1774267524.073879242,1774267524.055829287,0.018049955,0.405000000,0.000000000,1774267524.059037209,0.014842033,0.417901184,0.010910517,640,480,rgb8
608,images/000608.jpg,1774267524.107192278,1774267524.095833540,0.011358738,0.405000000,0.000000000,1774267524.099021912,0.008170366,0.413427484,-0.011082373,640,480,rgb8
609,images/000609.jpg,1774267524.140505552,1774267524.135824442,0.004681110,0.405000000,0.000000000,1774267524.139030218,0.001475334,0.409536377,-0.023569762,640,480,rgb8
610,images/000610.jpg,1774267524.173818350,1774267524.155829191,0.017989159,0.405000000,0.000000000,1774267524.159066200,0.014752150,0.410261284,-0.025586918,640,480,rgb8
611,images/000611.jpg,1774267524.207130909,1774267524.195831060,0.011299849,0.405000000,0.000000000,1774267524.199034929,0.008095980,0.408519666,-0.005288652,640,480,rgb8
612,images/000612.jpg,1774267524.240443230,1774267524.235837460,0.004605770,0.405000000,0.000000000,1774267524.239038467,0.001404762,0.342700229,0.004541564,640,480,rgb8
613,images/000613.jpg,1774267524.273754835,1774267524.255845547,0.017909288,0.405000000,0.000000000,1774267524.259071589,0.014683247,0.384653632,0.002970013,640,480,rgb8
614,images/000614.jpg,1774267524.307066679,1774267524.295833111,0.011233568,0.405000000,0.000000000,1774267524.299050570,0.008016109,0.403526405,0.001010718,640,480,rgb8
615,images/000615.jpg,1774267524.340378046,1774267524.335832596,0.004545450,0.405000000,0.000000000,1774267524.339032888,0.001345158,0.404745889,0.003559038,640,480,rgb8
616,images/000616.jpg,1774267524.373689175,1774267524.355820894,0.017868280,0.405000000,0.000000000,1774267524.359023809,0.014665365,0.408724477,0.003882129,640,480,rgb8
617,images/000617.jpg,1774267524.407000065,1774267524.395777941,0.011222124,0.405000000,0.000000000,1774267524.399008274,0.007991791,0.410430894,0.002952416,640,480,rgb8
618,images/000618.jpg,1774267524.440310478,1774267524.435825348,0.004485130,0.405000000,0.000000000,1774267524.439006329,0.001304150,0.408748518,0.002244911,640,480,rgb8
619,images/000619.jpg,1774267524.473620892,1774267524.455835104,0.017785788,0.405000000,0.000000000,1774267524.459009171,0.014611721,0.409368334,0.006412471,640,480,rgb8
620,images/000620.jpg,1774267524.506932020,1774267524.495831490,0.011100531,0.405000000,0.000000000,1774267524.499014378,0.007917643,0.408470012,0.008039061,640,480,rgb8
621,images/000621.jpg,1774267524.540287971,1774267524.535812616,0.004475355,0.405000000,0.000000000,1774267524.539011478,0.001276493,0.408095159,0.005227465,640,480,rgb8
622,images/000622.jpg,1774267524.573644161,1774267524.555832148,0.017812014,0.405000000,0.000000000,1774267524.559036016,0.014608145,0.408421396,0.002560863,640,480,rgb8
623,images/000623.jpg,1774267524.607000351,1774267524.595939875,0.011060476,0.000000000,-0.810000000,1774267524.599063635,0.007936716,0.409566604,-0.001462940,640,480,rgb8
624,images/000624.jpg,1774267524.706997633,1774267524.695831060,0.011166573,0.405000000,0.000000000,1774267524.699007511,0.007990122,0.372246962,-0.134010252,640,480,rgb8
625,images/000625.jpg,1774267524.740329504,1774267524.735819101,0.004510403,0.405000000,0.000000000,1774267524.739043236,0.001286268,0.313438455,-0.199082528,640,480,rgb8
626,images/000626.jpg,1774267524.773661375,1774267524.755818605,0.017842770,0.405000000,0.000000000,1774267524.759069443,0.014591932,0.312805140,-0.307383910,640,480,rgb8
627,images/000627.jpg,1774267524.806993246,1774267524.795826912,0.011166334,0.405000000,0.000000000,1774267524.799053907,0.007939339,0.261587945,-0.333356057,640,480,rgb8
628,images/000628.jpg,1774267524.840324402,1774267524.835837126,0.004487276,0.405000000,0.000000000,1774267524.839064837,0.001259565,0.242022816,-0.158952654,640,480,rgb8
629,images/000629.jpg,1774267524.873655796,1774267524.855845213,0.017810583,0.405000000,0.000000000,1774267524.859041929,0.014613867,0.230633587,-0.083509623,640,480,rgb8
630,images/000630.jpg,1774267524.906986713,1774267524.895830154,0.011156559,0.405000000,0.000000000,1774267524.899067879,0.007918835,0.227511837,-0.079381619,640,480,rgb8
631,images/000631.jpg,1774267524.940317631,1774267524.935820818,0.004496813,0.000000000,0.000000000,1774267524.939025402,0.001292229,0.257921016,-0.066750646,640,480,rgb8
632,images/000632.jpg,1774267524.973648310,1774267524.955829382,0.017818928,0.000000000,0.000000000,1774267524.959041834,0.014606476,0.350410538,-0.059295869,640,480,rgb8
633,images/000633.jpg,1774267525.006978750,1774267524.995824099,0.011154652,0.000000000,0.000000000,1774267524.999038458,0.007940292,0.367573629,-0.014564689,640,480,rgb8
634,images/000634.jpg,1774267525.040308952,1774267525.035824776,0.004484177,0.000000000,0.000000000,1774267525.039047956,0.001260996,0.343041716,0.044590377,640,480,rgb8
635,images/000635.jpg,1774267525.073638916,1774267525.055823326,0.017815590,0.000000000,0.000000000,1774267525.059040546,0.014598370,0.342934717,0.051461806,640,480,rgb8
636,images/000636.jpg,1774267525.106968641,1774267525.095990896,0.010977745,0.000000000,0.000000000,1774267525.099014044,0.007954597,0.270294752,0.031768336,640,480,rgb8
637,images/000637.jpg,1774267525.173627615,1774267525.155819416,0.017808199,0.000000000,0.000000000,1774267525.159033775,0.014593840,0.110438857,-0.008039064,640,480,rgb8
638,images/000638.jpg,1774267525.206956863,1774267525.195810795,0.011146069,0.405000000,0.000000000,1774267525.199075460,0.007881403,0.104649587,0.053007718,640,480,rgb8
639,images/000639.jpg,1774267525.240285873,1774267525.235815763,0.004470110,0.405000000,0.000000000,1774267525.239017725,0.001268148,0.023762722,-0.012687106,640,480,rgb8
640,images/000640.jpg,1774267525.273614645,1774267525.255827665,0.017786980,0.405000000,0.000000000,1774267525.259032249,0.014582396,0.019956752,-0.030102324,640,480,rgb8
641,images/000641.jpg,1774267525.306943417,1774267525.295834303,0.011109114,0.405000000,0.000000000,1774267525.299031019,0.007912397,0.029957871,-0.020279216,640,480,rgb8
642,images/000642.jpg,1774267525.340271711,1774267525.335822821,0.004448891,0.405000000,0.000000000,1774267525.339046001,0.001225710,0.100643665,-0.017291900,640,480,rgb8
643,images/000643.jpg,1774267525.373599768,1774267525.355828524,0.017771244,0.405000000,0.000000000,1774267525.359061480,0.014538288,0.098004741,-0.015881469,640,480,rgb8
644,images/000644.jpg,1774267525.406927824,1774267525.395827770,0.011100054,0.405000000,0.000000000,1774267525.399030447,0.007897377,0.130226633,-0.013049923,640,480,rgb8
645,images/000645.jpg,1774267525.440255642,1774267525.435818195,0.004437447,0.405000000,0.000000000,1774267525.439051390,0.001204252,0.206767252,0.004751214,640,480,rgb8
646,images/000646.jpg,1774267525.473583221,1774267525.455813885,0.017769337,0.405000000,0.000000000,1774267525.459005356,0.014577866,0.205556005,0.026363890,640,480,rgb8
647,images/000647.jpg,1774267525.506910563,1774267525.495815277,0.011095285,0.405000000,0.000000000,1774267525.499007225,0.007903337,0.331578644,0.009890518,640,480,rgb8
648,images/000648.jpg,1774267525.540237904,1774267525.535813570,0.004424334,0.405000000,0.000000000,1774267525.539009094,0.001228809,0.403741212,0.007234083,640,480,rgb8
649,images/000649.jpg,1774267525.573564768,1774267525.555810213,0.017754555,0.405000000,0.000000000,1774267525.559010267,0.014554501,0.404927199,0.009067450,640,480,rgb8
650,images/000650.jpg,1774267525.606892109,1774267525.595811367,0.011080742,0.405000000,0.000000000,1774267525.599021435,0.007870674,0.411044508,0.000431592,640,480,rgb8
651,images/000651.jpg,1774267525.640245199,1774267525.635830879,0.004414320,0.405000000,0.000000000,1774267525.639010191,0.001235008,0.410849306,0.001463405,640,480,rgb8
652,images/000652.jpg,1774267525.673597813,1774267525.655806303,0.017791510,0.405000000,0.000000000,1774267525.659059048,0.014538765,0.412051487,0.004550238,640,480,rgb8
653,images/000653.jpg,1774267525.706950903,1774267525.695827007,0.011123896,0.405000000,0.000000000,1774267525.699065447,0.007885456,0.411941010,0.003509813,640,480,rgb8
654,images/000654.jpg,1774267525.740303993,1774267525.735821724,0.004482269,0.405000000,0.000000000,1774267525.739078999,0.001224995,0.408738306,-0.004056313,640,480,rgb8
655,images/000655.jpg,1774267525.806895256,1774267525.795820475,0.011074781,0.405000000,0.000000000,1774267525.799085379,0.007809877,0.410697441,-0.002643635,640,480,rgb8
656,images/000656.jpg,1774267525.840189934,1774267525.835815907,0.004374027,0.405000000,0.000000000,1774267525.839018345,0.001171589,0.408355080,0.002665933,640,480,rgb8
657,images/000657.jpg,1774267525.873484373,1774267525.855821133,0.017663240,0.405000000,0.000000000,1774267525.859046936,0.014437437,0.409388469,0.000514446,640,480,rgb8
658,images/000658.jpg,1774267525.906778336,1774267525.895824432,0.010953903,0.405000000,0.000000000,1774267525.899073839,0.007704496,0.410396950,-0.012185765,640,480,rgb8
659,images/000659.jpg,1774267525.940071583,1774267525.935829639,0.004241943,0.405000000,0.000000000,1774267525.939064980,0.001006603,0.408545853,-0.009931874,640,480,rgb8
660,images/000660.jpg,1774267525.973364592,1774267525.955832958,0.017531633,0.405000000,0.000000000,1774267525.959040642,0.014323950,0.409516562,-0.010552336,640,480,rgb8
661,images/000661.jpg,1774267526.006656647,1774267525.995842457,0.010814190,0.405000000,0.000000000,1774267525.999514341,0.007142305,0.406538544,-0.008635258,640,480,rgb8
662,images/000662.jpg,1774267526.039948702,1774267526.035828590,0.004120111,0.405000000,0.000000000,1774267526.039071083,0.000877619,0.408342312,-0.007153616,640,480,rgb8
663,images/000663.jpg,1774267526.073240042,1774267526.055836916,0.017403126,0.405000000,0.000000000,1774267526.059173584,0.014066458,0.408243400,-0.006794932,640,480,rgb8
664,images/000664.jpg,1774267526.106530905,1774267526.095830202,0.010700703,0.405000000,0.000000000,1774267526.099048615,0.007482290,0.407786396,-0.000884306,640,480,rgb8
665,images/000665.jpg,1774267526.139821291,1774267526.135832787,0.003988504,0.405000000,0.000000000,1774267526.139034510,0.000786781,0.407909096,0.000555415,640,480,rgb8
666,images/000666.jpg,1774267526.173111200,1774267526.155835629,0.017275572,0.405000000,0.000000000,1774267526.159055710,0.014055490,0.408762474,0.001303941,640,480,rgb8
667,images/000667.jpg,1774267526.206400394,1774267526.195818424,0.010581970,0.000000000,0.000000000,1774267526.199083567,0.007316828,0.409582769,0.001235423,640,480,rgb8
668,images/000668.jpg,1774267526.272977829,1774267526.255816698,0.017161131,0.000000000,0.000000000,1774267526.259099483,0.013878345,0.401494745,0.006574289,640,480,rgb8
669,images/000669.jpg,1774267526.306265593,1774267526.295825481,0.010440111,0.000000000,0.000000000,1774267526.299061060,0.007204533,0.402919636,0.025271918,640,480,rgb8
670,images/000670.jpg,1774267526.339552879,1774267526.335814714,0.003738165,0.000000000,0.000000000,1774267526.339025974,0.000526905,0.359347657,0.020512638,640,480,rgb8
671,images/000671.jpg,1774267526.372839928,1774267526.355828047,0.017011881,0.000000000,0.000000000,1774267526.359040260,0.013799667,0.282681075,0.015854028,640,480,rgb8
672,images/000672.jpg,1774267526.406126261,1774267526.395815611,0.010310650,0.000000000,0.000000000,1774267526.399026155,0.007100105,0.191157924,-0.001180268,640,480,rgb8
673,images/000673.jpg,1774267526.439412117,1774267526.435821533,0.003590584,0.000000000,0.000000000,1774267526.439041853,0.000370264,0.090888618,0.032749653,640,480,rgb8
674,images/000674.jpg,1774267526.472697496,1774267526.455815792,0.016881704,0.000000000,0.000000000,1774267526.459070444,0.013627052,0.087843489,0.047870639,640,480,rgb8
675,images/000675.jpg,1774267526.505982161,1774267526.495843410,0.010138750,0.000000000,0.000000000,1774267526.499042988,0.006939173,0.021673211,0.006342316,640,480,rgb8
676,images/000676.jpg,1774267526.539266586,1774267526.535811424,0.003455162,0.000000000,0.000000000,1774267526.539047003,0.000219584,0.006774848,-0.002037174,640,480,rgb8
677,images/000677.jpg,1774267526.572550535,1774267526.555767298,0.016783237,0.000000000,0.000000000,1774267526.559033394,0.013517141,0.002916091,-0.014713696,640,480,rgb8
678,images/000678.jpg,1774267526.605833769,1774267526.595828533,0.010005236,0.000000000,0.000000000,1774267526.599040031,0.006793737,-0.003938451,-0.015074905,640,480,rgb8
679,images/000679.jpg,1774267526.639116764,1774267526.635819674,0.003297091,0.000000000,0.000000000,1774267526.639033794,0.000082970,-0.008880843,-0.001884547,640,480,rgb8
680,images/000680.jpg,1774267526.672399044,1774267526.655823469,0.016575575,0.000000000,0.000000000,1774267526.659036875,0.013362169,-0.006053319,0.007645574,640,480,rgb8
681,images/000681.jpg,1774267526.705680847,1774267526.695824146,0.009856701,0.000000000,0.000000000,1774267526.699039936,0.006640911,-0.013527736,-0.000406643,640,480,rgb8
682,images/000682.jpg,1774267526.738963842,1774267526.735816956,0.003146887,0.000000000,0.000000000,1774267526.719139099,0.019824743,-0.005641545,0.004649743,640,480,rgb8
683,images/000683.jpg,1774267526.772309303,1774267526.755808830,0.016500473,0.000000000,0.000000000,1774267526.759107828,0.013201475,-0.000724423,0.016106213,640,480,rgb8
684,images/000684.jpg,1774267526.805654764,1774267526.795825243,0.009829521,0.000000000,0.000000000,1774267526.799062252,0.006592512,-0.004811809,0.006901912,640,480,rgb8
685,images/000685.jpg,1774267526.839000225,1774267526.835820913,0.003179312,0.000000000,0.000000000,1774267526.819120646,0.019879580,-0.008236226,-0.006673607,640,480,rgb8
686,images/000686.jpg,1774267526.872318029,1774267526.855833292,0.016484737,0.000000000,0.000000000,1774267526.859057903,0.013260126,-0.008549138,-0.013144707,640,480,rgb8
687,images/000687.jpg,1774267526.905635834,1774267526.895822287,0.009813547,0.000000000,0.000000000,1774267526.899034977,0.006600857,-0.008011252,-0.002819588,640,480,rgb8
688,images/000688.jpg,1774267526.938952923,1774267526.935824394,0.003128529,0.000000000,0.000000000,1774267526.919115782,0.019837141,-0.006466293,0.001443237,640,480,rgb8
689,images/000689.jpg,1774267526.972269773,1774267526.955839872,0.016429901,0.000000000,0.000000000,1774267526.959043980,0.013225794,-0.006635576,0.005534936,640,480,rgb8
690,images/000690.jpg,1774267527.005586386,1774267526.995823860,0.009762526,0.000000000,0.000000000,1774267526.999061346,0.006525040,-0.004234269,0.004622403,640,480,rgb8
691,images/000691.jpg,1774267527.038902760,1774267527.035836935,0.003065825,0.000000000,0.000000000,1774267527.019057989,0.019844770,-0.007243106,0.003818198,640,480,rgb8
692,images/000692.jpg,1774267527.072218657,1774267527.055840254,0.016378403,0.000000000,0.000000000,1774267527.059048414,0.013170242,-0.002805404,0.003942152,640,480,rgb8
693,images/000693.jpg,1774267527.105534315,1774267527.095808983,0.009725332,0.000000000,0.000000000,1774267527.099067688,0.006466627,-0.005895716,0.004254596,640,480,rgb8
694,images/000694.jpg,1774267527.138849735,1774267527.135823250,0.003026485,0.000000000,0.000000000,1774267527.119015217,0.019834518,-0.008737539,0.003188865,640,480,rgb8
695,images/000695.jpg,1774267527.172165155,1774267527.155816555,0.016348600,0.000000000,0.000000000,1774267527.159032583,0.013132572,-0.008806220,0.004477447,640,480,rgb8
696,images/000696.jpg,1774267527.205479622,1774267527.195812941,0.009666681,0.000000000,0.000000000,1774267527.199014902,0.006464720,-0.008695324,0.004465256,640,480,rgb8
697,images/000697.jpg,1774267527.238794088,1774267527.235814571,0.002979517,0.000000000,0.000000000,1774267527.219048023,0.019746065,-0.005891621,0.004929983,640,480,rgb8
698,images/000698.jpg,1774267527.272108078,1774267527.255810261,0.016297817,0.000000000,0.000000000,1774267527.259083271,0.013024807,-0.005764456,0.004624256,640,480,rgb8
699,images/000699.jpg,1774267527.305421829,1774267527.295811415,0.009610415,0.000000000,0.000000000,1774267527.299027920,0.006393909,-0.005615705,0.004072712,640,480,rgb8
700,images/000700.jpg,1774267527.372048616,1774267527.355827570,0.016221046,0.000000000,0.000000000,1774267527.359075308,0.012973309,-0.005725270,0.002938391,640,480,rgb8
701,images/000701.jpg,1774267527.405361414,1774267527.395828009,0.009533405,0.000000000,0.000000000,1774267527.399019241,0.006342173,-0.002756564,0.001515761,640,480,rgb8
702,images/000702.jpg,1774267527.438673735,1774267527.435827494,0.002846241,0.000000000,0.000000000,1774267527.419033051,0.019640684,-0.002682193,0.002242693,640,480,rgb8
703,images/000703.jpg,1774267527.471986055,1774267527.455837965,0.016148090,0.000000000,0.000000000,1774267527.459051847,0.012934208,-0.003062791,0.002136342,640,480,rgb8
704,images/000704.jpg,1774267527.505297899,1774267527.495822906,0.009474993,0.000000000,0.000000000,1774267527.499103546,0.006194353,-0.007565904,0.001791925,640,480,rgb8
705,images/000705.jpg,1774267527.538609266,1774267527.535828829,0.002780437,0.000000000,0.000000000,1774267527.519080400,0.019528866,-0.004934143,0.001727201,640,480,rgb8
706,images/000706.jpg,1774267527.571920633,1774267527.555825710,0.016094923,0.000000000,0.000000000,1774267527.559087038,0.012833595,-0.004778703,0.001988326,640,480,rgb8
707,images/000707.jpg,1774267527.605231762,1774267527.595838547,0.009393215,0.000000000,0.000000000,1774267527.599052191,0.006179571,-0.004652656,0.012789382,640,480,rgb8
708,images/000708.jpg,1774267527.638542175,1774267527.635818720,0.002723455,0.000000000,0.000000000,1774267527.619053125,0.019489050,-0.006733578,0.008568947,640,480,rgb8
709,images/000709.jpg,1774267527.671852589,1774267527.655817270,0.016035318,0.000000000,0.000000000,1774267527.659032106,0.012820482,-0.005573364,0.005708738,640,480,rgb8
710,images/000710.jpg,1774267527.705162287,1774267527.695821524,0.009340763,0.000000000,0.000000000,1774267527.699002504,0.006159782,-0.009604211,0.006203355,640,480,rgb8
711,images/000711.jpg,1774267527.738472223,1774267527.735814095,0.002658129,0.000000000,0.000000000,1774267527.719081163,0.019391060,-0.004664247,0.002385316,640,480,rgb8
712,images/000712.jpg,1774267527.771781445,1774267527.755813122,0.015968323,0.000000000,0.000000000,1774267527.759007215,0.012774229,-0.001951050,0.004180831,640,480,rgb8
713,images/000713.jpg,1774267527.805090427,1774267527.795831203,0.009259224,0.000000000,0.000000000,1774267527.799037933,0.006052494,-0.003908225,0.000416482,640,480,rgb8
714,images/000714.jpg,1774267527.838399887,1774267527.835813761,0.002586126,0.000000000,0.000000000,1774267527.819061279,0.019338608,-0.005741773,0.000835833,640,480,rgb8
715,images/000715.jpg,1774267527.871740580,1774267527.855810165,0.015930414,0.000000000,0.000000000,1774267527.859043360,0.012697220,-0.005756510,0.004713174,640,480,rgb8
716,images/000716.jpg,1774267527.905081272,1774267527.895826817,0.009254456,0.000000000,0.000000000,1774267527.899069071,0.006012201,-0.005639526,0.003715566,640,480,rgb8
717,images/000717.jpg,1774267527.971696377,1774267527.955833673,0.015862703,0.000000000,0.000000000,1774267527.959059477,0.012636900,-0.002468252,0.003257524,640,480,rgb8
718,images/000718.jpg,1774267528.005003452,1774267527.995826960,0.009176493,0.000000000,0.000000000,1774267527.999043465,0.005959988,-0.005750067,0.003941965,640,480,rgb8
719,images/000719.jpg,1774267528.038309813,1774267528.035812378,0.002497435,0.000000000,0.000000000,1774267528.019018650,0.019291162,-0.001657415,0.006386469,640,480,rgb8
720,images/000720.jpg,1774267528.071615934,1774267528.055821896,0.015794039,0.000000000,0.000000000,1774267528.059021950,0.012593985,-0.003314788,0.001679872,640,480,rgb8
721,images/000721.jpg,1774267528.104921818,1774267528.095825911,0.009095907,0.000000000,0.000000000,1774267528.099044561,0.005877256,-0.003580261,0.002801782,640,480,rgb8
722,images/000722.jpg,1774267528.138226986,1774267528.135823250,0.002403736,0.000000000,0.000000000,1774267528.119074821,0.019152164,-0.005101569,0.002581556,640,480,rgb8
723,images/000723.jpg,1774267528.171531916,1774267528.155825377,0.015706539,0.000000000,0.000000000,1774267528.159207344,0.012324572,-0.004822539,0.002783506,640,480,rgb8
724,images/000724.jpg,1774267528.204836369,1774267528.195822716,0.009013653,0.000000000,0.000000000,1774267528.199064016,0.005772352,-0.004660956,0.002065525,640,480,rgb8
725,images/000725.jpg,1774267528.238140583,1774267528.235814095,0.002326488,0.000000000,0.000000000,1774267528.219132423,0.019008160,-0.003148206,0.000988703,640,480,rgb8
726,images/000726.jpg,1774267528.271444082,1774267528.255811930,0.015632153,0.000000000,0.000000000,1774267528.259013891,0.012430191,-0.003064522,0.001588659,640,480,rgb8
727,images/000727.jpg,1774267528.304747581,1774267528.295823812,0.008923769,0.000000000,0.000000000,1774267528.299027920,0.005719662,-0.001989456,0.002723346,640,480,rgb8
728,images/000728.jpg,1774267528.338050365,1774267528.335827351,0.002223015,0.000000000,0.000000000,1774267528.319011211,0.019039154,-0.003312269,0.003435701,640,480,rgb8
729,images/000729.jpg,1774267528.371352673,1774267528.355817080,0.015535593,0.000000000,0.000000000,1774267528.359014034,0.012338638,-0.001337206,0.003276536,640,480,rgb8
730,images/000730.jpg,1774267528.404654741,1774267528.395819187,0.008835554,0.000000000,0.000000000,1774267528.399027586,0.005627155,-0.002673342,0.003647216,640,480,rgb8
731,images/000731.jpg,1774267528.471257687,1774267528.455826044,0.015431643,0.000000000,0.000000000,1774267528.459252596,0.012005091,-0.004125221,0.001864086,640,480,rgb8
732,images/000732.jpg,1774267528.504558086,1774267528.495819092,0.008738995,0.000000000,0.000000000,1774267528.499027729,0.005530357,-0.003868887,0.003314663,640,480,rgb8
733,images/000733.jpg,1774267528.537858725,1774267528.535817146,0.002041578,0.000000000,0.000000000,1774267528.519025564,0.018833160,-0.002039723,0.002839030,640,480,rgb8
734,images/000734.jpg,1774267528.571158409,1774267528.555832386,0.015326023,0.000000000,0.000000000,1774267528.559054375,0.012104034,-0.002449571,0.001963715,640,480,rgb8
735,images/000735.jpg,1774267528.604458094,1774267528.595824718,0.008633375,0.000000000,0.000000000,1774267528.599045515,0.005412579,-0.002458688,0.001513575,640,480,rgb8
736,images/000736.jpg,1774267528.637757063,1774267528.635831356,0.001925707,0.000000000,0.000000000,1774267528.619091034,0.018666029,-0.003566383,0.001504560,640,480,rgb8
737,images/000737.jpg,1774267528.671055794,1774267528.655832291,0.015223503,0.000000000,0.000000000,1774267528.659035206,0.012020588,-0.002670487,0.000859358,640,480,rgb8
738,images/000738.jpg,1774267528.704354048,1774267528.695826530,0.008527517,0.000000000,0.000000000,1774267528.699281693,0.005072355,-0.001090421,0.001504466,640,480,rgb8
739,images/000739.jpg,1774267528.737651825,1774267528.735810757,0.001841068,0.000000000,0.000000000,1774267528.719076872,0.018574953,-0.001147542,0.002089051,640,480,rgb8
740,images/000740.jpg,1774267528.770949364,1774267528.755814075,0.015135288,0.000000000,0.000000000,1774267528.759039640,0.011909723,-0.003166600,0.002422848,640,480,rgb8
741,images/000741.jpg,1774267528.804246426,1774267528.795813322,0.008433104,0.000000000,0.000000000,1774267528.799040318,0.005206108,-0.003176875,0.001472351,640,480,rgb8
742,images/000742.jpg,1774267528.837543011,1774267528.835809469,0.001733541,0.000000000,0.000000000,1774267528.819092989,0.018450022,-0.002151306,0.001896814,640,480,rgb8
743,images/000743.jpg,1774267528.870839357,1774267528.855810404,0.015028954,0.000000000,0.000000000,1774267528.859054089,0.011785269,-0.004072824,0.002169575,640,480,rgb8
744,images/000744.jpg,1774267528.904135942,1774267528.895809650,0.008326292,0.000000000,0.000000000,1774267528.899026394,0.005109549,-0.003113498,0.002191596,640,480,rgb8
745,images/000745.jpg,1774267528.937470436,1774267528.935825348,0.001645088,0.000000000,0.000000000,1774267528.919059277,0.018411160,-0.000937632,0.001507423,640,480,rgb8
746,images/000746.jpg,1774267528.970804930,1774267528.955822229,0.014982700,0.399912000,0.000000000,1774267528.959075689,0.011729240,-0.001877103,0.002913441,640,480,rgb8
747,images/000747.jpg,1774267529.004139423,1774267528.995821476,0.008317947,0.405000000,0.000000000,1774267528.999060392,0.005079031,-0.001905344,0.022882941,640,480,rgb8
748,images/000748.jpg,1774267529.070825815,1774267529.055832148,0.014993668,0.405000000,0.000000000,1774267529.059101105,0.011724710,0.002328876,0.037662714,640,480,rgb8
749,images/000749.jpg,1774267529.104169130,1774267529.095818758,0.008350372,0.405000000,0.000000000,1774267529.099047899,0.005121231,0.048409888,0.014702217,640,480,rgb8
750,images/000750.jpg,1774267529.137512445,1774267529.135808706,0.001703739,0.405000000,0.000000000,1774267529.119034529,0.018477917,0.134116824,0.010776471,640,480,rgb8
751,images/000751.jpg,1774267529.170855761,1774267529.155812979,0.015042782,0.405000000,0.000000000,1774267529.159043074,0.011812687,0.135810851,0.017269544,640,480,rgb8
752,images/000752.jpg,1774267529.204199314,1774267529.195813894,0.008385420,0.405000000,0.000000000,1774267529.199051142,0.005148172,0.303590459,0.014275449,640,480,rgb8
753,images/000753.jpg,1774267529.237542391,1774267529.235821009,0.001721382,0.000000000,0.000000000,1774267529.219072104,0.018470287,0.306462886,0.005560262,640,480,rgb8
754,images/000754.jpg,1774267529.270885944,1774267529.255826473,0.015059471,0.000000000,0.000000000,1774267529.259088039,0.011797905,0.307382047,-0.009392567,640,480,rgb8
755,images/000755.jpg,1774267529.304229498,1774267529.295865297,0.008364201,0.000000000,0.000000000,1774267529.299026966,0.005202532,0.372620612,0.003002519,640,480,rgb8
756,images/000756.jpg,1774267529.337573290,1774267529.335821390,0.001751900,0.000000000,0.000000000,1774267529.319068909,0.018504381,0.376164055,0.016531443,640,480,rgb8
757,images/000757.jpg,1774267529.370916843,1774267529.355815887,0.015100956,0.000000000,0.000000000,1774267529.359054089,0.011862755,0.369445286,0.032052777,640,480,rgb8
758,images/000758.jpg,1774267529.404260159,1774267529.395810843,0.008449316,0.000000000,0.000000000,1774267529.399059296,0.005200863,0.307220596,-0.005783476,640,480,rgb8
759,images/000759.jpg,1774267529.437603951,1774267529.435810328,0.001793623,0.000000000,0.000000000,1774267529.419058800,0.018545151,0.309763636,-0.018061407,640,480,rgb8
760,images/000760.jpg,1774267529.470947742,1774267529.455811977,0.015135765,0.400038060,0.000000000,1774267529.459047079,0.011900663,0.191551494,0.048347191,640,480,rgb8
761,images/000761.jpg,1774267529.504291534,1774267529.495817423,0.008474112,0.405000000,0.000000000,1774267529.499031067,0.005260468,0.059770302,0.027881280,640,480,rgb8
762,images/000762.jpg,1774267529.570979118,1774267529.555833101,0.015146017,0.405000000,0.000000000,1774267529.559101582,0.011877537,0.032810350,-0.013232558,640,480,rgb8
763,images/000763.jpg,1774267529.604322910,1774267529.595825195,0.008497715,0.405000000,0.000000000,1774267529.599087000,0.005235910,0.060995522,-0.009837467,640,480,rgb8
764,images/000764.jpg,1774267529.637666941,1774267529.635823965,0.001842976,0.405000000,0.000000000,1774267529.619020939,0.018646002,0.060489756,-0.001614350,640,480,rgb8
765,images/000765.jpg,1774267529.671010971,1774267529.655839682,0.015171289,0.405000000,0.000000000,1774267529.659060240,0.011950731,0.131286109,-0.008294050,640,480,rgb8
766,images/000766.jpg,1774267529.704355001,1774267529.695828915,0.008526087,0.405000000,0.000000000,1774267529.699060202,0.005294800,0.223710674,-0.017409154,640,480,rgb8
767,images/000767.jpg,1774267529.737699032,1774267529.735821724,0.001877308,0.405000000,0.000000000,1774267529.719099522,0.018599510,0.317541009,-0.014812114,640,480,rgb8
768,images/000768.jpg,1774267529.771043062,1774267529.755830050,0.015213013,0.405000000,0.000000000,1774267529.759118080,0.011924982,0.322699878,0.011294913,640,480,rgb8
769,images/000769.jpg,1774267529.804387093,1774267529.795818567,0.008568525,0.405000000,0.000000000,1774267529.799063206,0.005323887,0.386437936,-0.008924084,640,480,rgb8
770,images/000770.jpg,1774267529.837731123,1774267529.835809469,0.001921654,0.405000000,0.000000000,1774267529.819054604,0.018676519,0.408194003,-0.011865039,640,480,rgb8
771,images/000771.jpg,1774267529.871075392,1774267529.855764151,0.015311241,0.405000000,0.000000000,1774267529.859005690,0.012069702,0.414835656,0.016066514,640,480,rgb8
772,images/000772.jpg,1774267529.904419661,1774267529.895810843,0.008608818,0.405000000,0.000000000,1774267529.899019480,0.005400181,0.419510023,0.011454095,640,480,rgb8
773,images/000773.jpg,1774267529.937763929,1774267529.935808659,0.001955271,0.405000000,0.000000000,1774267529.919013739,0.018750191,0.422980016,0.012860520,640,480,rgb8
774,images/000774.jpg,1774267529.971108437,1774267529.955814362,0.015294075,0.405000000,0.000000000,1774267529.959012508,0.012095928,0.420243705,0.031319491,640,480,rgb8
775,images/000775.jpg,1774267530.004452467,1774267529.995811701,0.008640766,0.405000000,0.000000000,1774267529.999002457,0.005450010,0.411511931,0.041564635,640,480,rgb8
776,images/000776.jpg,1774267530.037787676,1774267530.035785913,0.002001762,0.405000000,0.000000000,1774267530.019060373,0.018727303,0.414688927,0.038309561,640,480,rgb8
777,images/000777.jpg,1774267530.071122885,1774267530.055827379,0.015295506,0.405000000,0.000000000,1774267530.059045315,0.012077570,0.414579761,0.004231624,640,480,rgb8
778,images/000778.jpg,1774267530.104457855,1774267530.095819473,0.008638382,0.405000000,0.000000000,1774267530.099035501,0.005422354,0.413166370,-0.007172530,640,480,rgb8
779,images/000779.jpg,1774267530.171137094,1774267530.155838251,0.015298843,0.405000000,0.000000000,1774267530.159038544,0.012098551,0.415465281,-0.003167278,640,480,rgb8
780,images/000780.jpg,1774267530.204476833,1774267530.195826292,0.008650541,0.405000000,0.000000000,1774267530.199042082,0.005434752,0.412723779,-0.005095797,640,480,rgb8
781,images/000781.jpg,1774267530.237816334,1774267530.235836267,0.001980066,0.405000000,0.000000000,1774267530.219040871,0.018775463,0.415536327,-0.004739799,640,480,rgb8
782,images/000782.jpg,1774267530.271155834,1774267530.255848408,0.015307426,0.405000000,0.000000000,1774267530.259059668,0.012096167,0.395277904,-0.006885123,640,480,rgb8
783,images/000783.jpg,1774267530.304495096,1774267530.295823336,0.008671761,0.405000000,0.000000000,1774267530.299004555,0.005490541,0.403446279,-0.004658365,640,480,rgb8
784,images/000784.jpg,1774267530.337834358,1774267530.335833311,0.002001047,0.405000000,0.000000000,1774267530.319090366,0.018743992,0.406005687,-0.004071477,640,480,rgb8
785,images/000785.jpg,1774267530.371173859,1774267530.355904102,0.015269756,0.405000000,0.000000000,1774267530.359095573,0.012078285,0.408933545,0.003760203,640,480,rgb8
786,images/000786.jpg,1774267530.404512882,1774267530.395824909,0.008687973,0.405000000,0.000000000,1774267530.399044514,0.005468369,0.408452664,0.007826358,640,480,rgb8
787,images/000787.jpg,1774267530.437852144,1774267530.435812235,0.002039909,0.405000000,0.000000000,1774267530.419044733,0.018807411,0.410907466,0.003789763,640,480,rgb8
788,images/000788.jpg,1774267530.471191168,1774267530.455809832,0.015381336,0.405000000,0.000000000,1774267530.459025860,0.012165308,0.410553737,-0.002946085,640,480,rgb8
789,images/000789.jpg,1774267530.504530191,1774267530.495825291,0.008704901,0.405000000,0.000000000,1774267530.499016047,0.005514145,0.412039663,-0.006430850,640,480,rgb8
790,images/000790.jpg,1774267530.537869215,1774267530.535835505,0.002033710,0.405000000,0.000000000,1774267530.519044638,0.018824577,0.414394998,-0.008894490,640,480,rgb8
791,images/000791.jpg,1774267530.571208239,1774267530.555816174,0.015392065,0.405000000,0.000000000,1774267530.559050322,0.012157917,0.411649479,-0.006328949,640,480,rgb8
792,images/000792.jpg,1774267530.604547024,1774267530.595838785,0.008708239,0.405000000,0.000000000,1774267530.599057198,0.005489826,0.406898355,-0.002434169,640,480,rgb8
793,images/000793.jpg,1774267530.637885809,1774267530.635841846,0.002043962,0.405000000,0.000000000,1774267530.619083405,0.018802404,0.409051801,-0.005088318,640,480,rgb8
794,images/000794.jpg,1774267530.671224594,1774267530.655826092,0.015398502,0.405000000,0.000000000,1774267530.659066439,0.012158155,0.410936519,-0.004831076,640,480,rgb8
795,images/000795.jpg,1774267530.704563141,1774267530.695812702,0.008750439,0.405000000,0.000000000,1774267530.699007273,0.005555868,0.410581756,-0.001514379,640,480,rgb8
796,images/000796.jpg,1774267530.737901926,1774267530.735825062,0.002076864,0.405000000,0.000000000,1774267530.719027758,0.018874168,0.412649115,0.001070644,640,480,rgb8
797,images/000797.jpg,1774267530.771240234,1774267530.755827904,0.015412331,0.405000000,0.000000000,1774267530.759050369,0.012189865,0.413988391,0.000736780,640,480,rgb8
798,images/000798.jpg,1774267530.804578781,1774267530.795835018,0.008743763,0.405000000,0.000000000,1774267530.799058676,0.005520105,0.415872312,-0.001670058,640,480,rgb8
799,images/000799.jpg,1774267530.837917328,1774267530.835827112,0.002090216,0.405000000,0.000000000,1774267530.819047689,0.018869638,0.411545592,-0.001466061,640,480,rgb8
800,images/000800.jpg,1774267530.871255636,1774267530.855837345,0.015418291,0.405000000,0.000000000,1774267530.859078169,0.012177467,0.415404613,0.006515569,640,480,rgb8
801,images/000801.jpg,1774267530.904593706,1774267530.895818472,0.008775234,0.405000000,0.000000000,1774267530.899029970,0.005563736,0.410187729,0.012301643,640,480,rgb8
802,images/000802.jpg,1774267530.937932014,1774267530.935818195,0.002113819,0.405000000,0.000000000,1774267530.919053316,0.018878698,0.412008213,0.011707788,640,480,rgb8
803,images/000803.jpg,1774267530.971270323,1774267530.955815554,0.015454769,0.405000000,0.000000000,1774267530.958983421,0.012286901,0.412826549,0.002693418,640,480,rgb8
804,images/000804.jpg,1774267531.004608393,1774267530.995816469,0.008791924,0.405000000,0.000000000,1774267530.999048948,0.005559444,0.413506529,0.008169834,640,480,rgb8
805,images/000805.jpg,1774267531.037946224,1774267531.035833836,0.002112389,0.405000000,0.000000000,1774267531.019057035,0.018889189,0.415255891,0.008169834,640,480,rgb8
806,images/000806.jpg,1774267531.071284533,1774267531.055822134,0.015462399,0.405000000,0.000000000,1774267531.059063673,0.012220860,0.415067515,0.004525880,640,480,rgb8
807,images/000807.jpg,1774267531.104622126,1774267531.095826149,0.008795977,0.405000000,0.000000000,1774267531.099040031,0.005582094,0.412321545,0.003220421,640,480,rgb8
808,images/000808.jpg,1774267531.137956381,1774267531.135833502,0.002122879,0.405000000,0.000000000,1774267531.119089127,0.018867254,0.413955355,0.006700107,640,480,rgb8
809,images/000809.jpg,1774267531.171290636,1774267531.155818224,0.015472412,0.405000000,0.000000000,1774267531.159038544,0.012252092,0.408855264,0.002798995,640,480,rgb8
810,images/000810.jpg,1774267531.204624653,1774267531.195832729,0.008791924,0.405000000,0.000000000,1774267531.199039459,0.005585194,0.411911275,0.000692776,640,480,rgb8
811,images/000811.jpg,1774267531.237993717,1774267531.235835314,0.002158403,0.405000000,0.000000000,1774267531.219050407,0.018943310,0.409723233,0.000703238,640,480,rgb8
812,images/000812.jpg,1774267531.271363020,1774267531.255821943,0.015541077,0.405000000,0.000000000,1774267531.259011030,0.012351990,0.409748106,0.006579852,640,480,rgb8
813,images/000813.jpg,1774267531.304732561,1774267531.295820475,0.008912086,0.405000000,0.000000000,1774267531.299005985,0.005726576,0.409864783,0.003522258,640,480,rgb8
814,images/000814.jpg,1774267531.338102579,1774267531.335818291,0.002284288,0.405000000,0.000000000,1774267531.319040060,0.019062519,0.411280086,-0.000253049,640,480,rgb8
815,images/000815.jpg,1774267531.371472597,1774267531.355830669,0.015641928,0.405000000,0.000000000,1774267531.359065771,0.012406826,0.362502698,0.001126548,640,480,rgb8
816,images/000816.jpg,1774267531.404843092,1774267531.395830154,0.009012938,0.405000000,0.000000000,1774267531.399051905,0.005791187,0.385725350,0.001021859,640,480,rgb8
817,images/000817.jpg,1774267531.438213825,1774267531.435830832,0.002382994,0.405000000,0.000000000,1774267531.419074535,0.019139290,0.397833648,-0.004860697,640,480,rgb8
818,images/000818.jpg,1774267531.471584797,1774267531.455835342,0.015749454,0.405000000,0.000000000,1774267531.459223986,0.012360811,0.400194992,0.002820684,640,480,rgb8
819,images/000819.jpg,1774267531.504956007,1774267531.495819807,0.009136200,0.405000000,0.000000000,1774267531.499028683,0.005927324,0.336475232,0.056438023,640,480,rgb8
820,images/000820.jpg,1774267531.538327694,1774267531.535812140,0.002515554,0.405000000,0.000000000,1774267531.519042253,0.019285440,0.394287895,0.064473917,640,480,rgb8
821,images/000821.jpg,1774267531.571699381,1774267531.555810452,0.015888929,0.405000000,0.000000000,1774267531.559026241,0.012673140,0.401951319,0.031980078,640,480,rgb8
822,images/000822.jpg,1774267531.605071306,1774267531.595813751,0.009257555,0.405000000,0.000000000,1774267531.599047184,0.006024122,0.406779200,0.017885649,640,480,rgb8
823,images/000823.jpg,1774267531.638443947,1774267531.635816574,0.002627373,0.405000000,0.000000000,1774267531.619053125,0.019390821,0.407960355,0.017474358,640,480,rgb8
824,images/000824.jpg,1774267531.671816349,1774267531.655818939,0.015997410,0.405000000,0.000000000,1774267531.659040689,0.012775660,0.408068987,-0.004571254,640,480,rgb8
825,images/000825.jpg,1774267531.738562584,1774267531.735824585,0.002737999,0.405000000,0.000000000,1774267531.719079018,0.019483566,0.409180096,-0.014914102,640,480,rgb8
826,images/000826.jpg,1774267531.771935701,1774267531.755819559,0.016116142,0.405000000,0.000000000,1774267531.759036779,0.012898922,0.410603282,0.000694192,640,480,rgb8
827,images/000827.jpg,1774267531.805309534,1774267531.795819521,0.009490013,0.405000000,0.000000000,1774267531.799067974,0.006241560,0.399487539,0.001128081,640,480,rgb8
828,images/000828.jpg,1774267531.838683605,1774267531.835834742,0.002848864,0.405000000,0.000000000,1774267531.819104433,0.019579172,0.400451442,0.000670956,640,480,rgb8
829,images/000829.jpg,1774267531.872057915,1774267531.855827093,0.016230822,0.405000000,0.000000000,1774267531.859071016,0.012986898,0.407889479,-0.005881469,640,480,rgb8
830,images/000830.jpg,1774267531.905432463,1774267531.895834923,0.009597540,0.405000000,0.000000000,1774267531.899051428,0.006381035,0.408696717,-0.002030766,640,480,rgb8
831,images/000831.jpg,1774267531.938807011,1774267531.935843945,0.002963066,0.405000000,0.000000000,1774267531.919104815,0.019702196,0.409713692,-0.001330938,640,480,rgb8
832,images/000832.jpg,1774267531.972182035,1774267531.955823421,0.016358614,0.405000000,0.000000000,1774267531.958979130,0.013202906,0.408588065,-0.005927795,640,480,rgb8
833,images/000833.jpg,1774267532.005557537,1774267531.995823383,0.009734154,0.405000000,0.000000000,1774267531.999047995,0.006509542,0.406016395,-0.005433164,640,480,rgb8
834,images/000834.jpg,1774267532.038933039,1774267532.035828352,0.003104687,0.405000000,0.000000000,1774267532.019066095,0.019866943,0.405699516,-0.005928056,640,480,rgb8
835,images/000835.jpg,1774267532.072309017,1774267532.055830240,0.016478777,0.405000000,0.000000000,1774267532.059030294,0.013278723,0.406276415,-0.009595388,640,480,rgb8
836,images/000836.jpg,1774267532.105685234,1774267532.095832348,0.009852886,0.405000000,0.000000000,1774267532.099039316,0.006645918,0.408057580,-0.004985290,640,480,rgb8
837,images/000837.jpg,1774267532.139061689,1774267532.135816336,0.003245354,0.405000000,0.000000000,1774267532.139042616,0.000019073,0.408548905,-0.006274892,640,480,rgb8
838,images/000838.jpg,1774267532.172438383,1774267532.155826330,0.016612053,0.405000000,0.000000000,1774267532.159039021,0.013399363,0.406075717,-0.005982502,640,480,rgb8
839,images/000839.jpg,1774267532.205814362,1774267532.195836306,0.009978056,0.405000000,0.000000000,1774267532.199062347,0.006752014,0.407394742,-0.005210103,640,480,rgb8
840,images/000840.jpg,1774267532.239152908,1774267532.235831261,0.003321648,0.405000000,0.000000000,1774267532.239050150,0.000102758,0.408949995,-0.001708269,640,480,rgb8
841,images/000841.jpg,1774267532.272491217,1774267532.255825758,0.016665459,0.405000000,0.000000000,1774267532.259052992,0.013438225,0.409778657,0.002478636,640,480,rgb8
842,images/000842.jpg,1774267532.339210749,1774267532.335825443,0.003385305,0.405000000,0.000000000,1774267532.339109421,0.000101328,0.356113699,0.006992871,640,480,rgb8
843,images/000843.jpg,1774267532.372570753,1774267532.355817795,0.016752958,0.405000000,0.000000000,1774267532.359040499,0.013530254,0.356249333,0.005995892,640,480,rgb8
844,images/000844.jpg,1774267532.405930996,1774267532.395826817,0.010104179,0.405000000,0.000000000,1774267532.399021387,0.006909609,0.405481714,0.013637278,640,480,rgb8
845,images/000845.jpg,1774267532.439291239,1774267532.435819387,0.003471851,0.405000000,0.000000000,1774267532.439051628,0.000239611,0.406938221,0.009625929,640,480,rgb8
846,images/000846.jpg,1774267532.472651958,1774267532.455829382,0.016822577,0.405000000,0.000000000,1774267532.459050417,0.013601542,0.407538019,0.010755129,640,480,rgb8
847,images/000847.jpg,1774267532.506012678,1774267532.495832205,0.010180473,0.405000000,0.000000000,1774267532.499069691,0.006942987,0.407664709,0.008858752,640,480,rgb8
848,images/000848.jpg,1774267532.539373636,1774267532.535817623,0.003556013,0.405000000,0.000000000,1774267532.539051294,0.000322342,0.408153191,0.010637763,640,480,rgb8
849,images/000849.jpg,1774267532.572734833,1774267532.555821896,0.016912937,0.405000000,0.000000000,1774267532.559056282,0.013678551,0.408851976,0.007180289,640,480,rgb8
850,images/000850.jpg,1774267532.606096029,1774267532.595821857,0.010274172,0.405000000,0.000000000,1774267532.599018097,0.007077932,0.406775701,0.001369528,640,480,rgb8
851,images/000851.jpg,1774267532.639457464,1774267532.635826588,0.003630877,0.405000000,0.000000000,1774267532.639029980,0.000427485,0.407125482,0.001383249,640,480,rgb8
852,images/000852.jpg,1774267532.672819138,1774267532.655822515,0.016996622,0.405000000,0.000000000,1774267532.659044504,0.013774633,0.406648802,0.001271709,640,480,rgb8
853,images/000853.jpg,1774267532.706181049,1774267532.695828915,0.010352135,0.405000000,0.000000000,1774267532.699018002,0.007163048,0.407909245,0.000225619,640,480,rgb8
854,images/000854.jpg,1774267532.739542961,1774267532.735816956,0.003726006,0.405000000,0.000000000,1774267532.739004135,0.000538826,0.409426595,0.001480524,640,480,rgb8
855,images/000855.jpg,1774267532.772905350,1774267532.755793571,0.017111778,0.405000000,0.000000000,1774267532.759047270,0.013858080,0.368435103,0.001584755,640,480,rgb8
856,images/000856.jpg,1774267532.806267500,1774267532.795838833,0.010428667,0.405000000,0.000000000,1774267532.799054146,0.007213354,0.391141712,0.003379967,640,480,rgb8
857,images/000857.jpg,1774267532.839630127,1774267532.835839510,0.003790617,0.405000000,0.000000000,1774267532.839095592,0.000534534,0.466163997,0.005002142,640,480,rgb8
858,images/000858.jpg,1774267532.872992992,1774267532.855833292,0.017159700,0.405000000,0.000000000,1774267532.859029531,0.013963461,0.467465707,0.001666158,640,480,rgb8
859,images/000859.jpg,1774267532.906355619,1774267532.895832777,0.010522842,0.405000000,0.000000000,1774267532.899044752,0.007310867,0.426045935,0.003812010,640,480,rgb8
860,images/000860.jpg,1774267532.939718723,1774267532.935835123,0.003883600,0.405000000,0.000000000,1774267532.939034939,0.000683784,0.409668578,0.002273746,640,480,rgb8
861,images/000861.jpg,1774267532.973082066,1774267532.955831528,0.017250538,0.405000000,0.000000000,1774267532.959060192,0.014021873,0.409145699,-0.000630742,640,480,rgb8
862,images/000862.jpg,1774267533.006445646,1774267532.995834112,0.010611534,0.405000000,0.000000000,1774267532.999071836,0.007373810,0.410229529,0.025622127,640,480,rgb8
863,images/000863.jpg,1774267533.039808989,1774267533.035828114,0.003980875,0.405000000,0.000000000,1774267533.039107084,0.000701904,0.411553513,0.042073370,640,480,rgb8
864,images/000864.jpg,1774267533.073172808,1774267533.055837631,0.017335176,0.405000000,0.000000000,1774267533.059024572,0.014148235,0.410907280,0.037935577,640,480,rgb8
865,images/000865.jpg,1774267533.106536865,1774267533.095833778,0.010703087,0.405000000,0.000000000,1774267533.099040031,0.007496834,0.410529289,0.011554956,640,480,rgb8
866,images/000866.jpg,1774267533.139901161,1774267533.135837078,0.004064083,0.405000000,0.000000000,1774267533.139032602,0.000868559,0.408446502,0.007620722,640,480,rgb8
867,images/000867.jpg,1774267533.173265457,1774267533.155835867,0.017429590,0.405000000,0.000000000,1774267533.159029484,0.014235973,0.408921088,0.006997662,640,480,rgb8
868,images/000868.jpg,1774267533.206629992,1774267533.195817471,0.010812521,0.405000000,0.000000000,1774267533.199014187,0.007615805,0.407606531,0.002878495,640,480,rgb8
869,images/000869.jpg,1774267533.239994526,1774267533.235822678,0.004171848,0.405000000,0.000000000,1774267533.239052534,0.000941992,0.408057399,-0.015658558,640,480,rgb8
870,images/000870.jpg,1774267533.273358822,1774267533.255831957,0.017526865,0.405000000,0.000000000,1774267533.259043694,0.014315128,0.408498911,-0.014390017,640,480,rgb8
871,images/000871.jpg,1774267533.306699753,1774267533.295837641,0.010862112,0.405000000,0.000000000,1774267533.299060583,0.007639170,0.407530800,-0.007383648,640,480,rgb8
872,images/000872.jpg,1774267533.340040684,1774267533.335834742,0.004205942,0.405000000,0.000000000,1774267533.339056015,0.000984669,0.407225710,0.002533139,640,480,rgb8
873,images/000873.jpg,1774267533.373381615,1774267533.355840206,0.017541409,0.405000000,0.000000000,1774267533.359056473,0.014325142,0.407732713,0.003257471,640,480,rgb8
874,images/000874.jpg,1774267533.473171949,1774267533.455849886,0.017322063,0.405000000,0.000000000,1774267533.459272385,0.013899565,0.404895380,-0.006734125,640,480,rgb8
875,images/000875.jpg,1774267533.506433964,1774267533.495823860,0.010610104,0.405000000,0.000000000,1774267533.499042034,0.007391930,0.384321109,-0.011684909,640,480,rgb8
876,images/000876.jpg,1774267533.539695501,1774267533.535824060,0.003871441,0.405000000,0.000000000,1774267533.539039373,0.000656128,0.396137795,-0.009910371,640,480,rgb8
877,images/000877.jpg,1774267533.572956324,1774267533.555830479,0.017125845,0.405000000,0.000000000,1774267533.559075832,0.013880491,0.396374265,-0.009869284,640,480,rgb8
878,images/000878.jpg,1774267533.606216669,1774267533.595833063,0.010383606,0.405000000,0.000000000,1774267533.599073410,0.007143259,0.403112418,-0.007983999,640,480,rgb8
879,images/000879.jpg,1774267533.639476299,1774267533.635818720,0.003657579,0.405000000,0.000000000,1774267533.639045000,0.000431299,0.406069570,-0.009782101,640,480,rgb8
880,images/000880.jpg,1774267533.672735214,1774267533.655827761,0.016907454,0.405000000,0.000000000,1774267533.659080744,0.013654470,0.408564620,-0.008277463,640,480,rgb8
881,images/000881.jpg,1774267533.705993414,1774267533.695822954,0.010170460,0.405000000,0.000000000,1774267533.699000120,0.006993294,0.473983261,-0.005258012,640,480,rgb8
882,images/000882.jpg,1774267533.739251137,1774267533.735821247,0.003429890,0.405000000,0.000000000,1774267533.739033222,0.000217915,0.476289365,-0.003374041,640,480,rgb8
883,images/000883.jpg,1774267533.772508383,1774267533.755818129,0.016690254,0.405000000,0.000000000,1774267533.759050846,0.013457537,0.428143505,-0.003366955,640,480,rgb8
884,images/000884.jpg,1774267533.805764675,1774267533.795823574,0.009941101,0.405000000,0.000000000,1774267533.799046755,0.006717920,0.432166368,-0.001269350,640,480,rgb8
885,images/000885.jpg,1774267533.839020491,1774267533.835821629,0.003198862,0.405000000,0.000000000,1774267533.819095612,0.019924879,0.420726220,0.000344526,640,480,rgb8
886,images/000886.jpg,1774267533.905529976,1774267533.895831347,0.009698629,0.405000000,0.000000000,1774267533.899334192,0.006195784,0.413001582,0.001795401,640,480,rgb8
887,images/000887.jpg,1774267533.938783884,1774267533.935821056,0.002962828,0.405000000,0.000000000,1774267533.919020414,0.019763470,0.408891417,0.002381976,640,480,rgb8
888,images/000888.jpg,1774267533.972037077,1774267533.955833912,0.016203165,0.405000000,0.000000000,1774267533.959036350,0.013000727,0.407808635,0.009806444,640,480,rgb8
889,images/000889.jpg,1774267534.005289793,1774267533.995831966,0.009457827,0.405000000,0.000000000,1774267533.999051094,0.006238699,0.376753868,0.007651164,640,480,rgb8
890,images/000890.jpg,1774267534.038541794,1774267534.035790920,0.002750874,0.405000000,0.000000000,1774267534.019078493,0.019463301,0.376622414,0.005073283,640,480,rgb8
891,images/000891.jpg,1774267534.071793318,1774267534.055844307,0.015949011,0.405000000,0.000000000,1774267534.059052706,0.012740612,0.401458257,0.002653653,640,480,rgb8
892,images/000892.jpg,1774267534.105043888,1774267534.095827579,0.009216309,0.405000000,0.000000000,1774267534.099357128,0.005686760,0.403398662,0.000477561,640,480,rgb8
893,images/000893.jpg,1774267534.138293982,1774267534.135818481,0.002475500,0.405000000,0.000000000,1774267534.119105339,0.019188643,0.405559415,-0.003250882,640,480,rgb8
894,images/000894.jpg,1774267534.171543360,1774267534.155832052,0.015711308,0.405000000,0.000000000,1774267534.159049273,0.012494087,0.405996115,0.000471515,640,480,rgb8
895,images/000895.jpg,1774267534.204792261,1774267534.195828199,0.008964062,0.405000000,0.000000000,1774267534.199011087,0.005781174,0.405767110,0.003291815,640,480,rgb8
896,images/000896.jpg,1774267534.238040209,1774267534.235832453,0.002207756,0.405000000,0.000000000,1774267534.219017029,0.019023180,0.405558762,0.004079884,640,480,rgb8
897,images/000897.jpg,1774267534.271287918,1774267534.255816221,0.015471697,0.405000000,0.000000000,1774267534.259041309,0.012246609,0.407344221,0.001527121,640,480,rgb8
898,images/000898.jpg,1774267534.304534674,1774267534.295834303,0.008700371,0.405000000,0.000000000,1774267534.298990965,0.005543709,0.408364417,0.002457871,640,480,rgb8
899,images/000899.jpg,1774267534.337780952,1774267534.335840702,0.001940250,0.405000000,0.000000000,1774267534.319047451,0.018733501,0.408594482,0.000493874,640,480,rgb8
900,images/000900.jpg,1774267534.371028900,1774267534.355838299,0.015190601,0.405000000,0.000000000,1774267534.359048128,0.011980772,0.406977183,0.003970649,640,480,rgb8
901,images/000901.jpg,1774267534.404360056,1774267534.395840645,0.008519411,0.405000000,0.000000000,1774267534.399003506,0.005356550,0.406249847,-0.000102442,640,480,rgb8
902,images/000902.jpg,1774267534.437691689,1774267534.435832977,0.001858711,0.405000000,0.000000000,1774267534.419070005,0.018621683,0.406834189,-0.000813608,640,480,rgb8
903,images/000903.jpg,1774267534.471022844,1774267534.455851793,0.015171051,0.405000000,0.000000000,1774267534.459095716,0.011927128,0.407225528,-0.002189629,640,480,rgb8
904,images/000904.jpg,1774267534.537836552,1774267534.535836458,0.002000093,0.405000000,0.000000000,1774267534.519021034,0.018815517,0.405005260,0.012362133,640,480,rgb8
905,images/000905.jpg,1774267534.571244478,1774267534.555833101,0.015411377,0.405000000,0.000000000,1774267534.559096575,0.012147903,0.406185888,0.035984601,640,480,rgb8
906,images/000906.jpg,1774267534.604652643,1774267534.595824718,0.008827925,0.405000000,0.000000000,1774267534.599025249,0.005627394,0.406858597,0.025529937,640,480,rgb8
907,images/000907.jpg,1774267534.638061523,1774267534.635823965,0.002237558,0.405000000,0.000000000,1774267534.619049549,0.019011974,0.407035151,0.014143963,640,480,rgb8
908,images/000908.jpg,1774267534.671471119,1774267534.655835152,0.015635967,0.405000000,0.000000000,1774267534.659089088,0.012382030,0.405649541,0.007834657,640,480,rgb8
909,images/000909.jpg,1774267534.704881430,1774267534.695833445,0.009047985,0.405000000,0.000000000,1774267534.699057579,0.005823851,0.404339050,0.004752189,640,480,rgb8
910,images/000910.jpg,1774267534.738291979,1774267534.735901833,0.002390146,0.405000000,0.000000000,1774267534.719051123,0.019240856,0.405331702,-0.002877292,640,480,rgb8
911,images/000911.jpg,1774267534.771703720,1774267534.755850792,0.015852928,0.405000000,0.000000000,1774267534.759054184,0.012649536,0.404397958,-0.007765189,640,480,rgb8
912,images/000912.jpg,1774267534.805115461,1774267534.795820475,0.009294987,0.405000000,0.000000000,1774267534.799065590,0.006049871,0.404660715,-0.006155468,640,480,rgb8
913,images/000913.jpg,1774267534.838528395,1774267534.835809708,0.002718687,0.405000000,0.000000000,1774267534.819093466,0.019434929,0.404355901,-0.010397981,640,480,rgb8
914,images/000914.jpg,1774267534.871941328,1774267534.855814934,0.016126394,0.405000000,0.000000000,1774267534.859037638,0.012903690,0.405704634,-0.008183861,640,480,rgb8
915,images/000915.jpg,1774267534.905355453,1774267534.895817995,0.009537458,0.405000000,0.000000000,1774267534.899079561,0.006275892,0.406498883,-0.009184646,640,480,rgb8
916,images/000916.jpg,1774267534.938769817,1774267534.935816765,0.002953053,0.405000000,0.000000000,1774267534.919070005,0.019699812,0.406644572,-0.005095834,640,480,rgb8
917,images/000917.jpg,1774267535.005600929,1774267534.995824099,0.009776831,0.405000000,0.000000000,1774267534.999265671,0.006335258,0.404689180,0.002484194,640,480,rgb8
918,images/000918.jpg,1774267535.039017200,1774267535.035824299,0.003192902,0.405000000,0.000000000,1774267535.019021034,0.019996166,0.404803447,-0.004330128,640,480,rgb8
919,images/000919.jpg,1774267535.072434187,1774267535.055832624,0.016601562,0.405000000,0.000000000,1774267535.059050322,0.013383865,0.405946059,-0.000801806,640,480,rgb8
920,images/000920.jpg,1774267535.105851889,1774267535.095840693,0.010011196,0.405000000,0.000000000,1774267535.099087954,0.006763935,0.404821478,-0.000734012,640,480,rgb8
921,images/000921.jpg,1774267535.139270067,1774267535.135847569,0.003422499,0.405000000,0.000000000,1774267535.139058828,0.000211239,0.405041044,-0.000987881,640,480,rgb8
922,images/000922.jpg,1774267535.172688723,1774267535.155839682,0.016849041,0.405000000,0.000000000,1774267535.159062147,0.013626575,0.342067753,0.002811754,640,480,rgb8
923,images/000923.jpg,1774267535.206108093,1774267535.195861101,0.010246992,0.405000000,0.000000000,1774267535.199108601,0.006999493,0.382808522,0.002808129,640,480,rgb8
924,images/000924.jpg,1774267535.239528418,1774267535.235826969,0.003701448,0.405000000,0.000000000,1774267535.239063740,0.000464678,0.397539145,0.004518696,640,480,rgb8
925,images/000925.jpg,1774267535.272948980,1774267535.255820751,0.017128229,0.405000000,0.000000000,1774267535.259083509,0.013865471,0.397573286,0.007100543,640,480,rgb8
926,images/000926.jpg,1774267535.306370020,1774267535.295819521,0.010550499,0.405000000,0.000000000,1774267535.299070835,0.007299185,0.404735435,0.005111584,640,480,rgb8
927,images/000927.jpg,1774267535.339792252,1774267535.335819721,0.003972530,0.405000000,0.000000000,1774267535.339040041,0.000752211,0.408272850,0.007137913,640,480,rgb8
928,images/000928.jpg,1774267535.373214483,1774267535.355815887,0.017398596,0.405000000,0.000000000,1774267535.359085560,0.014128923,0.407465121,0.005058457,640,480,rgb8
929,images/000929.jpg,1774267535.406637907,1774267535.395804644,0.010833263,0.405000000,0.000000000,1774267535.399030685,0.007607222,0.407760214,0.003864316,640,480,rgb8
930,images/000930.jpg,1774267535.440061569,1774267535.435816526,0.004245043,0.405000000,0.000000000,1774267535.439035177,0.001026392,0.406859701,0.009726829,640,480,rgb8
931,images/000931.jpg,1774267535.473483801,1774267535.455821276,0.017662525,0.405000000,0.000000000,1774267535.459089518,0.014394283,0.342409227,0.013373502,640,480,rgb8
932,images/000932.jpg,1774267535.506824732,1774267535.495816469,0.011008263,0.405000000,0.000000000,1774267535.499038935,0.007785797,0.383268192,0.010515352,640,480,rgb8
933,images/000933.jpg,1774267535.540165186,1774267535.535815477,0.004349709,0.405000000,0.000000000,1774267535.539057970,0.001107216,0.382986705,0.005964852,640,480,rgb8
934,images/000934.jpg,1774267535.573506117,1774267535.555822611,0.017683506,0.405000000,0.000000000,1774267535.559104443,0.014401674,0.399036287,0.005703482,640,480,rgb8
935,images/000935.jpg,1774267535.640340328,1774267535.635846853,0.004493475,0.405000000,0.000000000,1774267535.639073610,0.001266718,0.406565805,0.004446729,640,480,rgb8
936,images/000936.jpg,1774267535.673758507,1774267535.655834913,0.017923594,0.405000000,0.000000000,1774267535.659062147,0.014696360,0.405764979,0.004350740,640,480,rgb8
937,images/000937.jpg,1774267535.707177401,1774267535.695821285,0.011356115,0.405000000,0.000000000,1774267535.699042082,0.008135319,0.406026427,0.002198490,640,480,rgb8
938,images/000938.jpg,1774267535.740597248,1774267535.735807896,0.004789352,0.405000000,0.000000000,1774267535.739058018,0.001539230,0.405848921,0.003937503,640,480,rgb8
939,images/000939.jpg,1774267535.774017572,1774267535.755817413,0.018200159,0.405000000,0.000000000,1774267535.759084702,0.014932871,0.405658788,0.002061111,640,480,rgb8
940,images/000940.jpg,1774267535.807438612,1774267535.795835972,0.011602640,0.405000000,0.000000000,1774267535.799040556,0.008398056,0.407728630,0.002542202,640,480,rgb8
941,images/000941.jpg,1774267535.840860367,1774267535.835853577,0.005006790,0.405000000,0.000000000,1774267535.839099407,0.001760960,0.407175272,0.006648323,640,480,rgb8
942,images/000942.jpg,1774267535.874283075,1774267535.855841398,0.018441677,0.405000000,0.000000000,1774267535.859080791,0.015202284,0.407308741,0.006424323,640,480,rgb8
943,images/000943.jpg,1774267535.907706022,1774267535.895823240,0.011882782,0.405000000,0.000000000,1774267535.899077177,0.008628845,0.406188602,-0.000594140,640,480,rgb8
944,images/000944.jpg,1774267535.941130161,1774267535.935770988,0.005359173,0.405000000,0.000000000,1774267535.939028740,0.002101421,0.407035726,-0.005633040,640,480,rgb8
945,images/000945.jpg,1774267535.974554777,1774267535.955809832,0.018744946,0.405000000,0.000000000,1774267535.959046364,0.015508413,0.406117012,-0.002369901,640,480,rgb8
946,images/000946.jpg,1774267536.007979870,1774267535.995812416,0.012167454,0.405000000,0.000000000,1774267535.999050140,0.008929729,0.405698935,-0.000324931,640,480,rgb8
947,images/000947.jpg,1774267536.041405916,1774267536.035812378,0.005593538,0.405000000,0.000000000,1774267536.039050579,0.002355337,0.405905890,0.022153883,640,480,rgb8
948,images/000948.jpg,1774267536.074832678,1774267536.055819511,0.019013166,0.405000000,0.000000000,1774267536.059082508,0.015750170,0.405578991,0.030149847,640,480,rgb8
949,images/000949.jpg,1774267536.108260155,1774267536.095818043,0.012442112,0.405000000,0.000000000,1774267536.099035501,0.009224653,0.355352225,0.043214855,640,480,rgb8
950,images/000950.jpg,1774267536.141688585,1774267536.135812759,0.005875826,0.405000000,0.000000000,1774267536.139048576,0.002640009,0.380327534,0.020232112,640,480,rgb8
951,images/000951.jpg,1774267536.175117254,1774267536.155812025,0.019305229,0.405000000,0.000000000,1774267536.159081936,0.016035318,0.394969420,0.014676841,640,480,rgb8
952,images/000952.jpg,1774267536.208546877,1774267536.195811033,0.012735844,0.405000000,0.000000000,1774267536.199054003,0.009492874,0.394922403,0.011417716,640,480,rgb8
953,images/000953.jpg,1774267536.241976976,1774267536.235775948,0.006201029,0.405000000,0.000000000,1774267536.239057064,0.002919912,0.402215128,-0.007514048,640,480,rgb8
954,images/000954.jpg,1774267536.275408268,1774267536.255817413,0.019590855,0.405000000,0.000000000,1774267536.259293079,0.016115189,0.404800022,-0.013911195,640,480,rgb8
955,images/000955.jpg,1774267536.308839798,1774267536.295843601,0.012996197,0.405000000,0.000000000,1774267536.299035549,0.009804249,0.404665277,-0.012146980,640,480,rgb8
956,images/000956.jpg,1774267536.342272282,1774267536.335821390,0.006450891,0.405000000,0.000000000,1774267536.339072704,0.003199577,0.404848283,-0.002382906,640,480,rgb8
957,images/000957.jpg,1774267536.375705242,1774267536.355813265,0.019891977,0.405000000,0.000000000,1774267536.359025717,0.016679525,0.405006156,0.000259808,640,480,rgb8
958,images/000958.jpg,1774267536.409139156,1774267536.395808697,0.013330460,0.405000000,0.000000000,1774267536.399043322,0.010095835,0.406385057,0.005337249,640,480,rgb8
959,images/000959.jpg,1774267536.442573786,1774267536.435808659,0.006765127,0.405000000,0.000000000,1774267536.439053297,0.003520489,0.406132259,-0.001107089,640,480,rgb8
960,images/000960.jpg,1774267536.476009130,1774267536.475812435,0.000196695,0.405000000,0.000000000,1774267536.459046602,0.016962528,0.405163799,0.000022128,640,480,rgb8
961,images/000961.jpg,1774267536.509444952,1774267536.495814323,0.013630629,0.405000000,0.000000000,1774267536.499086380,0.010358572,0.405339277,0.003707864,640,480,rgb8
962,images/000962.jpg,1774267536.542881727,1774267536.535809517,0.007072210,0.405000000,0.000000000,1774267536.539067745,0.003813982,0.406363952,-0.002729364,640,480,rgb8
963,images/000963.jpg,1774267536.576317072,1774267536.575811148,0.000505924,0.405000000,0.000000000,1774267536.559088707,0.017228365,0.406638676,-0.008263114,640,480,rgb8
964,images/000964.jpg,1774267536.609668493,1774267536.595835686,0.013832808,0.405000000,0.000000000,1774267536.599064589,0.010603905,0.405700399,-0.007022053,640,480,rgb8
965,images/000965.jpg,1774267536.643019676,1774267536.635818005,0.007201672,0.405000000,0.000000000,1774267536.639058828,0.003960848,0.405129406,-0.004727077,640,480,rgb8
966,images/000966.jpg,1774267536.676371098,1774267536.675830841,0.000540257,0.405000000,0.000000000,1774267536.659112215,0.017258883,0.405206748,-0.000615547,640,480,rgb8
967,images/000967.jpg,1774267536.743113756,1774267536.735989571,0.007124186,0.405000000,0.000000000,1774267536.739052296,0.004061460,0.384233020,-0.007965558,640,480,rgb8
968,images/000968.jpg,1774267536.776485205,1774267536.775832176,0.000653028,0.405000000,0.000000000,1774267536.759067774,0.017417431,0.395376847,-0.005908877,640,480,rgb8
969,images/000969.jpg,1774267536.809856653,1774267536.795822382,0.014034271,0.405000000,0.000000000,1774267536.799040318,0.010816336,0.395302947,-0.002672640,640,480,rgb8
970,images/000970.jpg,1774267536.843228340,1774267536.835820198,0.007408142,0.405000000,0.000000000,1774267536.839047670,0.004180670,0.338869175,0.002038639,640,480,rgb8
971,images/000971.jpg,1774267536.876599789,1774267536.875813961,0.000785828,0.405000000,0.000000000,1774267536.859083652,0.017516136,0.382971136,0.002137841,640,480,rgb8
972,images/000972.jpg,1774267536.909971714,1774267536.895826101,0.014145613,0.405000000,0.000000000,1774267536.899060488,0.010911226,0.398174064,0.001505673,640,480,rgb8
973,images/000973.jpg,1774267536.943343401,1774267536.935834885,0.007508516,0.405000000,0.000000000,1774267536.939050913,0.004292488,0.398210330,0.005506581,640,480,rgb8
974,images/000974.jpg,1774267536.976715565,1774267536.975824833,0.000890732,0.405000000,0.000000000,1774267536.959109068,0.017606497,0.405346227,0.005502500,640,480,rgb8
975,images/000975.jpg,1774267537.010087729,1774267536.995790243,0.014297485,0.405000000,0.000000000,1774267536.999037027,0.011050701,0.407312205,0.007921566,640,480,rgb8
976,images/000976.jpg,1774267537.043459654,1774267537.035779953,0.007679701,0.405000000,0.000000000,1774267537.039009094,0.004450560,0.406837639,0.005489260,640,480,rgb8
977,images/000977.jpg,1774267537.076831818,1774267537.075817347,0.001014471,0.405000000,0.000000000,1774267537.059005976,0.017825842,0.406177640,0.002655642,640,480,rgb8
978,images/000978.jpg,1774267537.110204220,1774267537.095817089,0.014387131,0.405000000,0.000000000,1774267537.099017382,0.011186838,0.406392157,0.002930903,640,480,rgb8
979,images/000979.jpg,1774267537.176949024,1774267537.175830364,0.001118660,0.405000000,0.000000000,1774267537.159029007,0.017920017,0.382741168,0.005329311,640,480,rgb8
980,images/000980.jpg,1774267537.210321426,1774267537.195824862,0.014496565,0.405000000,0.000000000,1774267537.199039221,0.011282206,0.397818644,0.008622474,640,480,rgb8
981,images/000981.jpg,1774267537.243694067,1774267537.235816479,0.007877588,0.405000000,0.000000000,1774267537.239043236,0.004650831,0.404687083,0.007063361,640,480,rgb8
982,images/000982.jpg,1774267537.277066946,1774267537.275821686,0.001245260,0.405000000,0.000000000,1774267537.259055614,0.018011332,0.404791362,0.003180108,640,480,rgb8
983,images/000983.jpg,1774267537.310439587,1774267537.295822620,0.014616966,0.405000000,0.000000000,1774267537.299082279,0.011357307,0.410309937,0.001351438,640,480,rgb8
984,images/000984.jpg,1774267537.343812466,1774267537.335825443,0.007987022,0.405000000,0.000000000,1774267537.339051485,0.004760981,0.410193535,0.006429456,640,480,rgb8
985,images/000985.jpg,1774267537.377185583,1774267537.375830173,0.001355410,0.405000000,0.000000000,1774267537.359054804,0.018130779,0.360004740,0.004891317,640,480,rgb8
986,images/000986.jpg,1774267537.410558701,1774267537.395838976,0.014719725,0.405000000,0.000000000,1774267537.399089098,0.011469603,0.359080645,0.002945024,640,480,rgb8
987,images/000987.jpg,1774267537.443931580,1774267537.435883045,0.008048534,0.405000000,0.000000000,1774267537.439043999,0.004887581,0.389718079,0.006358732,640,480,rgb8
988,images/000988.jpg,1774267537.477304935,1774267537.475824118,0.001480818,0.405000000,0.000000000,1774267537.459098816,0.018206120,0.401636172,0.005380642,640,480,rgb8
989,images/000989.jpg,1774267537.510678291,1774267537.495823622,0.014854670,0.405000000,0.000000000,1774267537.499025822,0.011652470,0.404911486,-0.001135493,640,480,rgb8
990,images/000990.jpg,1774267537.544051409,1774267537.535827875,0.008223534,0.405000000,0.000000000,1774267537.539034367,0.005017042,0.407367311,0.001281310,640,480,rgb8
991,images/000991.jpg,1774267537.577425003,1774267537.575819492,0.001605511,0.405000000,0.000000000,1774267537.559051275,0.018373728,0.407498080,0.011798531,640,480,rgb8
992,images/000992.jpg,1774267537.610798597,1774267537.595828295,0.014970303,0.405000000,0.000000000,1774267537.599057198,0.011741400,0.434006550,0.049707410,640,480,rgb8
993,images/000993.jpg,1774267537.644172430,1774267537.635827541,0.008344889,0.405000000,0.000000000,1774267537.639033318,0.005139112,0.423785018,0.049537791,640,480,rgb8
994,images/000994.jpg,1774267537.677545547,1774267537.675825834,0.001719713,0.405000000,0.000000000,1774267537.659083843,0.018461704,0.424094814,0.032516026,640,480,rgb8
995,images/000995.jpg,1774267537.710898161,1774267537.695827723,0.015070438,0.405000000,0.000000000,1774267537.699070215,0.011827946,0.352670323,0.020144594,640,480,rgb8
996,images/000996.jpg,1774267537.744250774,1774267537.735834599,0.008416176,0.405000000,0.000000000,1774267537.739082813,0.005167961,0.390603876,0.012298497,640,480,rgb8
997,images/000997.jpg,1774267537.777603626,1774267537.775792837,0.001810789,0.405000000,0.000000000,1774267537.759061575,0.018542051,0.404182823,0.001165090,640,480,rgb8
998,images/000998.jpg,1774267537.844327450,1774267537.835824013,0.008503437,0.405000000,0.000000000,1774267537.839046717,0.005280733,0.407840183,-0.005278849,640,480,rgb8
999,images/000999.jpg,1774267537.877689362,1774267537.875823259,0.001866102,0.405000000,0.000000000,1774267537.859047651,0.018641710,0.409214437,0.000537613,640,480,rgb8
1000,images/001000.jpg,1774267537.911051512,1774267537.895848274,0.015203238,0.405000000,0.000000000,1774267537.899039507,0.012012005,0.430445509,-0.004842116,640,480,rgb8
1001,images/001001.jpg,1774267537.944413662,1774267537.935840368,0.008573294,0.405000000,0.000000000,1774267537.939080238,0.005333424,0.419201586,-0.009990635,640,480,rgb8
1002,images/001002.jpg,1774267537.977775574,1774267537.975821495,0.001954079,0.405000000,0.000000000,1774267537.959065199,0.018710375,0.419435872,-0.007441922,640,480,rgb8
1003,images/001003.jpg,1774267538.011137724,1774267537.995825052,0.015312672,0.405000000,0.000000000,1774267537.999076843,0.012060881,0.411819009,0.003181586,640,480,rgb8
1004,images/001004.jpg,1774267538.044499874,1774267538.035837889,0.008661985,0.405000000,0.000000000,1774267538.039096117,0.005403757,0.409295595,-0.004399343,640,480,rgb8
1005,images/001005.jpg,1774267538.077861786,1774267538.075829506,0.002032280,0.405000000,0.000000000,1774267538.059267521,0.018594265,0.407009235,-0.008653037,640,480,rgb8
1006,images/001006.jpg,1774267538.111223936,1774267538.095818281,0.015405655,0.405000000,0.000000000,1774267538.099038601,0.012185335,0.406152916,-0.006508859,640,480,rgb8
1007,images/001007.jpg,1774267538.144586086,1774267538.135811329,0.008774757,0.405000000,0.000000000,1774267538.139039278,0.005546808,0.406276783,-0.005552653,640,480,rgb8
1008,images/001008.jpg,1774267538.177948236,1774267538.175806046,0.002142191,0.405000000,0.000000000,1774267538.159022093,0.018926144,0.408463293,-0.006984715,640,480,rgb8
1009,images/001009.jpg,1774267538.211310625,1774267538.195806026,0.015504599,0.405000000,0.000000000,1774267538.199038267,0.012272358,0.407920540,-0.006393144,640,480,rgb8
1010,images/001010.jpg,1774267538.311397314,1774267538.295827150,0.015570164,0.405000000,0.000000000,1774267538.300063372,0.011333942,0.407669659,-0.000692468,640,480,rgb8
1011,images/001011.jpg,1774267538.344759226,1774267538.335827351,0.008931875,0.405000000,0.000000000,1774267538.339086533,0.005672693,0.407633339,0.002644014,640,480,rgb8
1012,images/001012.jpg,1774267538.378121614,1774267538.375812531,0.002309084,0.405000000,0.000000000,1774267538.359091043,0.019030571,0.407702214,0.002838216,640,480,rgb8
1013,images/001013.jpg,1774267538.411484003,1774267538.395818710,0.015665293,0.405000000,0.000000000,1774267538.399141788,0.012342215,0.407447339,0.009359016,640,480,rgb8
1014,images/001014.jpg,1774267538.444846153,1774267538.435838699,0.009007454,0.405000000,0.000000000,1774267538.439189672,0.005656481,0.408539071,0.005854374,640,480,rgb8
1015,images/001015.jpg,1774267538.478208542,1774267538.475823164,0.002385378,0.405000000,0.000000000,1774267538.459082842,0.019125700,0.408614463,0.006892041,640,480,rgb8
1016,images/001016.jpg,1774267538.511570930,1774267538.495816231,0.015754700,0.405000000,0.000000000,1774267538.499088526,0.012482405,0.409033639,0.017515967,640,480,rgb8
1017,images/001017.jpg,1774267538.544933319,1774267538.535813093,0.009120226,0.405000000,0.000000000,1774267538.539056063,0.005877256,0.407999180,0.019024375,640,480,rgb8
1018,images/001018.jpg,1774267538.578295708,1774267538.575806379,0.002489328,0.405000000,0.000000000,1774267538.559044838,0.019250870,0.407640627,0.008044686,640,480,rgb8
1019,images/001019.jpg,1774267538.611658096,1774267538.595809698,0.015848398,0.405000000,0.000000000,1774267538.599052429,0.012605667,0.407759694,-0.000942655,640,480,rgb8
1020,images/001020.jpg,1774267538.645020485,1774267538.635813236,0.009207249,0.405000000,0.000000000,1774267538.639054537,0.005965948,0.407542594,-0.001700754,640,480,rgb8
1021,images/001021.jpg,1774267538.678383112,1774267538.675815344,0.002567768,0.405000000,0.000000000,1774267538.659083366,0.019299746,0.407597697,-0.001283338,640,480,rgb8
1022,images/001022.jpg,1774267538.711745262,1774267538.695815325,0.015929937,0.405000000,0.000000000,1774267538.699099064,0.012646198,0.407398355,-0.007414377,640,480,rgb8
1023,images/001023.jpg,1774267538.745107889,1774267538.735829115,0.009278774,0.405000000,0.000000000,1774267538.739075899,0.006031990,0.408546224,-0.000110301,640,480,rgb8
1024,images/001024.jpg,1774267538.778470278,1774267538.775817871,0.002652407,0.405000000,0.000000000,1774267538.759092093,0.019378185,0.408610243,0.001376444,640,480,rgb8
1025,images/001025.jpg,1774267538.811822891,1774267538.795795679,0.016027212,0.405000000,0.000000000,1774267538.799038172,0.012784719,0.409035602,-0.002517537,640,480,rgb8
1026,images/001026.jpg,1774267538.845175743,1774267538.835829020,0.009346724,0.405000000,0.000000000,1774267538.839075089,0.006100655,0.408220594,0.004387107,640,480,rgb8
1027,images/001027.jpg,1774267538.878528833,1774267538.875824928,0.002703905,0.405000000,0.000000000,1774267538.859096050,0.019432783,0.407997033,0.008550476,640,480,rgb8
1028,images/001028.jpg,1774267538.945261955,1774267538.935777187,0.009484768,0.405000000,0.000000000,1774267538.939038038,0.006223917,0.409109444,0.008221488,640,480,rgb8
1029,images/001029.jpg,1774267538.978628635,1774267538.976332664,0.002295971,0.405000000,0.000000000,1774267538.959058285,0.019570351,0.385531731,0.006114045,640,480,rgb8
1030,images/001030.jpg,1774267539.011995554,1774267538.995819569,0.016175985,0.405000000,0.000000000,1774267538.999072313,0.012923241,0.394615441,-0.004429883,640,480,rgb8
1031,images/001031.jpg,1774267539.045362711,1774267539.035828590,0.009534121,0.405000000,0.000000000,1774267539.039042473,0.006320238,0.465135130,-0.017071347,640,480,rgb8
1032,images/001032.jpg,1774267539.078729868,1774267539.075829506,0.002900362,0.405000000,0.000000000,1774267539.059070587,0.019659281,0.465897342,-0.016238937,640,480,rgb8
1033,images/001033.jpg,1774267539.112097502,1774267539.095840454,0.016257048,0.405000000,0.000000000,1774267539.099059105,0.013038397,0.420489571,0.010573081,640,480,rgb8
1034,images/001034.jpg,1774267539.145464897,1774267539.135831594,0.009633303,0.405000000,0.000000000,1774267539.139099836,0.006365061,0.408680829,0.063538800,640,480,rgb8
1035,images/001035.jpg,1774267539.178832531,1774267539.175834656,0.002997875,0.405000000,0.000000000,1774267539.159038067,0.019794464,0.405894467,0.065615255,640,480,rgb8
1036,images/001036.jpg,1774267539.212200403,1774267539.195842743,0.016357660,0.405000000,0.000000000,1774267539.199060678,0.013139725,0.405923655,0.045656822,640,480,rgb8
1037,images/001037.jpg,1774267539.245568275,1774267539.235827208,0.009741068,0.405000000,0.000000000,1774267539.239013672,0.006554604,0.407413942,0.024471430,640,480,rgb8
1038,images/001038.jpg,1774267539.278936625,1774267539.275833368,0.003103256,0.405000000,0.000000000,1774267539.259011030,0.019925594,0.384515368,0.022193778,640,480,rgb8
1039,images/001039.jpg,1774267539.312304735,1774267539.295825720,0.016479015,0.405000000,0.000000000,1774267539.299007177,0.013297558,0.394990284,-0.003891138,640,480,rgb8
1040,images/001040.jpg,1774267539.345673323,1774267539.335828066,0.009845257,0.405000000,0.000000000,1774267539.339028358,0.006644964,0.400813281,-0.022850854,640,480,rgb8
1041,images/001041.jpg,1774267539.379041672,1774267539.375826120,0.003215551,0.405000000,0.000000000,1774267539.359027386,0.020014286,0.400778514,-0.017777522,640,480,rgb8
1042,images/001042.jpg,1774267539.412410736,1774267539.395824432,0.016586304,0.405000000,0.000000000,1774267539.399040937,0.013369799,0.364249146,0.004021118,640,480,rgb8
1043,images/001043.jpg,1774267539.445779562,1774267539.435817003,0.009962559,0.405000000,0.000000000,1774267539.439031601,0.006747961,0.403116832,0.005106930,640,480,rgb8
1044,images/001044.jpg,1774267539.479148388,1774267539.475819826,0.003328562,0.405000000,0.000000000,1774267539.479032755,0.000115633,0.403135323,-0.007557768,640,480,rgb8
1045,images/001045.jpg,1774267539.512517691,1774267539.495836258,0.016681433,0.405000000,0.000000000,1774267539.499026299,0.013491392,0.406119893,-0.009691631,640,480,rgb8
1046,images/001046.jpg,1774267539.545886993,1774267539.535824776,0.010062218,0.405000000,0.000000000,1774267539.539026260,0.006860733,0.407298166,-0.004187304,640,480,rgb8
1047,images/001047.jpg,1774267539.579256296,1774267539.575831890,0.003424406,0.405000000,0.000000000,1774267539.579018116,0.000238180,0.406342408,0.001382315,640,480,rgb8
1048,images/001048.jpg,1774267539.612626076,1774267539.595821381,0.016804695,0.405000000,0.000000000,1774267539.599059343,0.013566732,0.406388270,-0.001579587,640,480,rgb8
1049,images/001049.jpg,1774267539.645995855,1774267539.635814428,0.010181427,0.405000000,0.000000000,1774267539.639045477,0.006950378,0.406182004,-0.012526009,640,480,rgb8
1050,images/001050.jpg,1774267539.679365635,1774267539.675819397,0.003546238,0.405000000,0.000000000,1774267539.679042101,0.000323534,0.407492486,-0.010480088,640,480,rgb8
1051,images/001051.jpg,1774267539.712735891,1774267539.695823908,0.016911983,0.405000000,0.000000000,1774267539.699048519,0.013687372,0.407126696,-0.002020688,640,480,rgb8
1052,images/001052.jpg,1774267539.746105909,1774267539.735828638,0.010277271,0.405000000,0.000000000,1774267539.739022255,0.007083654,0.407374196,-0.001361814,640,480,rgb8
1053,images/001053.jpg,1774267539.779476404,1774267539.775831938,0.003644466,0.405000000,0.000000000,1774267539.779054403,0.000422001,0.407481328,0.000119978,640,480,rgb8
1054,images/001054.jpg,1774267539.812846899,1774267539.795827866,0.017019033,0.405000000,0.000000000,1774267539.799065828,0.013781071,0.408813364,0.001073157,640,480,rgb8
1055,images/001055.jpg,1774267539.846217632,1774267539.835824728,0.010392904,0.405000000,0.000000000,1774267539.839063168,0.007154465,0.409322918,0.000173030,640,480,rgb8
1056,images/001056.jpg,1774267539.879588127,1774267539.875823259,0.003764868,0.405000000,0.000000000,1774267539.879067898,0.000520229,0.407977947,-0.003029358,640,480,rgb8
1057,images/001057.jpg,1774267539.912943125,1774267539.895830870,0.017112255,0.405000000,0.000000000,1774267539.899066687,0.013876438,0.408033398,-0.003512506,640,480,rgb8
1058,images/001058.jpg,1774267539.946298361,1774267539.935838938,0.010459423,0.405000000,0.000000000,1774267539.939041615,0.007256746,0.375981833,0.000619876,640,480,rgb8
1059,images/001059.jpg,1774267539.979653358,1774267539.975816250,0.003837109,0.405000000,0.000000000,1774267539.979054928,0.000598431,0.403829197,0.000683417,640,480,rgb8
1060,images/001060.jpg,1774267540.046414375,1774267540.035815716,0.010598660,0.405000000,0.000000000,1774267540.039033175,0.007381201,0.405327371,0.010352265,640,480,rgb8
1061,images/001061.jpg,1774267540.079795122,1774267540.075817108,0.003978014,0.405000000,0.000000000,1774267540.079039097,0.000756025,0.406442201,0.011071986,640,480,rgb8
1062,images/001062.jpg,1774267540.113176107,1774267540.095810413,0.017365694,0.405000000,0.000000000,1774267540.099035263,0.014140844,0.472483702,0.011020752,640,480,rgb8
1063,images/001063.jpg,1774267540.146556854,1774267540.135816813,0.010740042,0.405000000,0.000000000,1774267540.139001131,0.007555723,0.433471227,0.002124607,640,480,rgb8
1064,images/001064.jpg,1774267540.179938078,1774267540.175821304,0.004116774,0.405000000,0.000000000,1774267540.179035425,0.000902653,0.416975584,0.003868177,640,480,rgb8
1065,images/001065.jpg,1774267540.213319302,1774267540.195834160,0.017485142,0.405000000,0.000000000,1774267540.199050426,0.014268875,0.417126675,0.005238921,640,480,rgb8
1066,images/001066.jpg,1774267540.246700764,1774267540.235824347,0.010876417,0.405000000,0.000000000,1774267540.239042997,0.007657766,0.410616156,0.003348019,640,480,rgb8
1067,images/001067.jpg,1774267540.280081987,1774267540.275833845,0.004248142,0.405000000,0.000000000,1774267540.279054165,0.001027822,0.363255575,0.005790548,640,480,rgb8
1068,images/001068.jpg,1774267540.313463688,1774267540.295829296,0.017634392,0.405000000,0.000000000,1774267540.299075365,0.014388323,0.384601239,0.003625432,640,480,rgb8
1069,images/001069.jpg,1774267540.346845388,1774267540.335839272,0.011006117,0.405000000,0.000000000,1774267540.339060783,0.007784605,0.384106897,0.003998388,640,480,rgb8
1070,images/001070.jpg,1774267540.380227327,1774267540.375822306,0.004405022,0.405000000,0.000000000,1774267540.379039049,0.001188278,0.399649196,0.000490979,640,480,rgb8
1071,images/001071.jpg,1774267540.413609266,1774267540.395831823,0.017777443,0.405000000,0.000000000,1774267540.399044275,0.014564991,0.341269866,0.002707038,640,480,rgb8
1072,images/001072.jpg,1774267540.480373621,1774267540.476372957,0.004000664,0.405000000,0.000000000,1774267540.479149580,0.001224041,0.383728997,0.002707134,640,480,rgb8
1073,images/001073.jpg,1774267540.513756037,1774267540.495834351,0.017921686,0.405000000,0.000000000,1774267540.499078512,0.014677525,0.400907243,0.000119238,640,480,rgb8
1074,images/001074.jpg,1774267540.547138453,1774267540.535811424,0.011327028,0.405000000,0.000000000,1774267540.539021969,0.008116484,0.410446294,-0.006477315,640,480,rgb8
1075,images/001075.jpg,1774267540.580521345,1774267540.575827360,0.004693985,0.405000000,0.000000000,1774267540.579043150,0.001478195,0.411224786,-0.014290328,640,480,rgb8
1076,images/001076.jpg,1774267540.613903761,1774267540.595833778,0.018069983,0.405000000,0.000000000,1774267540.599055052,0.014848709,0.410537969,-0.002171642,640,480,rgb8
1077,images/001077.jpg,1774267540.647286892,1774267540.635831594,0.011455297,0.405000000,0.000000000,1774267540.639063358,0.008223534,0.410737852,0.028271593,640,480,rgb8
1078,images/001078.jpg,1774267540.680670023,1774267540.675823927,0.004846096,0.405000000,0.000000000,1774267540.679023266,0.001646757,0.410123580,0.066099325,640,480,rgb8
1079,images/001079.jpg,1774267540.714052916,1774267540.695823908,0.018229008,0.405000000,0.000000000,1774267540.699060440,0.014992476,0.409810447,0.051369491,640,480,rgb8
1080,images/001080.jpg,1774267540.747436285,1774267540.735818386,0.011617899,0.405000000,0.000000000,1774267540.739022017,0.008414268,0.408678996,0.014736565,640,480,rgb8
1081,images/001081.jpg,1774267540.780819654,1774267540.775813818,0.005005836,0.405000000,0.000000000,1774267540.779024601,0.001795053,0.407037764,0.014392934,640,480,rgb8
1082,images/001082.jpg,1774267540.814203024,1774267540.795819521,0.018383503,0.405000000,0.000000000,1774267540.799038410,0.015164614,0.407085549,0.007147060,640,480,rgb8
1083,images/001083.jpg,1774267540.847586632,1774267540.835820436,0.011766195,0.405000000,0.000000000,1774267540.839043856,0.008542776,0.406378043,-0.011155584,640,480,rgb8
1084,images/001084.jpg,1774267540.880970478,1774267540.875822306,0.005148172,0.405000000,0.000000000,1774267540.879076004,0.001894474,0.407820994,-0.007496275,640,480,rgb8
1085,images/001085.jpg,1774267540.914354563,1774267540.895831347,0.018523216,0.405000000,0.000000000,1774267540.899051905,0.015302658,0.407011821,-0.005159256,640,480,rgb8
1086,images/001086.jpg,1774267540.947738409,1774267540.935824394,0.011914015,0.405000000,0.000000000,1774267540.939064264,0.008674145,0.407099716,0.002535974,640,480,rgb8
1087,images/001087.jpg,1774267540.981122017,1774267540.975824356,0.005297661,0.405000000,0.000000000,1774267540.979029417,0.002092600,0.406495294,0.007770398,640,480,rgb8
1088,images/001088.jpg,1774267541.014478922,1774267540.995837450,0.018641472,0.405000000,0.000000000,1774267540.999074697,0.015404224,0.406223110,0.004142009,640,480,rgb8
1089,images/001089.jpg,1774267541.047836065,1774267541.035837173,0.011998892,0.405000000,0.000000000,1774267541.039071083,0.008764982,0.408044138,-0.003850823,640,480,rgb8
1090,images/001090.jpg,1774267541.081193209,1774267541.075839996,0.005353212,0.405000000,0.000000000,1774267541.079061985,0.002131224,0.408729064,-0.003720295,640,480,rgb8
1091,images/001091.jpg,1774267541.147892952,1774267541.135827780,0.012065172,0.405000000,0.000000000,1774267541.139054537,0.008838415,0.409442774,-0.004366575,640,480,rgb8
1092,images/001092.jpg,1774267541.181242943,1774267541.175822020,0.005420923,0.405000000,0.000000000,1774267541.179029703,0.002213240,0.409753630,-0.001205732,640,480,rgb8
1093,images/001093.jpg,1774267541.214592934,1774267541.195833921,0.018759012,0.405000000,0.000000000,1774267541.199020863,0.015572071,0.409097352,-0.003087700,640,480,rgb8
1094,images/001094.jpg,1774267541.247942924,1774267541.235834360,0.012108564,0.405000000,0.000000000,1774267541.239081144,0.008861780,0.409217267,-0.001541572,640,480,rgb8
1095,images/001095.jpg,1774267541.281292677,1774267541.275851488,0.005441189,0.405000000,0.000000000,1774267541.279068470,0.002224207,0.343392722,-0.004130375,640,480,rgb8
1096,images/001096.jpg,1774267541.314642668,1774267541.295836687,0.018805981,0.005282620,0.499646725,1774267541.299070358,0.015572309,0.382597399,-0.000457581,640,480,rgb8
1097,images/001097.jpg,1774267541.347992182,1774267541.335827589,0.012164593,0.000000000,0.810000000,1774267541.339055300,0.008936882,0.397411416,-0.003111884,640,480,rgb8
1098,images/001098.jpg,1774267541.381341934,1774267541.375832558,0.005509377,0.000000000,0.810000000,1774267541.379030466,0.002311468,0.398382902,0.041521998,640,480,rgb8
1099,images/001099.jpg,1774267541.414691687,1774267541.395819426,0.018872261,0.000000000,0.810000000,1774267541.399069071,0.015622616,0.398333551,0.041521998,640,480,rgb8
1100,images/001100.jpg,1774267541.448041439,1774267541.435815334,0.012226105,0.000000000,0.810000000,1774267541.439079285,0.008962154,0.353145401,0.259221170,640,480,rgb8
1101,images/001101.jpg,1774267541.481391191,1774267541.475815058,0.005576134,0.000000000,0.810000000,1774267541.479047775,0.002343416,0.301786108,0.426614561,640,480,rgb8
1102,images/001102.jpg,1774267541.514740705,1774267541.495824575,0.018916130,0.000000000,0.810000000,1774267541.499032021,0.015708685,0.300578042,0.464822250,640,480,rgb8
1103,images/001103.jpg,1774267541.548090219,1774267541.535819054,0.012271166,0.000000000,0.310067650,1774267541.539023161,0.009067059,0.206011399,0.539210634,640,480,rgb8
1104,images/001104.jpg,1774267541.581439972,1774267541.575814962,0.005625010,0.000000000,0.000000000,1774267541.579022884,0.002417088,0.110400853,0.577895729,640,480,rgb8
1105,images/001105.jpg,1774267541.614789486,1774267541.595811605,0.018977880,0.000000000,0.000000000,1774267541.599014759,0.015774727,0.047217439,0.542380077,640,480,rgb8
1106,images/001106.jpg,1774267541.648139000,1774267541.635816574,0.012322426,0.000000000,0.000000000,1774267541.639029741,0.009109259,0.038923366,0.246693383,640,480,rgb8
1107,images/001107.jpg,1774267541.681488514,1774267541.675829411,0.005659103,0.000000000,0.000000000,1774267541.679030418,0.002458096,0.007390221,0.013442353,640,480,rgb8
1108,images/001108.jpg,1774267541.714837790,1774267541.695842505,0.018995285,0.000000000,0.000000000,1774267541.699307442,0.015530348,0.002904282,0.013442353,640,480,rgb8
1109,images/001109.jpg,1774267541.748187542,1774267541.735822439,0.012365103,0.000000000,0.000000000,1774267541.739061594,0.009125948,-0.001020580,-0.000424767,640,480,rgb8
1110,images/001110.jpg,1774267541.781536818,1774267541.775825739,0.005711079,0.000000000,0.000000000,1774267541.779045105,0.002491713,-0.002460525,-0.027908449,640,480,rgb8
1111,images/001111.jpg,1774267541.814886332,1774267541.795811653,0.019074678,0.000000000,0.499672350,1774267541.799057484,0.015828848,-0.006739730,-0.021824512,640,480,rgb8
1112,images/001112.jpg,1774267541.848235607,1774267541.835809708,0.012425900,0.000000000,0.810000000,1774267541.839027166,0.009208441,-0.004866933,-0.005098565,640,480,rgb8
1113,images/001113.jpg,1774267541.881584644,1774267541.875818253,0.005766392,0.000000000,0.810000000,1774267541.879040241,0.002544403,-0.000683126,0.095145890,640,480,rgb8
1114,images/001114.jpg,1774267541.914934158,1774267541.895816088,0.019118071,0.000000000,0.810000000,1774267541.899046898,0.015887260,-0.004684049,0.342485804,640,480,rgb8
1115,images/001115.jpg,1774267541.948283434,1774267541.935810804,0.012472630,0.000000000,0.810000000,1774267541.939031601,0.009251833,0.004968803,0.507487457,640,480,rgb8
1116,images/001116.jpg,1774267541.981632471,1774267541.975816965,0.005815506,0.000000000,0.810000000,1774267541.979045153,0.002587318,-0.002605445,0.588529824,640,480,rgb8
1117,images/001117.jpg,1774267542.014981747,1774267541.995835781,0.019145966,0.000000000,0.810000000,1774267541.999063253,0.015918493,0.001949369,0.622725481,640,480,rgb8
1118,images/001118.jpg,1774267542.048330784,1774267542.035830975,0.012499809,0.000000000,0.810000000,1774267542.039051294,0.009279490,0.003087660,0.651600847,640,480,rgb8
1119,images/001119.jpg,1774267542.081680059,1774267542.075839281,0.005840778,0.000000000,0.810000000,1774267542.079046011,0.002634048,0.003797404,0.662508913,640,480,rgb8
1120,images/001120.jpg,1774267542.115036964,1774267542.095829010,0.019207954,0.000000000,0.810000000,1774267542.099049330,0.015987635,0.000312236,0.665989904,640,480,rgb8
1121,images/001121.jpg,1774267542.148393393,1774267542.135824919,0.012568474,0.000000000,0.810000000,1774267542.139057636,0.009335756,0.003615200,0.675287693,640,480,rgb8
1122,images/001122.jpg,1774267542.181750059,1774267542.175818682,0.005931377,0.000000000,0.810000000,1774267542.179055452,0.002694607,0.008383427,0.675774998,640,480,rgb8
1123,images/001123.jpg,1774267542.215117455,1774267542.195832968,0.019284487,0.000000000,0.810000000,1774267542.199071646,0.016045809,0.008088574,0.672972287,640,480,rgb8
1124,images/001124.jpg,1774267542.248484850,1774267542.235812187,0.012672663,0.000000000,0.810000000,1774267542.239170074,0.009314775,0.001704418,0.678302416,640,480,rgb8
1125,images/001125.jpg,1774267542.281852484,1774267542.275849104,0.006003380,0.405000000,0.000000000,1774267542.279055357,0.002797127,0.001653640,0.678788034,640,480,rgb8
1126,images/001126.jpg,1774267542.315220118,1774267542.295830488,0.019389629,0.405000000,0.000000000,1774267542.299052000,0.016168118,0.004716339,0.675007969,640,480,rgb8
1127,images/001127.jpg,1774267542.348588228,1774267542.335812330,0.012775898,0.405000000,0.000000000,1774267542.339049578,0.009538651,-0.001349808,0.620557847,640,480,rgb8
1128,images/001128.jpg,1774267542.381956100,1774267542.375846386,0.006109715,0.405000000,0.000000000,1774267542.379048109,0.002907991,0.009696710,0.595503725,640,480,rgb8
1129,images/001129.jpg,1774267542.415324211,1774267542.395850658,0.019473553,0.405000000,0.000000000,1774267542.399110794,0.016213417,0.112063540,0.525662773,640,480,rgb8
1130,images/001130.jpg,1774267542.448692322,1774267542.435831547,0.012860775,0.405000000,0.000000000,1774267542.439044476,0.009647846,0.139168367,0.313570305,640,480,rgb8
1131,images/001131.jpg,1774267542.482060909,1774267542.475836754,0.006224155,0.405000000,0.000000000,1774267542.479083538,0.002977371,0.154016164,0.183167279,640,480,rgb8
1132,images/001132.jpg,1774267542.515429258,1774267542.495827198,0.019602060,0.405000000,0.000000000,1774267542.499049425,0.016379833,0.153051841,0.151810656,640,480,rgb8
1133,images/001133.jpg,1774267542.548797846,1774267542.535828114,0.012969732,0.000000000,0.000000000,1774267542.539060831,0.009737015,0.292254384,0.085459195,640,480,rgb8
1134,images/001134.jpg,1774267542.582166672,1774267542.575821400,0.006345272,0.000000000,0.000000000,1774267542.579024553,0.003142118,0.380165544,0.040395934,640,480,rgb8
1135,images/001135.jpg,1774267542.615535736,1774267542.595818043,0.019717693,0.000000000,0.000000000,1774267542.599039793,0.016495943,0.381940102,0.027047890,640,480,rgb8
1136,images/001136.jpg,1774267542.648904562,1774267542.635832310,0.013072252,0.000000000,0.000000000,1774267542.640392065,0.008512497,0.364497135,0.039988062,640,480,rgb8
1137,images/001137.jpg,1774267542.682273626,1774267542.675838470,0.006435156,0.000000000,0.000000000,1774267542.679025412,0.003248215,0.288567462,0.041438452,640,480,rgb8
1138,images/001138.jpg,1774267542.715643167,1774267542.695829868,0.019813299,0.000000000,0.000000000,1774267542.699030638,0.016612530,0.289127306,0.024882539,640,480,rgb8
1139,images/001139.jpg,1774267542.749012470,1774267542.735909700,0.013102770,0.000000000,0.000000000,1774267542.739028215,0.009984255,0.170914601,0.000652321,640,480,rgb8
1140,images/001140.jpg,1774267542.782382011,1774267542.775780916,0.006601095,0.405000000,0.000000000,1774267542.779032946,0.003349066,0.169145298,0.034409432,640,480,rgb8
1141,images/001141.jpg,1774267542.815751791,1774267542.795836449,0.019915342,0.405000000,0.000000000,1774267542.799100161,0.016651630,0.096049653,0.050278612,640,480,rgb8
1142,images/001142.jpg,1774267542.849121332,1774267542.835822821,0.013298512,0.405000000,0.000000000,1774267542.839200735,0.009920597,0.047159617,0.031756966,640,480,rgb8
1143,images/001143.jpg,1774267542.882491350,1774267542.875817299,0.006674051,0.405000000,0.000000000,1774267542.879034519,0.003456831,0.071274882,0.009268433,640,480,rgb8
1144,images/001144.jpg,1774267542.915861368,1774267542.915818691,0.000042677,0.405000000,0.000000000,1774267542.899069309,0.016792059,0.069304356,0.008030173,640,480,rgb8
1145,images/001145.jpg,1774267542.949231625,1774267542.935816050,0.013415575,0.405000000,0.000000000,1774267542.939051867,0.010179758,0.141636518,0.010286217,640,480,rgb8
1146,images/001146.jpg,1774267542.982602119,1774267542.975814342,0.006787777,0.405000000,0.000000000,1774267542.979046345,0.003555775,0.239375790,0.006298720,640,480,rgb8
1147,images/001147.jpg,1774267543.015972376,1774267543.015804768,0.000167608,0.405000000,0.000000000,1774267542.999067068,0.016905308,0.239530956,-0.009526126,640,480,rgb8
1148,images/001148.jpg,1774267543.049343109,1774267543.035807133,0.013535976,0.405000000,0.000000000,1774267543.039065838,0.010277271,0.349450645,0.019143739,640,480,rgb8
1149,images/001149.jpg,1774267543.082713604,1774267543.075823545,0.006890059,0.405000000,0.000000000,1774267543.079071760,0.003641844,0.382698915,0.018766027,640,480,rgb8
1150,images/001150.jpg,1774267543.116084576,1774267543.115811348,0.000273228,0.405000000,0.000000000,1774267543.099080801,0.017003775,0.384560778,0.002923328,640,480,rgb8
1151,images/001151.jpg,1774267543.149455309,1774267543.135816574,0.013638735,0.405000000,0.000000000,1774267543.139059067,0.010396242,0.368191988,0.007617937,640,480,rgb8
1152,images/001152.jpg,1774267543.182826281,1774267543.175827265,0.006999016,0.405000000,0.000000000,1774267543.179061174,0.003765106,0.407062114,0.014827200,640,480,rgb8
1153,images/001153.jpg,1774267543.216184855,1774267543.215860367,0.000324488,0.405000000,0.000000000,1774267543.199057341,0.017127514,0.410291692,0.006980760,640,480,rgb8
1154,images/001154.jpg,1774267543.249543190,1774267543.235828638,0.013714552,0.405000000,0.000000000,1774267543.239075422,0.010467768,0.414426939,-0.002671429,640,480,rgb8
1155,images/001155.jpg,1774267543.316260338,1774267543.315829277,0.000431061,0.405000000,0.000000000,1774267543.299044371,0.017215967,0.410206795,-0.001151241,640,480,rgb8
1156,images/001156.jpg,1774267543.349964142,1774267543.335828781,0.014135361,0.405000000,0.000000000,1774267543.339035749,0.010928392,0.407572953,0.021221727,640,480,rgb8
1157,images/001157.jpg,1774267543.383670092,1774267543.375833511,0.007836580,0.405000000,0.000000000,1774267543.379077673,0.004592419,0.343272380,0.010454525,640,480,rgb8
1158,images/001158.jpg,1774267543.417378187,1774267543.415831566,0.001546621,0.405000000,0.000000000,1774267543.399034023,0.018344164,0.344304682,0.004401506,640,480,rgb8
1159,images/001159.jpg,1774267543.451088190,1774267543.435822964,0.015265226,0.405000000,0.000000000,1774267543.439056158,0.012032032,0.389678121,0.006048941,640,480,rgb8
1160,images/001160.jpg,1774267543.484800100,1774267543.475829124,0.008970976,0.405000000,0.000000000,1774267543.479069233,0.005730867,0.372995305,0.010054696,640,480,rgb8
1161,images/001161.jpg,1774267543.518514156,1774267543.515813828,0.002700329,0.405000000,0.000000000,1774267543.499011755,0.019502401,0.390526560,0.001790153,640,480,rgb8
1162,images/001162.jpg,1774267543.552230120,1774267543.535824537,0.016405582,0.405000000,0.000000000,1774267543.539059162,0.013170958,0.400800214,-0.009217592,640,480,rgb8
1163,images/001163.jpg,1774267543.585948229,1774267543.575817347,0.010130882,0.405000000,0.000000000,1774267543.579100132,0.006848097,0.404029445,0.003370828,640,480,rgb8
1164,images/001164.jpg,1774267543.619668484,1774267543.615825653,0.003842831,0.405000000,0.000000000,1774267543.619029284,0.000639200,0.409609851,0.009264019,640,480,rgb8
1165,images/001165.jpg,1774267543.653390646,1774267543.635811090,0.017579556,0.405000000,0.000000000,1774267543.639034271,0.014356375,0.407546117,0.009705680,640,480,rgb8
1166,images/001166.jpg,1774267543.720841169,1774267543.715823174,0.005017996,0.405000000,0.000000000,1774267543.719061613,0.001779556,0.429633272,0.023352463,640,480,rgb8
1167,images/001167.jpg,1774267543.754569292,1774267543.735819340,0.018749952,0.405000000,0.000000000,1774267543.739021063,0.015548229,0.431404691,0.022372015,640,480,rgb8
1168,images/001168.jpg,1774267543.788299561,1774267543.775819778,0.012479782,0.405000000,0.000000000,1774267543.779029131,0.009270430,0.419797730,0.009009800,640,480,rgb8
1169,images/001169.jpg,1774267543.822031736,1774267543.815850973,0.006180763,0.004563260,0.500545925,1774267543.819050312,0.002981424,0.413643419,0.005844694,640,480,rgb8
1170,images/001170.jpg,1774267543.855766058,1774267543.835828543,0.019937515,0.000000000,0.810000000,1774267543.839070797,0.016695261,0.407180012,0.004877185,640,480,rgb8
1171,images/001171.jpg,1774267543.889502525,1774267543.875842571,0.013659954,0.000000000,0.810000000,1774267543.879061460,0.010441065,0.409945966,-0.010112594,640,480,rgb8
1172,images/001172.jpg,1774267543.923240662,1774267543.915831804,0.007408857,0.000000000,0.810000000,1774267543.919056654,0.004184008,0.370488573,0.056546529,640,480,rgb8
1173,images/001173.jpg,1774267543.956981182,1774267543.955830812,0.001150370,0.000000000,0.810000000,1774267543.939038515,0.017942667,0.371351394,0.160700461,640,480,rgb8
1174,images/001174.jpg,1774267543.990723610,1774267543.975815535,0.014908075,0.000000000,0.810000000,1774267543.979048252,0.011675358,0.352328548,0.320622774,640,480,rgb8
1175,images/001175.jpg,1774267544.024467945,1774267544.015813828,0.008654118,0.000000000,0.810000000,1774267544.019064903,0.005403042,0.288105978,0.433671721,640,480,rgb8
1176,images/001176.jpg,1774267544.058214426,1774267544.055824995,0.002389431,0.000000000,0.310229300,1774267544.039047956,0.019166470,0.287919378,0.511922780,640,480,rgb8
1177,images/001177.jpg,1774267544.091962814,1774267544.075816631,0.016146183,0.000000000,0.000000000,1774267544.079054356,0.012908459,0.130290537,0.575720512,640,480,rgb8
1178,images/001178.jpg,1774267544.125713348,1774267544.115814924,0.009898424,0.000000000,0.000000000,1774267544.119069576,0.006643772,0.049297260,0.542588865,640,480,rgb8
1179,images/001179.jpg,1774267544.159466028,1774267544.155830145,0.003635883,0.000000000,0.000000000,1774267544.159050226,0.000415802,0.029434412,0.246958130,640,480,rgb8
1180,images/001180.jpg,1774267544.193220377,1774267544.175827980,0.017392397,0.000000000,0.000000000,1774267544.179056406,0.014163971,0.026235949,0.063503501,640,480,rgb8
1181,images/001181.jpg,1774267544.226977110,1774267544.215835333,0.011141777,0.000000000,0.000000000,1774267544.219067335,0.007909775,0.009661446,0.027299433,640,480,rgb8
1182,images/001182.jpg,1774267544.260735512,1774267544.255841732,0.004893780,0.000000000,0.000000000,1774267544.259088516,0.001646996,0.000376070,0.019934029,640,480,rgb8
1183,images/001183.jpg,1774267544.294496298,1774267544.275832653,0.018663645,0.000000000,0.000000000,1774267544.279067039,0.015429258,-0.001167618,-0.002100667,640,480,rgb8
1184,images/001184.jpg,1774267544.328249931,1774267544.315830946,0.012418985,0.000000000,0.499861900,1774267544.319064617,0.009185314,0.001624989,-0.010171818,640,480,rgb8
1185,images/001185.jpg,1774267544.361639023,1774267544.355828762,0.005810261,0.000000000,0.810000000,1774267544.359032631,0.002606392,-0.004798947,0.025192962,640,480,rgb8
1186,images/001186.jpg,1774267544.395027876,1774267544.375841141,0.019186735,0.000000000,0.810000000,1774267544.379034758,0.015993118,0.003257415,0.086082075,640,480,rgb8
1187,images/001187.jpg,1774267544.461672544,1774267544.455826998,0.005845547,0.000000000,0.810000000,1774267544.459023714,0.002648830,-0.001169526,0.570789898,640,480,rgb8
1188,images/001188.jpg,1774267544.494994640,1774267544.475816965,0.019177675,0.000000000,0.810000000,1774267544.479029417,0.015965223,-0.004152029,0.593148885,640,480,rgb8
1189,images/001189.jpg,1774267544.528316498,1774267544.515810966,0.012505531,0.000000000,0.810000000,1774267544.519014359,0.009302139,-0.000457967,0.624829760,640,480,rgb8
1190,images/001190.jpg,1774267544.561637878,1774267544.555830240,0.005807638,0.000000000,0.810000000,1774267544.559058905,0.002578974,0.007080335,0.654630583,640,480,rgb8
1191,images/001191.jpg,1774267544.594959259,1774267544.575838804,0.019120455,0.000000000,0.810000000,1774267544.579019785,0.015939474,0.004380618,0.664865347,640,480,rgb8
1192,images/001192.jpg,1774267544.628280401,1774267544.615828991,0.012451410,0.000000000,0.000000000,1774267544.619035721,0.009244680,0.005937318,0.669332243,640,480,rgb8
1193,images/001193.jpg,1774267544.661601305,1774267544.655836582,0.005764723,0.000000000,0.000000000,1774267544.659057379,0.002543926,0.004909738,0.572774374,640,480,rgb8
1194,images/001194.jpg,1774267544.694921970,1774267544.675824404,0.019097567,0.000000000,0.000000000,1774267544.679092169,0.015829802,0.002336859,0.469702948,640,480,rgb8
1195,images/001195.jpg,1774267544.728242397,1774267544.715821028,0.012421370,0.000000000,0.000000000,1774267544.719018936,0.009223461,0.001636780,0.196696371,640,480,rgb8
1196,images/001196.jpg,1774267544.761562586,1774267544.755822182,0.005740404,0.000000000,0.000000000,1774267544.759005785,0.002556801,0.001191235,0.102703685,640,480,rgb8
1197,images/001197.jpg,1774267544.828202486,1774267544.815995455,0.012207031,0.000000000,0.000000000,1774267544.819117546,0.009084940,0.001886570,0.019595629,640,480,rgb8
1198,images/001198.jpg,1774267544.861521721,1774267544.855823755,0.005697966,0.405000000,0.000000000,1774267544.859008789,0.002512932,0.004778242,0.020229700,640,480,rgb8
1199,images/001199.jpg,1774267544.894840956,1774267544.875812769,0.019028187,0.405000000,0.000000000,1774267544.879017830,0.015823126,0.002506485,0.033930252,640,480,rgb8
1200,images/001200.jpg,1774267544.928160191,1774267544.915827990,0.012332201,0.405000000,0.000000000,1774267544.919034481,0.009125710,0.002960409,0.120564631,640,480,rgb8
1201,images/001201.jpg,1774267544.961478949,1774267544.956016541,0.005462408,0.405000000,0.000000000,1774267544.959060907,0.002418041,0.039867370,0.094469394,640,480,rgb8
1202,images/001202.jpg,1774267544.994797707,1774267544.975821257,0.018976450,0.405000000,0.000000000,1774267544.979033947,0.015763760,0.038162971,0.076296004,640,480,rgb8
1203,images/001203.jpg,1774267545.028115988,1774267545.015846014,0.012269974,0.405000000,0.000000000,1774267545.019060373,0.009055614,0.113727545,0.049227418,640,480,rgb8
1204,images/001204.jpg,1774267545.061434031,1774267545.055830717,0.005603313,0.405000000,0.000000000,1774267545.059054613,0.002379417,0.204308650,0.023569197,640,480,rgb8
1205,images/001205.jpg,1774267545.094751835,1774267545.075820923,0.018930912,0.405000000,0.000000000,1774267545.079054117,0.015697718,0.204655502,0.013615884,640,480,rgb8
1206,images/001206.jpg,1774267545.128069639,1774267545.115822315,0.012247324,0.405000000,0.000000000,1774267545.119046688,0.009022951,0.312584148,0.010589828,640,480,rgb8
1207,images/001207.jpg,1774267545.161387205,1774267545.155821323,0.005565882,0.405000000,0.000000000,1774267545.159029484,0.002357721,0.393925183,0.019031882,640,480,rgb8
1208,images/001208.jpg,1774267545.194704294,1774267545.175822496,0.018881798,0.405000000,0.000000000,1774267545.179041862,0.015662432,0.396498192,0.019031882,640,480,rgb8
1209,images/001209.jpg,1774267545.228021145,1774267545.215825558,0.012195587,0.405000000,0.000000000,1774267545.219028711,0.008992434,0.406547011,-0.003566254,640,480,rgb8
1210,images/001210.jpg,1774267545.261338234,1774267545.255839586,0.005498648,0.405000000,0.000000000,1774267545.259075642,0.002262592,0.413251319,0.051423243,640,480,rgb8
1211,images/001211.jpg,1774267545.294654608,1774267545.275820971,0.018833637,0.405000000,0.000000000,1774267545.279052258,0.015602350,0.415896977,0.070995677,640,480,rgb8
1212,images/001212.jpg,1774267545.327970982,1774267545.315829277,0.012141705,0.405000000,0.000000000,1774267545.319055319,0.008915663,0.416584432,0.015336947,640,480,rgb8
1213,images/001213.jpg,1774267545.361286879,1774267545.355836153,0.005450726,0.405000000,0.000000000,1774267545.359034061,0.002252817,0.411621678,0.013345155,640,480,rgb8
1214,images/001214.jpg,1774267545.394604445,1774267545.375836134,0.018768311,0.405000000,0.000000000,1774267545.379073858,0.015530586,0.414097258,0.019306308,640,480,rgb8
1215,images/001215.jpg,1774267545.427989960,1774267545.415839434,0.012150526,0.405000000,0.000000000,1774267545.419052601,0.008937359,0.406754266,0.013261907,640,480,rgb8
1216,images/001216.jpg,1774267545.461375237,1774267545.455840111,0.005535126,0.405000000,0.000000000,1774267545.459039450,0.002335787,0.406679354,-0.007970762,640,480,rgb8
1217,images/001217.jpg,1774267545.494760752,1774267545.475795746,0.018965006,0.405000000,0.000000000,1774267545.479007244,0.015753508,0.408939531,-0.016825361,640,480,rgb8
1218,images/001218.jpg,1774267545.561418533,1774267545.555841208,0.005577326,0.405000000,0.000000000,1774267545.559010744,0.002407789,0.370901992,0.010711968,640,480,rgb8
1219,images/001219.jpg,1774267545.594746828,1774267545.575828075,0.018918753,0.405000000,0.000000000,1774267545.579008579,0.015738249,0.372594357,0.009536749,640,480,rgb8
1220,images/001220.jpg,1774267545.628074884,1774267545.615816116,0.012258768,0.405000000,0.000000000,1774267545.619040966,0.009033918,0.396131534,0.004134781,640,480,rgb8
1221,images/001221.jpg,1774267545.661403179,1774267545.655772924,0.005630255,0.405000000,0.000000000,1774267545.659049034,0.002354145,0.405707463,0.013282426,640,480,rgb8
1222,images/001222.jpg,1774267545.694730997,1774267545.675815344,0.018915653,0.405000000,0.000000000,1774267545.679075241,0.015655756,0.407714795,0.016735895,640,480,rgb8
1223,images/001223.jpg,1774267545.728058577,1774267545.715836048,0.012222528,0.405000000,0.000000000,1774267545.719081879,0.008976698,0.409659303,0.019413818,640,480,rgb8
1224,images/001224.jpg,1774267545.761385918,1774267545.755835533,0.005550385,0.405000000,0.000000000,1774267545.759088278,0.002297640,0.413618659,0.009010477,640,480,rgb8
1225,images/001225.jpg,1774267545.794713020,1774267545.775835752,0.018877268,0.405000000,0.000000000,1774267545.779067039,0.015645981,0.410649190,0.006863121,640,480,rgb8
1226,images/001226.jpg,1774267545.828040123,1774267545.815817356,0.012222767,0.405000000,0.000000000,1774267545.819049358,0.008990765,0.410041400,0.017156684,640,480,rgb8
1227,images/001227.jpg,1774267545.861366987,1774267545.855815411,0.005551577,0.405000000,0.000000000,1774267545.859037638,0.002329350,0.410999211,0.014897035,640,480,rgb8
1228,images/001228.jpg,1774267545.961345911,1774267545.955814600,0.005531311,0.405000000,0.000000000,1774267545.959055424,0.002290487,0.407397939,0.018594303,640,480,rgb8
1229,images/001229.jpg,1774267545.994671822,1774267545.975812197,0.018859625,0.405000000,0.000000000,1774267545.979068995,0.015602827,0.409077951,0.018594303,640,480,rgb8
1230,images/001230.jpg,1774267546.027997494,1774267546.015813351,0.012184143,0.405000000,0.000000000,1774267546.019038916,0.008958578,0.406256050,0.013957828,640,480,rgb8
1231,images/001231.jpg,1774267546.061322927,1774267546.055785894,0.005537033,0.405000000,0.000000000,1774267546.059014797,0.002308130,0.409461882,0.010186292,640,480,rgb8
1232,images/001232.jpg,1774267546.094648361,1774267546.075817347,0.018831015,0.405000000,0.000000000,1774267546.079049110,0.015599251,0.406689101,0.010198566,640,480,rgb8
1233,images/001233.jpg,1774267546.127973318,1774267546.115835428,0.012137890,0.405000000,0.000000000,1774267546.119080782,0.008892536,0.406284611,0.008830850,640,480,rgb8
1234,images/001234.jpg,1774267546.161298275,1774267546.155818462,0.005479813,0.405000000,0.000000000,1774267546.159225702,0.002072573,0.408032492,0.010834985,640,480,rgb8
1235,images/001235.jpg,1774267546.194622993,1774267546.175822973,0.018800020,0.405000000,0.000000000,1774267546.178984404,0.015638590,0.409506701,0.013805552,640,480,rgb8
1236,images/001236.jpg,1774267546.227947474,1774267546.215819836,0.012127638,0.405000000,0.000000000,1774267546.219019175,0.008928299,0.408243853,0.018559509,640,480,rgb8
1237,images/001237.jpg,1774267546.261271715,1774267546.255843401,0.005428314,0.405000000,0.000000000,1774267546.259022951,0.002248764,0.405776969,0.013293158,640,480,rgb8
1238,images/001238.jpg,1774267546.294595718,1774267546.275817633,0.018778086,0.405000000,0.000000000,1774267546.279029131,0.015566587,0.406857735,0.013489661,640,480,rgb8
1239,images/001239.jpg,1774267546.327919483,1774267546.315833092,0.012086391,0.405000000,0.000000000,1774267546.319036961,0.008882523,0.409602309,0.014889832,640,480,rgb8
1240,images/001240.jpg,1774267546.361243248,1774267546.355829954,0.005413294,0.405000000,0.000000000,1774267546.359001160,0.002242088,0.410267921,0.008989099,640,480,rgb8
1241,images/001241.jpg,1774267546.394566536,1774267546.375779390,0.018787146,0.405000000,0.000000000,1774267546.379020929,0.015545607,0.407958359,0.007697254,640,480,rgb8
1242,images/001242.jpg,1774267546.427889585,1774267546.415834904,0.012054682,0.405000000,0.000000000,1774267546.419035673,0.008853912,0.407971405,0.011489924,640,480,rgb8
1243,images/001243.jpg,1774267546.461212635,1774267546.455839157,0.005373478,0.405000000,0.000000000,1774267546.459039927,0.002172709,0.410513408,0.020183257,640,480,rgb8
1244,images/001244.jpg,1774267546.494536877,1774267546.475839138,0.018697739,0.405000000,0.000000000,1774267546.479047775,0.015489101,0.409177225,0.029238724,640,480,rgb8
1245,images/001245.jpg,1774267546.527919292,1774267546.515813351,0.012105942,0.405000000,0.000000000,1774267546.519044638,0.008874655,0.407099021,0.027993292,640,480,rgb8
1246,images/001246.jpg,1774267546.561301470,1774267546.555833340,0.005468130,0.405000000,0.000000000,1774267546.559044361,0.002257109,0.407370497,0.018278050,640,480,rgb8
1247,images/001247.jpg,1774267546.594683886,1774267546.575832605,0.018851280,0.405000000,0.000000000,1774267546.579074383,0.015609503,0.406743025,0.018257098,640,480,rgb8
1248,images/001248.jpg,1774267546.661448240,1774267546.655817986,0.005630255,0.405000000,0.000000000,1774267546.659050226,0.002398014,0.408076606,0.009617559,640,480,rgb8
1249,images/001249.jpg,1774267546.695139408,1774267546.675807953,0.019331455,0.405000000,0.000000000,1774267546.679062843,0.016076565,0.403826939,0.009546378,640,480,rgb8
1250,images/001250.jpg,1774267546.728832483,1774267546.715818405,0.013014078,0.405000000,0.000000000,1774267546.719038963,0.009793520,0.404929608,0.009532043,640,480,rgb8
1251,images/001251.jpg,1774267546.762527704,1774267546.755815983,0.006711721,0.405000000,0.000000000,1774267546.759160757,0.003366947,0.406927761,0.018101352,640,480,rgb8
1252,images/001252.jpg,1774267546.796224356,1774267546.795826197,0.000398159,0.405000000,0.000000000,1774267546.779079199,0.017145157,0.407943701,0.027032873,640,480,rgb8
1253,images/001253.jpg,1774267546.829923153,1774267546.815812588,0.014110565,0.405000000,0.000000000,1774267546.819060326,0.010862827,0.407906525,0.027706981,640,480,rgb8
1254,images/001254.jpg,1774267546.863623857,1774267546.855837345,0.007786512,0.405000000,0.000000000,1774267546.859066486,0.004557371,0.407870059,0.022795861,640,480,rgb8
1255,images/001255.jpg,1774267546.897326469,1774267546.895808458,0.001518011,0.405000000,0.000000000,1774267546.879067421,0.018259048,0.408391517,0.015373963,640,480,rgb8
1256,images/001256.jpg,1774267546.931030750,1774267546.915822983,0.015207767,0.004695100,0.500381125,1774267546.918988705,0.012042046,0.409967680,0.007835842,640,480,rgb8
1257,images/001257.jpg,1774267546.964737177,1774267546.955827236,0.008909941,0.000000000,0.810000000,1774267546.959040880,0.005696297,0.409551373,-0.014035010,640,480,rgb8
1258,images/001258.jpg,1774267547.065867424,1774267547.055815697,0.010051727,0.000000000,0.810000000,1774267547.059295177,0.006572247,0.326659238,0.245322263,640,480,rgb8
1259,images/001259.jpg,1774267547.099581242,1774267547.095812798,0.003768444,0.000000000,0.810000000,1774267547.099021196,0.000560045,0.261653832,0.382704275,640,480,rgb8
1260,images/001260.jpg,1774267547.133297205,1774267547.115809441,0.017487764,0.000000000,0.810000000,1774267547.119009495,0.014287710,0.260736454,0.434277585,640,480,rgb8
1261,images/001261.jpg,1774267547.167014599,1774267547.155818701,0.011195898,0.000000000,0.310005275,1774267547.159035683,0.007978916,0.221079867,0.566501923,640,480,rgb8
1262,images/001262.jpg,1774267547.200734377,1774267547.195815086,0.004919291,0.000000000,0.000000000,1774267547.199034452,0.001699924,0.142579144,0.568290793,640,480,rgb8
1263,images/001263.jpg,1774267547.234455824,1774267547.215846539,0.018609285,0.000000000,0.000000000,1774267547.219058275,0.015397549,0.072100400,0.521244100,640,480,rgb8
1264,images/001264.jpg,1774267547.268178940,1774267547.255822182,0.012356758,0.000000000,0.000000000,1774267547.259015799,0.009163141,0.017450171,0.124301267,640,480,rgb8
1265,images/001265.jpg,1774267547.301904202,1774267547.295812845,0.006091356,0.000000000,0.000000000,1774267547.298974991,0.002929211,0.010050379,0.018128885,640,480,rgb8
1266,images/001266.jpg,1774267547.335631371,1774267547.315816402,0.019814968,0.000000000,0.000000000,1774267547.319010735,0.016620636,0.004135749,0.028237489,640,480,rgb8
1267,images/001267.jpg,1774267547.369360447,1774267547.355827332,0.013533115,0.000000000,0.000000000,1774267547.359009981,0.010350466,-0.001877411,0.028132787,640,480,rgb8
1268,images/001268.jpg,1774267547.403090954,1774267547.395799398,0.007291555,0.000000000,0.000000000,1774267547.399013758,0.004077196,-0.003834271,0.001685775,640,480,rgb8
1269,images/001269.jpg,1774267547.436824083,1774267547.435827017,0.000997066,0.000000000,0.810000000,1774267547.419010162,0.017813921,-0.007479661,-0.017186365,640,480,rgb8
1270,images/001270.jpg,1774267547.470558643,1774267547.455836296,0.014722347,0.000000000,0.810000000,1774267547.459019899,0.011538744,-0.007158048,0.025223433,640,480,rgb8
1271,images/001271.jpg,1774267547.504295111,1774267547.495840788,0.008454323,0.000000000,0.810000000,1774267547.499088287,0.005206823,-0.006344616,0.321922224,640,480,rgb8
1272,images/001272.jpg,1774267547.538033724,1774267547.535845757,0.002187967,0.000000000,0.810000000,1774267547.519048452,0.018985271,0.001475574,0.318778805,640,480,rgb8
1273,images/001273.jpg,1774267547.571774006,1774267547.555823803,0.015950203,0.399589360,0.310513300,1774267547.559052467,0.012721539,-0.005167356,0.507252786,640,480,rgb8
1274,images/001274.jpg,1774267547.605516195,1774267547.595852852,0.009663343,0.405000000,0.000000000,1774267547.599046469,0.006469727,0.005282452,0.501337604,640,480,rgb8
1275,images/001275.jpg,1774267547.639260292,1774267547.635841370,0.003418922,0.405000000,0.000000000,1774267547.639069557,0.000190735,-0.000949415,0.564440914,640,480,rgb8
1276,images/001276.jpg,1774267547.672997952,1774267547.655833960,0.017163992,0.405000000,0.000000000,1774267547.659043789,0.013954163,0.032788831,0.552740839,640,480,rgb8
1277,images/001277.jpg,1774267547.706408739,1774267547.695832729,0.010576010,0.405000000,0.000000000,1774267547.699051380,0.007357359,0.045001575,0.554840790,640,480,rgb8
1278,images/001278.jpg,1774267547.739819288,1774267547.735831261,0.003988028,0.405000000,0.000000000,1774267547.739063501,0.000755787,0.101506807,0.377403639,640,480,rgb8
1279,images/001279.jpg,1774267547.806408644,1774267547.795820951,0.010587692,0.005410000,0.000000000,1774267547.799064875,0.007343769,0.183233019,0.202160428,640,480,rgb8
1280,images/001280.jpg,1774267547.839702845,1774267547.835822821,0.003880024,0.000000000,0.000000000,1774267547.839038372,0.000664473,0.286140707,0.100471494,640,480,rgb8
1281,images/001281.jpg,1774267547.872996330,1774267547.855828047,0.017168283,0.000000000,0.000000000,1774267547.859058142,0.013938189,0.286738411,0.036716464,640,480,rgb8
1282,images/001282.jpg,1774267547.906289577,1774267547.895834208,0.010455370,0.000000000,0.000000000,1774267547.899020195,0.007269382,0.349914751,0.005604524,640,480,rgb8
1283,images/001283.jpg,1774267547.939582109,1774267547.935827494,0.003754616,0.000000000,0.000000000,1774267547.939050674,0.000531435,0.352584689,0.024109634,640,480,rgb8
1284,images/001284.jpg,1774267547.972874165,1774267547.955817223,0.017056942,0.000000000,0.000000000,1774267547.959064722,0.013809443,0.282859664,0.024088753,640,480,rgb8
1285,images/001285.jpg,1774267548.006165743,1774267547.995826721,0.010339022,0.000000000,0.000000000,1774267547.999014854,0.007150888,0.255874554,-0.000817707,640,480,rgb8
1286,images/001286.jpg,1774267548.039457083,1774267548.035822630,0.003634453,0.000000000,0.000000000,1774267548.039049864,0.000407219,0.183668316,-0.006025536,640,480,rgb8
1287,images/001287.jpg,1774267548.072747707,1774267548.055810690,0.016937017,0.399785200,0.000000000,1774267548.059060097,0.013687611,0.182914045,0.036532399,640,480,rgb8
1288,images/001288.jpg,1774267548.106038094,1774267548.095812559,0.010225534,0.405000000,0.000000000,1774267548.099038363,0.006999731,0.088905606,0.024101143,640,480,rgb8
1289,images/001289.jpg,1774267548.139327526,1774267548.135792732,0.003534794,0.405000000,0.000000000,1774267548.119048834,0.020278692,0.087032498,0.024101143,640,480,rgb8
1290,images/001290.jpg,1774267548.172616959,1774267548.155819893,0.016797066,0.405000000,0.000000000,1774267548.159047842,0.013569117,0.046835976,-0.006587445,640,480,rgb8
1291,images/001291.jpg,1774267548.205905676,1774267548.195820808,0.010084867,0.405000000,0.000000000,1774267548.199022055,0.006883621,0.107230074,-0.017551999,640,480,rgb8
1292,images/001292.jpg,1774267548.239194155,1774267548.235822201,0.003371954,0.405000000,0.000000000,1774267548.239041090,0.000153065,0.104230164,0.001901191,640,480,rgb8
1293,images/001293.jpg,1774267548.272481918,1774267548.255809784,0.016672134,0.405000000,0.000000000,1774267548.259045601,0.013436317,0.197067957,0.003854553,640,480,rgb8
1294,images/001294.jpg,1774267548.305769444,1774267548.295824528,0.009944916,0.405000000,0.000000000,1774267548.299093008,0.006676435,0.230269808,-0.008579210,640,480,rgb8
1295,images/001295.jpg,1774267548.339056492,1774267548.335823059,0.003233433,0.405000000,0.000000000,1774267548.339045048,0.000011444,0.306504543,-0.006927173,640,480,rgb8
1296,images/001296.jpg,1774267548.372342825,1774267548.355819941,0.016522884,0.405000000,0.000000000,1774267548.359075785,0.013267040,0.307493349,0.018783181,640,480,rgb8
1297,images/001297.jpg,1774267548.405628681,1774267548.395834923,0.009793758,0.405000000,0.000000000,1774267548.399120331,0.006508350,0.374791897,0.021620878,640,480,rgb8
1298,images/001298.jpg,1774267548.438914299,1774267548.435781956,0.003132343,0.405000000,0.000000000,1774267548.419028521,0.019885778,0.376560872,0.014824110,640,480,rgb8
1299,images/001299.jpg,1774267548.472199202,1774267548.455792189,0.016407013,0.405000000,0.000000000,1774267548.459031343,0.013167858,0.408866377,0.025699513,640,480,rgb8
1300,images/001300.jpg,1774267548.505483866,1774267548.495812654,0.009671211,0.405000000,0.000000000,1774267548.499012232,0.006471634,0.409261349,0.010387158,640,480,rgb8
1301,images/001301.jpg,1774267548.538767815,1774267548.535820007,0.002947807,0.405000000,0.000000000,1774267548.519006014,0.019761801,0.411335036,-0.003443938,640,480,rgb8
1302,images/001302.jpg,1774267548.572051525,1774267548.555814981,0.016236544,0.405000000,0.000000000,1774267548.559061289,0.012990236,0.476457883,0.007970368,640,480,rgb8
1303,images/001303.jpg,1774267548.605334520,1774267548.595822096,0.009512424,0.405000000,0.000000000,1774267548.599069834,0.006264687,0.423422690,0.012099135,640,480,rgb8
1304,images/001304.jpg,1774267548.638617277,1774267548.635819197,0.002798080,0.405000000,0.000000000,1774267548.619053841,0.019563437,0.425524643,0.012314902,640,480,rgb8
1305,images/001305.jpg,1774267548.671899319,1774267548.655827999,0.016071320,0.405000000,0.000000000,1774267548.659043789,0.012855530,0.414284291,-0.013506346,640,480,rgb8
1306,images/001306.jpg,1774267548.705181122,1774267548.695838213,0.009342909,0.405000000,0.000000000,1774267548.699039936,0.006141186,0.406128684,0.005395130,640,480,rgb8
1307,images/001307.jpg,1774267548.738465309,1774267548.735836744,0.002628565,0.405000000,0.000000000,1774267548.719069481,0.019395828,0.407903894,0.005395130,640,480,rgb8
1308,images/001308.jpg,1774267548.771868706,1774267548.755827188,0.016041517,0.405000000,0.000000000,1774267548.759033203,0.012835503,0.381951528,0.010345475,640,480,rgb8
1309,images/001309.jpg,1774267548.805272102,1774267548.795823336,0.009448767,0.405000000,0.000000000,1774267548.799063444,0.006208658,0.384784768,0.006813503,640,480,rgb8
1310,images/001310.jpg,1774267548.838675499,1774267548.835820436,0.002855062,0.405000000,0.000000000,1774267548.819024563,0.019650936,0.397742495,0.009042466,640,480,rgb8
1311,images/001311.jpg,1774267548.905250072,1774267548.895825386,0.009424686,0.405000000,0.000000000,1774267548.899060011,0.006190062,0.406296561,0.014422609,640,480,rgb8
1312,images/001312.jpg,1774267548.938536644,1774267548.935819149,0.002717495,0.405000000,0.000000000,1774267548.919048548,0.019488096,0.407879750,0.017365875,640,480,rgb8
1313,images/001313.jpg,1774267548.971822500,1774267548.955825090,0.015997410,0.405000000,0.000000000,1774267548.959037542,0.012784958,0.408041063,0.016283944,640,480,rgb8
1314,images/001314.jpg,1774267549.005107880,1774267548.995832443,0.009275436,0.405000000,0.000000000,1774267548.999022007,0.006085873,0.407244999,0.016144042,640,480,rgb8
1315,images/001315.jpg,1774267549.038392782,1774267549.035833359,0.002559423,0.405000000,0.000000000,1774267549.019027233,0.019365549,0.408746330,0.019522555,640,480,rgb8
1316,images/001316.jpg,1774267549.071677208,1774267549.055836439,0.015840769,0.405000000,0.000000000,1774267549.059016943,0.012660265,0.407451308,0.030005815,640,480,rgb8
1317,images/001317.jpg,1774267549.104960918,1774267549.095820665,0.009140253,0.405000000,0.000000000,1774267549.099056005,0.005904913,0.408431462,0.035791362,640,480,rgb8
1318,images/001318.jpg,1774267549.138244390,1774267549.135828972,0.002415419,0.405000000,0.000000000,1774267549.119052649,0.019191742,0.409856191,0.035791362,640,480,rgb8
1319,images/001319.jpg,1774267549.171527147,1774267549.155816555,0.015710592,0.405000000,0.000000000,1774267549.159106016,0.012421131,0.408188955,0.027247147,640,480,rgb8
1320,images/001320.jpg,1774267549.238090992,1774267549.235815048,0.002275944,0.000000000,0.810000000,1774267549.219064236,0.019026756,0.406725929,0.008933757,640,480,rgb8
1321,images/001321.jpg,1774267549.271372318,1774267549.255815506,0.015556812,0.000000000,0.810000000,1774267549.259023190,0.012349129,0.383672109,-0.018268808,640,480,rgb8
1322,images/001322.jpg,1774267549.304653168,1774267549.295819759,0.008833408,0.000000000,0.810000000,1774267549.299051523,0.005601645,0.385644766,0.142596248,640,480,rgb8
1323,images/001323.jpg,1774267549.337933064,1774267549.335810423,0.002122641,0.000000000,0.810000000,1774267549.319052696,0.018880367,0.324294623,0.218441351,640,480,rgb8
1324,images/001324.jpg,1774267549.371212959,1774267549.355811596,0.015401363,0.000000000,0.810000000,1774267549.359049797,0.012163162,0.302065509,0.443932438,640,480,rgb8
1325,images/001325.jpg,1774267549.404491901,1774267549.395991087,0.008500814,0.000000000,0.810000000,1774267549.399094105,0.005397797,0.230961667,0.563074318,640,480,rgb8
1326,images/001326.jpg,1774267549.437770605,1774267549.435815334,0.001955271,0.000000000,0.310120500,1774267549.419012547,0.018758059,0.230052921,0.594741628,640,480,rgb8
1327,images/001327.jpg,1774267549.471048832,1774267549.455816269,0.015232563,0.000000000,0.000000000,1774267549.459046125,0.012002707,0.139797787,0.638896501,640,480,rgb8
1328,images/001328.jpg,1774267549.504326105,1774267549.495815039,0.008511066,0.000000000,0.000000000,1774267549.499019146,0.005306959,0.046094357,0.572825280,640,480,rgb8
1329,images/001329.jpg,1774267549.537603378,1774267549.535810232,0.001793146,0.000000000,0.000000000,1774267549.519007444,0.018595934,0.043039864,0.366174786,640,480,rgb8
1330,images/001330.jpg,1774267549.570879936,1774267549.555810690,0.015069246,0.000000000,0.000000000,1774267549.559048176,0.011831760,0.006686216,0.052788551,640,480,rgb8
1331,images/001331.jpg,1774267549.604155779,1774267549.595806360,0.008349419,0.000000000,0.000000000,1774267549.599022388,0.005133390,-0.000153681,0.042099958,640,480,rgb8
1332,images/001332.jpg,1774267549.637431383,1774267549.635828018,0.001603365,0.000000000,0.000000000,1774267549.619043112,0.018388271,-0.002371358,0.039503299,640,480,rgb8
1333,images/001333.jpg,1774267549.670706272,1774267549.655819654,0.014886618,0.000000000,0.000000000,1774267549.659054756,0.011651516,-0.003223653,0.017451191,640,480,rgb8
1334,images/001334.jpg,1774267549.703980684,1774267549.695823908,0.008156776,0.000000000,0.810000000,1774267549.699072838,0.004907846,-0.003909234,-0.008924951,640,480,rgb8
1335,images/001335.jpg,1774267549.737254620,1774267549.735819101,0.001435518,0.000000000,0.810000000,1774267549.719072342,0.018182278,-0.007171138,0.023722516,640,480,rgb8
1336,images/001336.jpg,1774267549.770528078,1774267549.755813360,0.014714718,0.000000000,0.810000000,1774267549.759057045,0.011471033,-0.003337021,0.203613107,640,480,rgb8
1337,images/001337.jpg,1774267549.803800821,1774267549.795815706,0.007985115,0.000000000,0.810000000,1774267549.799059153,0.004741669,0.003349096,0.315677745,640,480,rgb8
1338,images/001338.jpg,1774267549.837076187,1774267549.835814953,0.001261234,0.000000000,0.810000000,1774267549.819042921,0.018033266,0.002827025,0.315804356,640,480,rgb8
1339,images/001339.jpg,1774267549.870471716,1774267549.855815172,0.014656544,0.399976560,0.310029300,1774267549.859052420,0.011419296,0.002910673,0.497652508,640,480,rgb8
1340,images/001340.jpg,1774267549.903867483,1774267549.895827293,0.008040190,0.405000000,0.000000000,1774267549.899095297,0.004772186,-0.002845043,0.590493270,640,480,rgb8
1341,images/001341.jpg,1774267549.937263250,1774267549.935823679,0.001439571,0.405000000,0.000000000,1774267549.919027328,0.018235922,-0.001066025,0.589825422,640,480,rgb8
1342,images/001342.jpg,1774267550.004054546,1774267549.995828629,0.008225918,0.405000000,0.000000000,1774267549.999025583,0.005028963,0.044110183,0.457413945,640,480,rgb8
1343,images/001343.jpg,1774267550.037712574,1774267550.035827875,0.001884699,0.405000000,0.000000000,1774267550.019017935,0.018694639,0.041975914,0.390500897,640,480,rgb8
1344,images/001344.jpg,1774267550.071372509,1774267550.055830240,0.015542269,0.405000000,0.000000000,1774267550.059036493,0.012336016,0.137033270,0.177740447,640,480,rgb8
1345,images/001345.jpg,1774267550.105033875,1774267550.095834494,0.009199381,0.405000000,0.000000000,1774267550.099047661,0.005986214,0.241183197,0.127837109,640,480,rgb8
1346,images/001346.jpg,1774267550.138696909,1774267550.135838032,0.002858877,0.000000000,0.000000000,1774267550.119029284,0.019667625,0.293155728,0.084625005,640,480,rgb8
1347,images/001347.jpg,1774267550.172361851,1774267550.155836582,0.016525269,0.000000000,0.000000000,1774267550.159044504,0.013317347,0.352415752,0.024965106,640,480,rgb8
1348,images/001348.jpg,1774267550.206027985,1774267550.195832491,0.010195494,0.000000000,0.000000000,1774267550.199041605,0.006986380,0.355833457,0.008955710,640,480,rgb8
1349,images/001349.jpg,1774267550.239696026,1774267550.235862255,0.003833771,0.000000000,0.000000000,1774267550.239282131,0.000413895,0.322369574,0.017498792,640,480,rgb8
1350,images/001350.jpg,1774267550.273365736,1774267550.255820751,0.017544985,0.000000000,0.000000000,1774267550.259053707,0.014312029,0.339637436,0.017062119,640,480,rgb8
1351,images/001351.jpg,1774267550.374383926,1774267550.355814219,0.018569708,0.399806320,0.000000000,1774267550.359042168,0.015341759,0.206003629,0.008947339,640,480,rgb8
1352,images/001352.jpg,1774267550.408060074,1774267550.395815611,0.012244463,0.405000000,0.000000000,1774267550.399036884,0.009023190,0.103867440,0.037845227,640,480,rgb8
1353,images/001353.jpg,1774267550.441737652,1774267550.435811520,0.005926132,0.405000000,0.000000000,1774267550.439041138,0.002696514,0.042571805,0.012539454,640,480,rgb8
1354,images/001354.jpg,1774267550.475416899,1774267550.455812693,0.019604206,0.405000000,0.000000000,1774267550.459036112,0.016380787,0.071281533,0.001887148,640,480,rgb8
1355,images/001355.jpg,1774267550.509097576,1774267550.495821714,0.013275862,0.405000000,0.000000000,1774267550.499060154,0.010037422,0.067722716,-0.007253756,640,480,rgb8
1356,images/001356.jpg,1774267550.542780161,1774267550.535831928,0.006948233,0.405000000,0.000000000,1774267550.539168835,0.003611326,0.086796062,0.002716088,640,480,rgb8
1357,images/001357.jpg,1774267550.576464415,1774267550.575825453,0.000638962,0.405000000,0.000000000,1774267550.559025049,0.017439365,0.156450538,0.008850455,640,480,rgb8
1358,images/001358.jpg,1774267550.610149860,1774267550.595813751,0.014336109,0.405000000,0.000000000,1774267550.599047422,0.011102438,0.245929676,0.004269802,640,480,rgb8
1359,images/001359.jpg,1774267550.643837214,1774267550.635817528,0.008019686,0.405000000,0.000000000,1774267550.639030695,0.004806519,0.334277831,0.024060661,640,480,rgb8
1360,images/001360.jpg,1774267550.677526236,1774267550.675830126,0.001696110,0.405000000,0.000000000,1774267550.659035921,0.018490314,0.335803162,0.023057519,640,480,rgb8
1361,images/001361.jpg,1774267550.711216450,1774267550.695821285,0.015395164,0.405000000,0.000000000,1774267550.699096203,0.012120247,0.387638337,0.006837118,640,480,rgb8
1362,images/001362.jpg,1774267550.744908810,1774267550.735824108,0.009084702,0.405000000,0.000000000,1774267550.739049673,0.005859137,0.406883464,0.025018286,640,480,rgb8
1363,images/001363.jpg,1774267550.778602600,1774267550.775833845,0.002768755,0.000000000,0.810000000,1774267550.759061575,0.019541025,0.407999951,0.037480329,640,480,rgb8
1364,images/001364.jpg,1774267550.812297821,1774267550.795830965,0.016466856,0.000000000,0.810000000,1774267550.799049616,0.013248205,0.409048039,-0.002831201,640,480,rgb8
1365,images/001365.jpg,1774267550.845994949,1774267550.835832119,0.010162830,0.000000000,0.810000000,1774267550.839078426,0.006916523,0.413529813,-0.028162934,640,480,rgb8
1366,images/001366.jpg,1774267550.879693270,1774267550.875827551,0.003865719,0.000000000,0.810000000,1774267550.879050970,0.000642300,0.402314122,0.121412469,640,480,rgb8
1367,images/001367.jpg,1774267550.913393497,1774267550.895826578,0.017566919,0.000000000,0.810000000,1774267550.899089098,0.014304399,0.354246386,0.263415951,640,480,rgb8
1368,images/001368.jpg,1774267550.947095394,1774267550.935835361,0.011260033,0.000000000,0.810000000,1774267550.939065933,0.008029461,0.270967057,0.390149556,640,480,rgb8
1369,images/001369.jpg,1774267550.980798721,1774267550.975841761,0.004956961,0.000000000,0.810000000,1774267550.979048491,0.001750231,0.271739952,0.439812797,640,480,rgb8
1370,images/001370.jpg,1774267551.014497042,1774267550.995817900,0.018679142,0.000000000,0.310585300,1774267550.999067545,0.015429497,0.151273214,0.529192824,640,480,rgb8
1371,images/001371.jpg,1774267551.047916651,1774267551.036111832,0.011804819,0.000000000,0.000000000,1774267551.039057016,0.008859634,0.100002472,0.559491011,640,480,rgb8
1372,images/001372.jpg,1774267551.081336737,1774267551.075831413,0.005505323,0.000000000,0.000000000,1774267551.079038143,0.002298594,0.042973762,0.346053636,640,480,rgb8
1373,images/001373.jpg,1774267551.180948496,1774267551.175821066,0.005127430,0.000000000,0.000000000,1774267551.179035425,0.001913071,0.003075552,0.030769536,640,480,rgb8
1374,images/001374.jpg,1774267551.214149714,1774267551.195833206,0.018316507,0.400222960,0.000000000,1774267551.199084997,0.015064716,-0.000112111,0.018461931,640,480,rgb8
1375,images/001375.jpg,1774267551.247349739,1774267551.235817194,0.011532545,0.405000000,0.000000000,1774267551.239016056,0.008333683,-0.001768611,-0.004467964,640,480,rgb8
1376,images/001376.jpg,1774267551.280548573,1774267551.275825977,0.004722595,0.405000000,0.000000000,1774267551.279038191,0.001510382,-0.007033038,0.094445030,640,480,rgb8
1377,images/001377.jpg,1774267551.313745737,1774267551.295836687,0.017909050,0.405000000,0.000000000,1774267551.299090147,0.014655590,0.011194261,0.106826899,640,480,rgb8
1378,images/001378.jpg,1774267551.346941948,1774267551.335836411,0.011105537,0.405000000,0.000000000,1774267551.339070797,0.007871151,0.088234654,0.079590778,640,480,rgb8
1379,images/001379.jpg,1774267551.380136728,1774267551.375817060,0.004319668,0.405000000,0.000000000,1774267551.379048109,0.001088619,0.151371252,0.032882740,640,480,rgb8
1380,images/001380.jpg,1774267551.479713440,1774267551.475826263,0.003887177,0.000000000,0.000000000,1774267551.479037762,0.000675678,0.269120990,-0.004809806,640,480,rgb8
1381,images/001381.jpg,1774267551.512902737,1774267551.495814562,0.017088175,0.000000000,0.000000000,1774267551.499017239,0.013885498,0.350083943,0.015988573,640,480,rgb8
1382,images/001382.jpg,1774267551.546091080,1774267551.535812378,0.010278702,0.000000000,0.000000000,1774267551.539036036,0.007055044,0.353793279,0.033172257,640,480,rgb8
1383,images/001383.jpg,1774267551.579277992,1774267551.575824261,0.003453732,0.000000000,0.000000000,1774267551.579011679,0.000266314,0.275580519,0.041366356,640,480,rgb8
1384,images/001384.jpg,1774267551.612463951,1774267551.595822811,0.016641140,0.000000000,0.000000000,1774267551.599066496,0.013397455,0.276438785,0.018944314,640,480,rgb8
1385,images/001385.jpg,1774267551.645648241,1774267551.635833502,0.009814739,0.000000000,0.000000000,1774267551.639057398,0.006590843,0.204036472,-0.008292105,640,480,rgb8
1386,images/001386.jpg,1774267551.678831100,1774267551.675838709,0.002992392,0.000000000,0.000000000,1774267551.659083366,0.019747734,0.203988801,-0.010918149,640,480,rgb8
1387,images/001387.jpg,1774267551.712013006,1774267551.695818424,0.016194582,0.399621360,0.000000000,1774267551.699119806,0.012893200,0.175407570,0.039507036,640,480,rgb8
1388,images/001388.jpg,1774267551.745193243,1774267551.735817432,0.009375811,0.405000000,0.000000000,1774267551.739044905,0.006148338,0.060286284,0.011659151,640,480,rgb8
1389,images/001389.jpg,1774267551.778372288,1774267551.775811434,0.002560854,0.405000000,0.000000000,1774267551.759041548,0.019330740,0.058513891,0.004618983,640,480,rgb8
1390,images/001390.jpg,1774267551.811550379,1774267551.795817375,0.015733004,0.405000000,0.000000000,1774267551.799040556,0.012509823,0.039106236,0.005913803,640,480,rgb8
1391,images/001391.jpg,1774267551.844726801,1774267551.835812807,0.008913994,0.405000000,0.000000000,1774267551.839033127,0.005693674,0.035189439,0.009717017,640,480,rgb8
1392,images/001392.jpg,1774267551.877901793,1774267551.875813723,0.002088070,0.405000000,0.000000000,1774267551.859024048,0.018877745,0.096823882,0.015026544,640,480,rgb8
1393,images/001393.jpg,1774267551.911075830,1774267551.895825624,0.015250206,0.405000000,0.000000000,1774267551.899052143,0.012023687,0.164303761,0.021592155,640,480,rgb8
1394,images/001394.jpg,1774267551.944248199,1774267551.935826063,0.008422136,0.405000000,0.000000000,1774267551.939048290,0.005199909,0.277474255,0.015498714,640,480,rgb8
1395,images/001395.jpg,1774267551.977419615,1774267551.975817919,0.001601696,0.405000000,0.000000000,1774267551.959037781,0.018381834,0.278539731,0.004848129,640,480,rgb8
1396,images/001396.jpg,1774267552.010589600,1774267551.995816469,0.014773130,0.405000000,0.000000000,1774267551.999051809,0.011537790,0.373469742,-0.003298506,640,480,rgb8
1397,images/001397.jpg,1774267552.043758392,1774267552.035817146,0.007941246,0.405000000,0.000000000,1774267552.039073229,0.004685163,0.393307422,-0.005573668,640,480,rgb8
1398,images/001398.jpg,1774267552.076931477,1774267552.075820923,0.001110554,0.405000000,0.000000000,1774267552.059077263,0.017854214,0.395694851,0.005515996,640,480,rgb8
1399,images/001399.jpg,1774267552.110331535,1774267552.095830679,0.014500856,0.405000000,0.000000000,1774267552.099076748,0.011254787,0.407164260,0.050601510,640,480,rgb8
1400,images/001400.jpg,1774267552.143731594,1774267552.135820866,0.007910728,0.405000000,0.000000000,1774267552.139070988,0.004660606,0.413422001,0.024071893,640,480,rgb8
1401,images/001401.jpg,1774267552.177131891,1774267552.175833464,0.001298428,0.405000000,0.000000000,1774267552.159049988,0.018081903,0.411363224,0.005674073,640,480,rgb8
1402,images/001402.jpg,1774267552.210532188,1774267552.195821762,0.014710426,0.405000000,0.000000000,1774267552.199045897,0.011486292,0.408661563,0.017565682,640,480,rgb8
1403,images/001403.jpg,1774267552.243774891,1774267552.235836744,0.007938147,0.405000000,0.000000000,1774267552.239078999,0.004695892,0.413338586,0.033074318,640,480,rgb8
1404,images/001404.jpg,1774267552.277016640,1774267552.275821209,0.001195431,0.405000000,0.000000000,1774267552.259426355,0.017590284,0.407323733,0.026534655,640,480,rgb8
1405,images/001405.jpg,1774267552.310257673,1774267552.295825005,0.014432669,0.405000000,0.000000000,1774267552.299051285,0.011206388,0.405577997,-0.002450779,640,480,rgb8
1406,images/001406.jpg,1774267552.343497753,1774267552.335825205,0.007672548,0.005074000,0.499907500,1774267552.339208841,0.004288912,0.458006290,0.001844641,640,480,rgb8
1407,images/001407.jpg,1774267552.376737118,1774267552.375829697,0.000907421,0.000000000,0.810000000,1774267552.359067202,0.017669916,0.460735388,0.010116703,640,480,rgb8
1408,images/001408.jpg,1774267552.409975290,1774267552.395824432,0.014150858,0.000000000,0.810000000,1774267552.399042606,0.010932684,0.430653381,0.004734094,640,480,rgb8
1409,images/001409.jpg,1774267552.443212986,1774267552.436158180,0.007054806,0.000000000,0.810000000,1774267552.439315081,0.003897905,0.414824416,0.055949204,640,480,rgb8
1410,images/001410.jpg,1774267552.476449490,1774267552.475831985,0.000617504,0.405000000,0.000000000,1774267552.459062576,0.017386913,0.382966030,0.117825061,640,480,rgb8
1411,images/001411.jpg,1774267552.509685278,1774267552.495821953,0.013863325,0.405000000,0.000000000,1774267552.499026775,0.010658503,0.310370040,0.323086587,640,480,rgb8
1412,images/001412.jpg,1774267552.576154232,1774267552.575817347,0.000336885,0.405000000,0.000000000,1774267552.559395790,0.016758442,0.216305710,0.514348933,640,480,rgb8
1413,images/001413.jpg,1774267552.609387398,1774267552.595795870,0.013591528,0.405000000,0.000000000,1774267552.599027872,0.010359526,0.193961657,0.462710867,640,480,rgb8
1414,images/001414.jpg,1774267552.642619610,1774267552.635825396,0.006794214,0.405000000,0.000000000,1774267552.639032125,0.003587484,0.204797857,0.323594520,640,480,rgb8
1415,images/001415.jpg,1774267552.675851345,1774267552.675813675,0.000037670,0.405000000,0.000000000,1774267552.659038782,0.016812563,0.204242554,0.265028533,640,480,rgb8
1416,images/001416.jpg,1774267552.709081888,1774267552.695807457,0.013274431,0.405000000,0.000000000,1774267552.699068308,0.010013580,0.208612785,0.155878906,640,480,rgb8
1417,images/001417.jpg,1774267552.742311478,1774267552.735833406,0.006478071,0.000000000,0.000000000,1774267552.739065170,0.003246307,0.246694082,0.085198408,640,480,rgb8
1418,images/001418.jpg,1774267552.775540352,1774267552.755821705,0.019718647,0.000000000,0.000000000,1774267552.759030104,0.016510248,0.246676930,0.080483699,640,480,rgb8
1419,images/001419.jpg,1774267552.808768272,1774267552.795816660,0.012951612,0.000000000,0.000000000,1774267552.799037457,0.009730816,0.366847207,0.080796203,640,480,rgb8
1420,images/001420.jpg,1774267552.841995716,1774267552.835820913,0.006174803,0.000000000,0.000000000,1774267552.839012384,0.002983332,0.369704250,0.063937720,640,480,rgb8
1421,images/001421.jpg,1774267552.875221968,1774267552.855826378,0.019395590,0.000000000,0.000000000,1774267552.859059572,0.016162395,0.324756300,0.054957633,640,480,rgb8
1422,images/001422.jpg,1774267552.908447266,1774267552.895830631,0.012616634,0.000000000,0.000000000,1774267552.899116039,0.009331226,0.247551629,0.024323548,640,480,rgb8
1423,images/001423.jpg,1774267552.941671848,1774267552.935842037,0.005829811,0.000000000,0.000000000,1774267552.939054728,0.002617121,0.218874976,0.018759998,640,480,rgb8
1424,images/001424.jpg,1774267552.974895477,1774267552.955832481,0.019062996,0.399836400,0.000000000,1774267552.959051847,0.015843630,0.218430774,0.041074245,640,480,rgb8
1425,images/001425.jpg,1774267553.008118153,1774267552.995833635,0.012284517,0.405000000,0.000000000,1774267552.999052525,0.009065628,0.142612412,0.014184824,640,480,rgb8
1426,images/001426.jpg,1774267553.041340351,1774267553.035842419,0.005497932,0.405000000,0.000000000,1774267553.039082050,0.002258301,0.056684165,-0.009762999,640,480,rgb8
1427,images/001427.jpg,1774267553.074561357,1774267553.055833817,0.018727541,0.405000000,0.000000000,1774267553.059064865,0.015496492,0.054335583,-0.011341087,640,480,rgb8
1428,images/001428.jpg,1774267553.107781410,1774267553.095825911,0.011955500,0.405000000,0.000000000,1774267553.099091291,0.008690119,0.105509284,-0.001813586,640,480,rgb8
1429,images/001429.jpg,1774267553.141000986,1774267553.135843992,0.005156994,0.405000000,0.000000000,1774267553.139067173,0.001933813,0.115825277,0.002761904,640,480,rgb8
1430,images/001430.jpg,1774267553.174219370,1774267553.155829668,0.018389702,0.405000000,0.000000000,1774267553.159088373,0.015130997,0.114328409,-0.003135490,640,480,rgb8
1431,images/001431.jpg,1774267553.207441092,1774267553.195838213,0.011602879,0.405000000,0.000000000,1774267553.199062586,0.008378506,0.265475992,-0.032651652,640,480,rgb8
1432,images/001432.jpg,1774267553.240828276,1774267553.235839367,0.004988909,0.405000000,0.000000000,1774267553.239059925,0.001768351,0.358404271,-0.009936554,640,480,rgb8
1433,images/001433.jpg,1774267553.274215460,1774267553.255843639,0.018371820,0.405000000,0.000000000,1774267553.259054899,0.015160561,0.380976261,0.004159500,640,480,rgb8
1434,images/001434.jpg,1774267553.340712309,1774267553.335816622,0.004895687,0.405000000,0.000000000,1774267553.339676619,0.001035690,0.404966299,0.034972681,640,480,rgb8
1435,images/001435.jpg,1774267553.373959541,1774267553.355834484,0.018125057,0.405000000,0.000000000,1774267553.359068632,0.014890909,0.409908222,0.048600639,640,480,rgb8
1436,images/001436.jpg,1774267553.407205582,1774267553.395820379,0.011385202,0.405000000,0.000000000,1774267553.399028778,0.008176804,0.410233207,0.015561933,640,480,rgb8
1437,images/001437.jpg,1774267553.440450907,1774267553.435859919,0.004590988,0.405000000,0.000000000,1774267553.439045668,0.001405239,0.410285622,0.002224383,640,480,rgb8
1438,images/001438.jpg,1774267553.473695517,1774267553.455826044,0.017869473,0.405000000,0.000000000,1774267553.459045172,0.014650345,0.412198755,0.013805185,640,480,rgb8
1439,images/001439.jpg,1774267553.506939173,1774267553.495827913,0.011111259,0.405000000,0.000000000,1774267553.499011755,0.007927418,0.448202356,0.004034236,640,480,rgb8
1440,images/001440.jpg,1774267553.540182114,1774267553.535798073,0.004384041,0.405000000,0.000000000,1774267553.539032698,0.001149416,0.410141040,-0.009906141,640,480,rgb8
1441,images/001441.jpg,1774267553.573424339,1774267553.555829287,0.017595053,0.405000000,0.000000000,1774267553.559056044,0.014368296,0.407035569,-0.016961753,640,480,rgb8
1442,images/001442.jpg,1774267553.606665611,1774267553.595824718,0.010840893,0.405000000,0.000000000,1774267553.599052668,0.007612944,0.410476361,0.013042816,640,480,rgb8
1443,images/001443.jpg,1774267553.706384182,1774267553.695828676,0.010555506,0.405000000,0.000000000,1774267553.699025154,0.007359028,0.350635325,0.004986049,640,480,rgb8
1444,images/001444.jpg,1774267553.739622116,1774267553.735819817,0.003802299,0.405000000,0.000000000,1774267553.739003420,0.000618696,0.389592135,0.001528000,640,480,rgb8
1445,images/001445.jpg,1774267553.772859097,1774267553.755821705,0.017037392,0.405000000,0.000000000,1774267553.759004593,0.013854504,0.390935855,0.000451523,640,480,rgb8
1446,images/001446.jpg,1774267553.806095362,1774267553.795828581,0.010266781,0.405000000,0.000000000,1774267553.799047470,0.007047892,0.428216565,0.007963723,640,480,rgb8
1447,images/001447.jpg,1774267553.839330912,1774267553.835839748,0.003491163,0.405000000,0.000000000,1774267553.839041948,0.000288963,0.420006955,0.020676704,640,480,rgb8
1448,images/001448.jpg,1774267553.872565269,1774267553.855836153,0.016729116,0.405000000,0.000000000,1774267553.859029531,0.013535738,0.421621685,0.022787610,640,480,rgb8
1449,images/001449.jpg,1774267553.905799150,1774267553.895824194,0.009974957,0.405000000,0.000000000,1774267553.899053574,0.006745577,0.414049703,0.012356732,640,480,rgb8
1450,images/001450.jpg,1774267553.939032078,1774267553.935848951,0.003183126,0.405000000,0.000000000,1774267553.919039726,0.019992352,0.408886171,0.014543470,640,480,rgb8
1451,images/001451.jpg,1774267553.972263813,1774267553.955819368,0.016444445,0.405000000,0.000000000,1774267553.959026575,0.013237238,0.407952812,0.021287010,640,480,rgb8
1452,images/001452.jpg,1774267554.005495071,1774267553.995828867,0.009666204,0.405000000,0.000000000,1774267553.999028444,0.006466627,0.410670879,0.023667056,640,480,rgb8
1453,images/001453.jpg,1774267554.038725615,1774267554.035843372,0.002882242,0.405000000,0.000000000,1774267554.019039392,0.019686222,0.405587099,0.024891522,640,480,rgb8
1454,images/001454.jpg,1774267554.071954966,1774267554.055828094,0.016126871,0.405000000,0.000000000,1774267554.059001684,0.012953281,0.402753522,0.020421049,640,480,rgb8
1455,images/001455.jpg,1774267554.105183840,1774267554.095828056,0.009355783,0.405000000,0.000000000,1774267554.099013090,0.006170750,0.403771833,0.011635263,640,480,rgb8
1456,images/001456.jpg,1774267554.138411522,1774267554.135842085,0.002569437,0.405000000,0.000000000,1774267554.119016171,0.019395351,0.404970155,0.015827401,640,480,rgb8
1457,images/001457.jpg,1774267554.171638727,1774267554.155843258,0.015795469,0.405000000,0.000000000,1774267554.159054279,0.012584448,0.406623581,0.018714668,640,480,rgb8
1458,images/001458.jpg,1774267554.204864979,1774267554.195813894,0.009051085,0.405000000,0.000000000,1774267554.199078560,0.005786419,0.406308236,0.017713262,640,480,rgb8
1459,images/001459.jpg,1774267554.238090277,1774267554.235822916,0.002267361,0.405000000,0.000000000,1774267554.219070911,0.019019365,0.405270423,0.016781775,640,480,rgb8
1460,images/001460.jpg,1774267554.271318674,1774267554.255823851,0.015494823,0.405000000,0.000000000,1774267554.259046793,0.012271881,0.405573789,0.018743769,640,480,rgb8
1461,images/001461.jpg,1774267554.304693460,1774267554.295813560,0.008879900,0.405000000,0.000000000,1774267554.299071312,0.005622149,0.407787532,0.011942978,640,480,rgb8
1462,images/001462.jpg,1774267554.338068008,1774267554.335812807,0.002255201,0.405000000,0.000000000,1774267554.319060802,0.019007206,0.404236934,0.011533613,640,480,rgb8
1463,images/001463.jpg,1774267554.371442795,1774267554.355815649,0.015627146,0.405000000,0.000000000,1774267554.359085560,0.012357235,0.405410276,0.012713441,640,480,rgb8
1464,images/001464.jpg,1774267554.437997103,1774267554.435815096,0.002182007,0.405000000,0.000000000,1774267554.419066668,0.018930435,0.342876823,0.006375791,640,480,rgb8
1465,images/001465.jpg,1774267554.471273422,1774267554.455813169,0.015460253,0.405000000,0.000000000,1774267554.459039450,0.012233973,0.383865506,0.008037032,640,480,rgb8
1466,images/001466.jpg,1774267554.504548788,1774267554.495818853,0.008729935,0.405000000,0.000000000,1774267554.499024630,0.005524158,0.398928544,0.017013329,640,480,rgb8
1467,images/001467.jpg,1774267554.537823677,1774267554.535827875,0.001995802,0.405000000,0.000000000,1774267554.519025326,0.018798351,0.405325893,0.023412728,640,480,rgb8
1468,images/001468.jpg,1774267554.571097851,1774267554.555827618,0.015270233,0.405000000,0.000000000,1774267554.559051514,0.012046337,0.407254890,0.029228165,640,480,rgb8
1469,images/001469.jpg,1774267554.604371548,1774267554.595824957,0.008546591,0.405000000,0.000000000,1774267554.599042416,0.005329132,0.409771010,0.024673784,640,480,rgb8
1470,images/001470.jpg,1774267554.637644529,1774267554.635842085,0.001802444,0.405000000,0.000000000,1774267554.619095087,0.018549442,0.410744019,0.023356973,640,480,rgb8
1471,images/001471.jpg,1774267554.670916796,1774267554.655833244,0.015083551,0.405000000,0.000000000,1774267554.659039736,0.011877060,0.409891525,0.016563831,640,480,rgb8
1472,images/001472.jpg,1774267554.704188585,1774267554.695827246,0.008361340,0.405000000,0.000000000,1774267554.699069738,0.005118847,0.408992428,0.009018074,640,480,rgb8
1473,images/001473.jpg,1774267554.737459421,1774267554.735828638,0.001630783,0.405000000,0.000000000,1774267554.719063044,0.018396378,0.409894748,0.008785195,640,480,rgb8
1474,images/001474.jpg,1774267554.803999424,1774267554.795824766,0.008174658,0.405000000,0.000000000,1774267554.799015999,0.004983425,0.405704224,0.011835102,640,480,rgb8
1475,images/001475.jpg,1774267554.837268591,1774267554.835822821,0.001445770,0.405000000,0.000000000,1774267554.819046974,0.018221617,0.405337316,0.010026595,640,480,rgb8
1476,images/001476.jpg,1774267554.870536804,1774267554.855833292,0.014703512,0.405000000,0.000000000,1774267554.859035254,0.011501551,0.406925144,0.009865087,640,480,rgb8
1477,images/001477.jpg,1774267554.903804541,1774267554.895826101,0.007978439,0.405000000,0.000000000,1774267554.899069309,0.004735231,0.407515785,0.008496351,640,480,rgb8
1478,images/001478.jpg,1774267554.937071562,1774267554.935847521,0.001224041,0.405000000,0.000000000,1774267554.919054270,0.018017292,0.407386423,0.008243438,640,480,rgb8
1479,images/001479.jpg,1774267554.970338106,1774267554.955799580,0.014538527,0.405000000,0.000000000,1774267554.959053278,0.011284828,0.347036815,0.007614154,640,480,rgb8
1480,images/001480.jpg,1774267555.003603697,1774267554.995830774,0.007772923,0.405000000,0.000000000,1774267554.999078751,0.004524946,0.383597105,0.005549478,640,480,rgb8
1481,images/001481.jpg,1774267555.036868811,1774267555.035825729,0.001043081,0.405000000,0.000000000,1774267555.019061327,0.017807484,0.384056833,0.006116162,640,480,rgb8
1482,images/001482.jpg,1774267555.070133448,1774267555.055817842,0.014315605,0.405000000,0.000000000,1774267555.059045553,0.011087894,0.400572859,0.005410426,640,480,rgb8
1483,images/001483.jpg,1774267555.103397131,1774267555.095836163,0.007560968,0.405000000,0.000000000,1774267555.099055290,0.004341841,0.405704663,0.011551238,640,480,rgb8
1484,images/001484.jpg,1774267555.136660337,1774267555.135829449,0.000830889,0.405000000,0.000000000,1774267555.119044065,0.017616272,0.405701397,0.021602591,640,480,rgb8
1485,images/001485.jpg,1774267555.169922829,1774267555.155816078,0.014106750,0.405000000,0.000000000,1774267555.159038067,0.010884762,0.405987190,0.017423168,640,480,rgb8
1486,images/001486.jpg,1774267555.203184843,1774267555.195830107,0.007354736,0.405000000,0.000000000,1774267555.199055195,0.004129648,0.407334399,0.003902451,640,480,rgb8
1487,images/001487.jpg,1774267555.236446142,1774267555.235838175,0.000607967,0.405000000,0.000000000,1774267555.219051600,0.017394543,0.409256003,-0.006571797,640,480,rgb8
1488,images/001488.jpg,1774267555.269706488,1774267555.255834103,0.013872385,0.405000000,0.000000000,1774267555.259055853,0.010650635,0.344781577,-0.016287981,640,480,rgb8
1489,images/001489.jpg,1774267555.302966595,1774267555.295854807,0.007111788,0.405000000,0.000000000,1774267555.299053907,0.003912687,0.388801616,-0.010204380,640,480,rgb8
1490,images/001490.jpg,1774267555.336225748,1774267555.335849762,0.000375986,0.405000000,0.000000000,1774267555.319066286,0.017159462,0.389230612,0.007242291,640,480,rgb8
1491,images/001491.jpg,1774267555.369487047,1774267555.355818033,0.013669014,0.405000000,0.000000000,1774267555.359036446,0.010450602,0.407502767,0.022428183,640,480,rgb8
1492,images/001492.jpg,1774267555.402852058,1774267555.395829678,0.007022381,0.405000000,0.000000000,1774267555.399065971,0.003786087,0.409544918,0.006277988,640,480,rgb8
1493,images/001493.jpg,1774267555.436217070,1774267555.435823679,0.000393391,0.405000000,0.000000000,1774267555.419064760,0.017152309,0.410194402,0.005310721,640,480,rgb8
1494,images/001494.jpg,1774267555.469582081,1774267555.455815077,0.013767004,0.405000000,0.000000000,1774267555.459043980,0.010538101,0.409664556,0.018362679,640,480,rgb8
1495,images/001495.jpg,1774267555.536073685,1774267555.535774231,0.000299454,0.405000000,0.000000000,1774267555.519061089,0.017012596,0.406162772,0.019226206,640,480,rgb8
1496,images/001496.jpg,1774267555.569318056,1774267555.555825233,0.013492823,0.405000000,0.000000000,1774267555.559036732,0.010281324,0.405513219,0.020443352,640,480,rgb8
1497,images/001497.jpg,1774267555.602561712,1774267555.595842123,0.006719589,0.405000000,0.000000000,1774267555.599061489,0.003500223,0.406596522,0.012597549,640,480,rgb8
1498,images/001498.jpg,1774267555.635804415,1774267555.615832329,0.019972086,0.405000000,0.000000000,1774267555.619061232,0.016743183,0.405219481,0.007606433,640,480,rgb8
1499,images/001499.jpg,1774267555.669046402,1774267555.655822515,0.013223886,0.405000000,0.000000000,1774267555.659043550,0.010002851,0.404714445,0.003011611,640,480,rgb8
1500,images/001500.jpg,1774267555.702287436,1774267555.695843458,0.006443977,0.405000000,0.000000000,1774267555.699205399,0.003082037,0.405483826,0.001977182,640,480,rgb8
1501,images/001501.jpg,1774267555.735527515,1774267555.715837002,0.019690514,0.405000000,0.000000000,1774267555.719094992,0.016432524,0.405977553,0.006451225,640,480,rgb8
1502,images/001502.jpg,1774267555.768766880,1774267555.755828142,0.012938738,0.405000000,0.000000000,1774267555.759018183,0.009748697,0.407149035,0.011286515,640,480,rgb8
1503,images/001503.jpg,1774267555.802005291,1774267555.795824528,0.006180763,0.405000000,0.000000000,1774267555.799591780,0.002413511,0.407051561,0.005141487,640,480,rgb8
1504,images/001504.jpg,1774267555.835242987,1774267555.815812826,0.019430161,0.405000000,0.000000000,1774267555.819016695,0.016226292,0.406387425,0.005607188,640,480,rgb8
1505,images/001505.jpg,1774267555.934950352,1774267555.915818214,0.019132137,0.405000000,0.000000000,1774267555.919044971,0.015905380,0.401594043,0.005698338,640,480,rgb8
1506,images/001506.jpg,1774267555.968184471,1774267555.955819607,0.012364864,0.405000000,0.000000000,1774267555.959024191,0.009160280,0.396755103,0.006723218,640,480,rgb8
1507,images/001507.jpg,1774267556.001417875,1774267555.995823145,0.005594730,0.405000000,0.000000000,1774267555.999064207,0.002353668,0.399974962,0.009022416,640,480,rgb8
1508,images/001508.jpg,1774267556.034650326,1774267556.015821457,0.018828869,0.405000000,0.000000000,1774267556.019016027,0.015634298,0.400322219,0.011463116,640,480,rgb8
1509,images/001509.jpg,1774267556.067881823,1774267556.055807352,0.012074471,0.405000000,0.000000000,1774267556.059038639,0.008843184,0.400685256,0.023660789,640,480,rgb8
1510,images/001510.jpg,1774267556.101112604,1774267556.095821381,0.005291224,0.405000000,0.000000000,1774267556.099056005,0.002056599,0.400711652,0.029156002,640,480,rgb8
1511,images/001511.jpg,1774267556.134342432,1774267556.115831137,0.018511295,0.405000000,0.000000000,1774267556.119060993,0.015281439,0.401047525,0.027344745,640,480,rgb8
1512,images/001512.jpg,1774267556.167571306,1774267556.155809402,0.011761904,0.405000000,0.000000000,1774267556.159022808,0.008548498,0.408643674,0.014704487,640,480,rgb8
1513,images/001513.jpg,1774267556.200799465,1774267556.195817709,0.004981756,0.405000000,0.000000000,1774267556.199033022,0.001766443,0.407450654,0.014367183,640,480,rgb8
1514,images/001514.jpg,1774267556.234026670,1774267556.215815783,0.018210888,0.405000000,0.000000000,1774267556.219038010,0.014988661,0.372838436,0.010620980,640,480,rgb8
1515,images/001515.jpg,1774267556.267253160,1774267556.255805731,0.011447430,0.405000000,0.000000000,1774267556.259042978,0.008210182,0.372786560,0.003021085,640,480,rgb8
1516,images/001516.jpg,1774267556.300478458,1774267556.295758486,0.004719973,0.405000000,0.000000000,1774267556.299052238,0.001426220,0.451169246,0.009795825,640,480,rgb8
1517,images/001517.jpg,1774267556.333703041,1774267556.315813303,0.017889738,0.405000000,0.000000000,1774267556.319070816,0.014632225,0.452107894,0.011838008,640,480,rgb8
1518,images/001518.jpg,1774267556.366926908,1774267556.355789185,0.011137724,0.405000000,0.000000000,1774267556.359047890,0.007879019,0.424572909,0.011609467,640,480,rgb8
1519,images/001519.jpg,1774267556.400149822,1774267556.395817995,0.004331827,0.405000000,0.000000000,1774267556.399046421,0.001103401,0.412399525,0.012620534,640,480,rgb8
1520,images/001520.jpg,1774267556.433372021,1774267556.415820837,0.017551184,0.405000000,0.000000000,1774267556.419067144,0.014304876,0.412816560,0.011774060,640,480,rgb8
1521,images/001521.jpg,1774267556.466596365,1774267556.455813885,0.010782480,0.405000000,0.000000000,1774267556.459051609,0.007544756,0.408844578,0.009096560,640,480,rgb8
1522,images/001522.jpg,1774267556.499948502,1774267556.495813847,0.004134655,0.405000000,0.000000000,1774267556.499049664,0.000898838,0.408504570,0.006523028,640,480,rgb8
1523,images/001523.jpg,1774267556.533300638,1774267556.515815020,0.017485619,0.405000000,0.000000000,1774267556.519092083,0.014208555,0.342616061,0.007640311,640,480,rgb8
1524,images/001524.jpg,1774267556.633020163,1774267556.615835190,0.017184973,0.405000000,0.000000000,1774267556.619103909,0.013916254,0.381582408,0.008255867,640,480,rgb8
1525,images/001525.jpg,1774267556.666258335,1774267556.655816555,0.010441780,0.405000000,0.000000000,1774267556.659017324,0.007241011,0.394048579,0.014565227,640,480,rgb8
1526,images/001526.jpg,1774267556.699495316,1774267556.695827007,0.003668308,0.405000000,0.000000000,1774267556.699055433,0.000439882,0.401032071,0.013873222,640,480,rgb8
1527,images/001527.jpg,1774267556.732731342,1774267556.715839148,0.016892195,0.405000000,0.000000000,1774267556.719060898,0.013670444,0.401296468,0.003622185,640,480,rgb8
1528,images/001528.jpg,1774267556.765966654,1774267556.755818605,0.010148048,0.405000000,0.000000000,1774267556.759021997,0.006944656,0.405558963,-0.011030870,640,480,rgb8
1529,images/001529.jpg,1774267556.799201012,1774267556.795816183,0.003384829,0.405000000,0.000000000,1774267556.799063683,0.000137329,0.408594261,-0.011555391,640,480,rgb8
1530,images/001530.jpg,1774267556.832434177,1774267556.815825462,0.016608715,0.405000000,0.000000000,1774267556.819070101,0.013364077,0.408932620,-0.011555391,640,480,rgb8
1531,images/001531.jpg,1774267556.865666389,1774267556.855826616,0.009839773,0.405000000,0.000000000,1774267556.859015465,0.006650925,0.409381088,0.007204349,640,480,rgb8
1532,images/001532.jpg,1774267556.898897886,1774267556.895836353,0.003061533,0.405000000,0.000000000,1774267556.879062653,0.019835234,0.408138549,-0.000427167,640,480,rgb8
1533,images/001533.jpg,1774267556.932128429,1774267556.915817022,0.016311407,0.405000000,0.000000000,1774267556.919022560,0.013105869,0.408371876,-0.002189268,640,480,rgb8
1534,images/001534.jpg,1774267556.965358019,1774267556.955810547,0.009547472,0.405000000,0.000000000,1774267556.959016562,0.006341457,0.408025734,0.006149476,640,480,rgb8
1535,images/001535.jpg,1774267557.031814098,1774267557.015842676,0.015971422,0.405000000,0.000000000,1774267557.019082069,0.012732029,0.406733186,0.005184688,640,480,rgb8
1536,images/001536.jpg,1774267557.065041065,1774267557.055820465,0.009220600,0.405000000,0.000000000,1774267557.059048891,0.005992174,0.405903602,0.003273582,640,480,rgb8
1537,images/001537.jpg,1774267557.098266840,1774267557.095824242,0.002442598,0.405000000,0.000000000,1774267557.079045057,0.019221783,0.406096988,0.002751570,640,480,rgb8
1538,images/001538.jpg,1774267557.131491661,1774267557.115824461,0.015667200,0.405000000,0.000000000,1774267557.119057655,0.012434006,0.406608811,0.006241471,640,480,rgb8
1539,images/001539.jpg,1774267557.164715528,1774267557.155790567,0.008924961,0.405000000,0.000000000,1774267557.159031153,0.005684376,0.406000391,0.007377796,640,480,rgb8
1540,images/001540.jpg,1774267557.197938442,1774267557.195835114,0.002103329,0.405000000,0.000000000,1774267557.179047585,0.018890858,0.405807748,0.007122668,640,480,rgb8
1541,images/001541.jpg,1774267557.231160402,1774267557.215834141,0.015326262,0.405000000,0.000000000,1774267557.219060659,0.012099743,0.406073006,0.010356702,640,480,rgb8
1542,images/001542.jpg,1774267557.264381647,1774267557.255825520,0.008556128,0.405000000,0.000000000,1774267557.259366274,0.005015373,0.407492523,0.009974789,640,480,rgb8
1543,images/001543.jpg,1774267557.297601461,1774267557.295813084,0.001788378,0.405000000,0.000000000,1774267557.279032469,0.018568993,0.407734483,0.007635906,640,480,rgb8
1544,images/001544.jpg,1774267557.330820799,1774267557.315793991,0.015026808,0.405000000,0.000000000,1774267557.319065571,0.011755228,0.406937194,0.010097950,640,480,rgb8
1545,images/001545.jpg,1774267557.364038944,1774267557.355823278,0.008215666,0.405000000,0.000000000,1774267557.359047651,0.004991293,0.407076056,0.009995880,640,480,rgb8
1546,images/001546.jpg,1774267557.397256374,1774267557.395791769,0.001464605,0.405000000,0.000000000,1774267557.379058361,0.018198013,0.407807807,0.006056728,640,480,rgb8
1547,images/001547.jpg,1774267557.430472612,1774267557.415830612,0.014642000,0.405000000,0.000000000,1774267557.419054985,0.011417627,0.406793325,0.001284455,640,480,rgb8
1548,images/001548.jpg,1774267557.463688135,1774267557.455837965,0.007850170,0.405000000,0.000000000,1774267557.459030867,0.004657269,0.407222281,0.010471865,640,480,rgb8
1549,images/001549.jpg,1774267557.496902704,1774267557.495842457,0.001060247,0.405000000,0.000000000,1774267557.479057074,0.017845631,0.384342874,0.008144949,640,480,rgb8
1550,images/001550.jpg,1774267557.530119181,1774267557.515817881,0.014301300,0.405000000,0.000000000,1774267557.519048452,0.011070728,0.394895115,0.012272368,640,480,rgb8
1551,images/001551.jpg,1774267557.563457012,1774267557.555856705,0.007600307,0.405000000,0.000000000,1774267557.559071302,0.004385710,0.403202299,0.012278764,640,480,rgb8
1552,images/001552.jpg,1774267557.596795082,1774267557.595840931,0.000954151,0.405000000,0.000000000,1774267557.579047680,0.017747402,0.403369470,0.017334026,640,480,rgb8
1553,images/001553.jpg,1774267557.630133152,1774267557.615834236,0.014298916,0.405000000,0.000000000,1774267557.619097948,0.011035204,0.405498317,0.020455647,640,480,rgb8
1554,images/001554.jpg,1774267557.663470984,1774267557.655826569,0.007644415,0.405000000,0.000000000,1774267557.659027576,0.004443407,0.406460866,0.019117502,640,480,rgb8
1555,images/001555.jpg,1774267557.730009556,1774267557.715826511,0.014183044,0.405000000,0.000000000,1774267557.719012499,0.010997057,0.450461951,0.011854632,640,480,rgb8
1556,images/001556.jpg,1774267557.763277769,1774267557.755818605,0.007459164,0.405000000,0.000000000,1774267557.759032726,0.004245043,0.410295861,0.004001548,640,480,rgb8
1557,images/001557.jpg,1774267557.796545506,1774267557.795820951,0.000724554,0.405000000,0.000000000,1774267557.779016495,0.017529011,0.410507055,0.004001548,640,480,rgb8
1558,images/001558.jpg,1774267557.829812288,1774267557.815820456,0.013991833,0.405000000,0.000000000,1774267557.819024563,0.010787725,0.407723436,0.007914586,640,480,rgb8
1559,images/001559.jpg,1774267557.863078594,1774267557.855825424,0.007253170,0.405000000,0.000000000,1774267557.859039307,0.004039288,0.408003037,0.008736594,640,480,rgb8
1560,images/001560.jpg,1774267557.896343946,1774267557.895827055,0.000516891,0.405000000,0.000000000,1774267557.879077673,0.017266273,0.408174903,0.007227661,640,480,rgb8
1561,images/001561.jpg,1774267557.929608822,1774267557.915815830,0.013792992,0.405000000,0.000000000,1774267557.919058323,0.010550499,0.406895156,0.007459708,640,480,rgb8
1562,images/001562.jpg,1774267557.962872982,1774267557.955844402,0.007028580,0.405000000,0.000000000,1774267557.959087372,0.003785610,0.406361871,0.006673760,640,480,rgb8
1563,images/001563.jpg,1774267557.996136427,1774267557.995834827,0.000301600,0.405000000,0.000000000,1774267557.979078770,0.017057657,0.406503789,0.007335034,640,480,rgb8
1564,images/001564.jpg,1774267558.029399395,1774267558.015824318,0.013575077,0.405000000,0.000000000,1774267558.019053936,0.010345459,0.406821120,0.005477264,640,480,rgb8
1565,images/001565.jpg,1774267558.062661409,1774267558.055811405,0.006850004,0.405000000,0.000000000,1774267558.059013367,0.003648043,0.405399717,0.009395885,640,480,rgb8
1566,images/001566.jpg,1774267558.129183531,1774267558.115810156,0.013373375,0.405000000,0.000000000,1774267558.119029760,0.010153770,0.405561873,0.010885743,640,480,rgb8
1567,images/001567.jpg,1774267558.162443638,1774267558.155810118,0.006633520,0.405000000,0.000000000,1774267558.159018040,0.003425598,0.406471449,0.013117764,640,480,rgb8
1568,images/001568.jpg,1774267558.195703030,1774267558.175813437,0.019889593,0.405000000,0.000000000,1774267558.179024935,0.016678095,0.406598877,0.015363991,640,480,rgb8
1569,images/001569.jpg,1774267558.228961706,1774267558.215820074,0.013141632,0.405000000,0.000000000,1774267558.219033003,0.009928703,0.405738584,0.016029390,640,480,rgb8
1570,images/001570.jpg,1774267558.262219667,1774267558.255812645,0.006407022,0.405000000,0.000000000,1774267558.259032488,0.003187180,0.405521628,0.005036596,640,480,rgb8
1571,images/001571.jpg,1774267558.295477152,1774267558.275826216,0.019650936,0.405000000,0.000000000,1774267558.279082537,0.016394615,0.405630507,-0.001103486,640,480,rgb8
1572,images/001572.jpg,1774267558.328733921,1774267558.315824032,0.012909889,0.405000000,0.000000000,1774267558.319042444,0.009691477,0.356473957,-0.018655797,640,480,rgb8
1573,images/001573.jpg,1774267558.361989737,1774267558.355814695,0.006175041,0.405000000,0.000000000,1774267558.359040022,0.002949715,0.355467405,-0.005000429,640,480,rgb8
1574,images/001574.jpg,1774267558.395245075,1774267558.375816107,0.019428968,0.405000000,0.000000000,1774267558.379059553,0.016185522,0.386500494,-0.004940065,640,480,rgb8
1575,images/001575.jpg,1774267558.428499699,1774267558.415816307,0.012683392,0.405000000,0.000000000,1774267558.419017553,0.009482145,0.398417996,0.010490866,640,480,rgb8
1576,images/001576.jpg,1774267558.461753607,1774267558.455816507,0.005937099,0.405000000,0.000000000,1774267558.459024668,0.002728939,0.405201072,-0.002186147,640,480,rgb8
1577,images/001577.jpg,1774267558.495006800,1774267558.475817680,0.019189119,0.405000000,0.000000000,1774267558.479070902,0.015935898,0.405312694,-0.001361837,640,480,rgb8
1578,images/001578.jpg,1774267558.528259516,1774267558.515814066,0.012445450,0.405000000,0.000000000,1774267558.519007683,0.009251833,0.404989284,0.007362064,640,480,rgb8
1579,images/001579.jpg,1774267558.561511278,1774267558.555823803,0.005687475,0.405000000,0.000000000,1774267558.559014797,0.002496481,0.403862113,0.012209053,640,480,rgb8
1580,images/001580.jpg,1774267558.594762564,1774267558.575833559,0.018929005,0.405000000,0.000000000,1774267558.579049110,0.015713453,0.404698311,0.011283055,640,480,rgb8
1581,images/001581.jpg,1774267558.628012896,1774267558.615816355,0.012196541,0.405000000,0.000000000,1774267558.619034290,0.008978605,0.404411266,0.010822496,640,480,rgb8
1582,images/001582.jpg,1774267558.661264896,1774267558.655819416,0.005445480,0.405000000,0.000000000,1774267558.659045219,0.002219677,0.404594798,0.006185855,640,480,rgb8
1583,images/001583.jpg,1774267558.694592476,1774267558.675825357,0.018767118,0.405000000,0.000000000,1774267558.679077387,0.015515089,0.404359966,0.010348911,640,480,rgb8
1584,images/001584.jpg,1774267558.727920055,1774267558.715827703,0.012092352,0.405000000,0.000000000,1774267558.719032764,0.008887291,0.404434162,0.011682553,640,480,rgb8
1585,images/001585.jpg,1774267558.761248112,1774267558.755830526,0.005417585,0.405000000,0.000000000,1774267558.759013891,0.002234221,0.406484442,0.006796313,640,480,rgb8
1586,images/001586.jpg,1774267558.827741385,1774267558.815859556,0.011881828,0.405000000,0.000000000,1774267558.819045544,0.008695841,0.406202507,0.015736385,640,480,rgb8
1587,images/001587.jpg,1774267558.860986710,1774267558.855850220,0.005136490,0.405000000,0.000000000,1774267558.859070301,0.001916409,0.405443052,0.011960539,640,480,rgb8
1588,images/001588.jpg,1774267558.894231558,1774267558.875827074,0.018404484,0.405000000,0.000000000,1774267558.879025221,0.015206337,0.406657557,0.009472419,640,480,rgb8
1589,images/001589.jpg,1774267558.927474737,1774267558.915834665,0.011640072,0.405000000,0.000000000,1774267558.919043064,0.008431673,0.406865913,0.007742280,640,480,rgb8
1590,images/001590.jpg,1774267558.960717440,1774267558.955826283,0.004891157,0.405000000,0.000000000,1774267558.959040165,0.001677275,0.406281752,0.006228977,640,480,rgb8
1591,images/001591.jpg,1774267558.993958950,1774267558.975871563,0.018087387,0.405000000,0.000000000,1774267558.979087353,0.014871597,0.405958621,0.006234652,640,480,rgb8
1592,images/001592.jpg,1774267559.027199984,1774267559.015900373,0.011299610,0.405000000,0.000000000,1774267559.019129276,0.008070707,0.405830247,0.011280771,640,480,rgb8
1593,images/001593.jpg,1774267559.060439587,1774267559.055823803,0.004615784,0.405000000,0.000000000,1774267559.059033394,0.001406193,0.407844493,0.008215711,640,480,rgb8
1594,images/001594.jpg,1774267559.093678474,1774267559.075832129,0.017846346,0.405000000,0.000000000,1774267559.079067230,0.014611244,0.407953000,0.009301003,640,480,rgb8
1595,images/001595.jpg,1774267559.126916409,1774267559.115817785,0.011098623,0.405000000,0.000000000,1774267559.119034290,0.007882118,0.406611584,0.023170695,640,480,rgb8
1596,images/001596.jpg,1774267559.160153627,1774267559.155816793,0.004336834,0.405000000,0.000000000,1774267559.159061909,0.001091719,0.406644949,0.029466065,640,480,rgb8
1597,images/001597.jpg,1774267559.193389654,1774267559.175817966,0.017571688,0.405000000,0.000000000,1774267559.179012537,0.014377117,0.406600113,0.029295086,640,480,rgb8
1598,images/001598.jpg,1774267559.226624727,1774267559.215823412,0.010801315,0.405000000,0.000000000,1774267559.219030380,0.007594347,0.406772193,0.019168575,640,480,rgb8
1599,images/001599.jpg,1774267559.259859085,1774267559.255815983,0.004043102,0.405000000,0.000000000,1774267559.259038448,0.000820637,0.407763413,0.018926410,640,480,rgb8
1600,images/001600.jpg,1774267559.293092489,1774267559.275815725,0.017276764,0.405000000,0.000000000,1774267559.279027939,0.014064550,0.404893701,0.017174893,640,480,rgb8
1601,images/001601.jpg,1774267559.326324940,1774267559.315816164,0.010508776,0.405000000,0.000000000,1774267559.319029808,0.007295132,0.404790730,0.013076930,640,480,rgb8
1602,images/001602.jpg,1774267559.359556437,1774267559.355816126,0.003740311,0.405000000,0.000000000,1774267559.359021425,0.000535011,0.366104839,0.009217471,640,480,rgb8
1603,images/001603.jpg,1774267559.392786980,1774267559.375835657,0.016951323,0.405000000,0.000000000,1774267559.379030943,0.013756037,0.365688415,0.012514282,640,480,rgb8
1604,images/001604.jpg,1774267559.426016569,1774267559.415827274,0.010189295,0.405000000,0.000000000,1774267559.419045925,0.006970644,0.388426621,0.014275976,640,480,rgb8
1605,images/001605.jpg,1774267559.459245205,1774267559.455813408,0.003431797,0.405000000,0.000000000,1774267559.459018707,0.000226498,0.401026303,0.019403818,640,480,rgb8
1606,images/001606.jpg,1774267559.492473125,1774267559.475815535,0.016657591,0.405000000,0.000000000,1774267559.479007483,0.013465643,0.405557733,0.016178307,640,480,rgb8
1607,images/001607.jpg,1774267559.525699854,1774267559.515799761,0.009900093,0.405000000,0.000000000,1774267559.519031286,0.006668568,0.405715230,0.008208885,640,480,rgb8
1608,images/001608.jpg,1774267559.558925867,1774267559.555816889,0.003108978,0.405000000,0.000000000,1774267559.539041519,0.019884348,0.428759693,0.008062133,640,480,rgb8
1609,images/001609.jpg,1774267559.592150927,1774267559.575833559,0.016317368,0.405000000,0.000000000,1774267559.579080582,0.013070345,0.417953706,0.011189476,640,480,rgb8
1610,images/001610.jpg,1774267559.625375032,1774267559.615817785,0.009557247,0.405000000,0.000000000,1774267559.619037628,0.006337404,0.410518197,0.009511400,640,480,rgb8
1611,images/001611.jpg,1774267559.658598185,1774267559.655834436,0.002763748,0.405000000,0.000000000,1774267559.639065504,0.019532681,0.410635569,0.010349551,640,480,rgb8
1612,images/001612.jpg,1774267559.691820383,1774267559.675858021,0.015962362,0.004549220,-0.500563475,1774267559.679050446,0.012769938,0.408569786,0.012894687,640,480,rgb8
1613,images/001613.jpg,1774267559.725041389,1774267559.715834856,0.009206533,0.000000000,-0.810000000,1774267559.719051123,0.005990267,0.406637203,0.010599364,640,480,rgb8
1614,images/001614.jpg,1774267559.758264065,1774267559.755831480,0.002432585,0.000000000,-0.810000000,1774267559.739085913,0.019178152,0.366143968,-0.012378685,640,480,rgb8
1615,images/001615.jpg,1774267559.791578054,1774267559.775830746,0.015747309,0.000000000,-0.810000000,1774267559.779073000,0.012505054,0.365294008,-0.052552860,640,480,rgb8
1616,images/001616.jpg,1774267559.824892044,1774267559.815819740,0.009072304,0.000000000,-0.810000000,1774267559.819041014,0.005851030,0.336653782,-0.120956264,640,480,rgb8
1617,images/001617.jpg,1774267559.858205795,1774267559.855833292,0.002372503,0.000000000,-0.810000000,1774267559.839077950,0.019127846,0.335887175,-0.273688495,640,480,rgb8
1618,images/001618.jpg,1774267559.957948446,1774267559.955818176,0.002130270,0.399748700,0.000000000,1774267559.939109087,0.018839359,0.182709784,-0.515222256,640,480,rgb8
1619,images/001619.jpg,1774267559.991194010,1774267559.975819826,0.015374184,0.405000000,0.000000000,1774267559.979020596,0.012173414,0.099417622,-0.562089443,640,480,rgb8
1620,images/001620.jpg,1774267560.024438620,1774267560.015830278,0.008608341,0.405000000,0.000000000,1774267560.019049168,0.005389452,0.026629071,-0.457256697,640,480,rgb8
1621,images/001621.jpg,1774267560.057682514,1774267560.055820942,0.001861572,0.405000000,0.000000000,1774267560.039052010,0.018630505,0.038721211,-0.385630005,640,480,rgb8
1622,images/001622.jpg,1774267560.090925455,1774267560.075825214,0.015100241,0.405000000,0.000000000,1774267560.079087496,0.011837959,0.030529876,-0.229720465,640,480,rgb8
1623,images/001623.jpg,1774267560.124167681,1774267560.115844250,0.008323431,0.405000000,0.000000000,1774267560.119080067,0.005087614,0.035492668,-0.108250990,640,480,rgb8
1624,images/001624.jpg,1774267560.157408953,1774267560.155832529,0.001576424,0.405000000,0.000000000,1774267560.139066458,0.018342495,0.101363498,-0.089603336,640,480,rgb8
1625,images/001625.jpg,1774267560.190649271,1774267560.175824404,0.014824867,0.405000000,0.000000000,1774267560.179052830,0.011596441,0.186159812,-0.037357880,640,480,rgb8
1626,images/001626.jpg,1774267560.223888397,1774267560.215826035,0.008062363,0.000000000,0.000000000,1774267560.219041824,0.004846573,0.182206882,-0.015074295,640,480,rgb8
1627,images/001627.jpg,1774267560.257127047,1774267560.255816221,0.001310825,0.000000000,0.000000000,1774267560.239066601,0.018060446,0.290067701,-0.019214867,640,480,rgb8
1628,images/001628.jpg,1774267560.290364504,1774267560.275818348,0.014546156,0.000000000,0.000000000,1774267560.279027700,0.011336803,0.402206140,-0.015846488,640,480,rgb8
1629,images/001629.jpg,1774267560.323601007,1774267560.315819979,0.007781029,0.000000000,0.000000000,1774267560.319021225,0.004579782,0.375098877,0.001057804,640,480,rgb8
1630,images/001630.jpg,1774267560.356836557,1774267560.355817556,0.001019001,0.000000000,0.000000000,1774267560.339033604,0.017802954,0.375485707,0.003911241,640,480,rgb8
1631,images/001631.jpg,1774267560.390071630,1774267560.375783205,0.014288425,0.000000000,0.000000000,1774267560.379044056,0.011027575,0.317939332,-0.001694461,640,480,rgb8
1632,images/001632.jpg,1774267560.423305511,1774267560.415815830,0.007489681,0.000000000,0.000000000,1774267560.419061899,0.004243612,0.220475273,0.014241092,640,480,rgb8
1633,images/001633.jpg,1774267560.456538677,1774267560.455817461,0.000721216,0.399626440,0.000000000,1774267560.439092398,0.017446280,0.179223463,0.032540517,640,480,rgb8
1634,images/001634.jpg,1774267560.489770412,1774267560.475835323,0.013935089,0.405000000,0.000000000,1774267560.479099274,0.010671139,0.175284003,0.014736469,640,480,rgb8
1635,images/001635.jpg,1774267560.523001671,1774267560.515906572,0.007095098,0.405000000,0.000000000,1774267560.519040108,0.003961563,0.053836308,-0.011023558,640,480,rgb8
1636,images/001636.jpg,1774267560.556232214,1774267560.555817127,0.000415087,0.405000000,0.000000000,1774267560.539069176,0.017163038,0.035572507,-0.010723301,640,480,rgb8
1637,images/001637.jpg,1774267560.589461327,1774267560.575809240,0.013652086,0.405000000,0.000000000,1774267560.579041481,0.010419846,0.037004630,0.004782920,640,480,rgb8
1638,images/001638.jpg,1774267560.622689962,1774267560.615809917,0.006880045,0.405000000,0.000000000,1774267560.619036198,0.003653765,0.034941413,-0.012521943,640,480,rgb8
1639,images/001639.jpg,1774267560.655917406,1774267560.655808926,0.000108480,0.405000000,0.000000000,1774267560.639012575,0.016904831,0.031554373,-0.008468079,640,480,rgb8
1640,images/001640.jpg,1774267560.689144373,1774267560.675774097,0.013370275,0.405000000,0.000000000,1774267560.679072618,0.010071754,0.170843625,0.010079057,640,480,rgb8
1641,images/001641.jpg,1774267560.722369909,1774267560.715783119,0.006586790,0.405000000,0.000000000,1774267560.719041824,0.003328085,0.311440701,-0.012133637,640,480,rgb8
1642,images/001642.jpg,1774267560.755594969,1774267560.735814095,0.019780874,0.405000000,0.000000000,1774267560.739105701,0.016489267,0.311552752,-0.011760754,640,480,rgb8
1643,images/001643.jpg,1774267560.788818836,1774267560.775840282,0.012978554,0.405000000,0.000000000,1774267560.779055595,0.009763241,0.369505249,-0.005926890,640,480,rgb8
1644,images/001644.jpg,1774267560.822041988,1774267560.815841675,0.006200314,0.405000000,0.000000000,1774267560.819057941,0.002984047,0.395347441,-0.005975195,640,480,rgb8
1645,images/001645.jpg,1774267560.855265856,1774267560.835836887,0.019428968,0.405000000,0.000000000,1774267560.839095592,0.016170263,0.396460705,-0.000231323,640,480,rgb8
1646,images/001646.jpg,1774267560.888566256,1774267560.875841141,0.012725115,0.405000000,0.000000000,1774267560.879090309,0.009475946,0.409277332,0.011003120,640,480,rgb8
1647,images/001647.jpg,1774267560.921866417,1774267560.915821552,0.006044865,0.405000000,0.000000000,1774267560.919056892,0.002809525,0.414646428,0.006762818,640,480,rgb8
1648,images/001648.jpg,1774267560.955167055,1774267560.935831308,0.019335747,0.405000000,0.000000000,1774267560.939081907,0.016085148,0.412325158,0.003707980,640,480,rgb8
1649,images/001649.jpg,1774267561.022080183,1774267561.015842915,0.006237268,0.405000000,0.000000000,1774267561.019090891,0.002989292,0.365696735,0.000728640,640,480,rgb8
1650,images/001650.jpg,1774267561.055538893,1774267561.035836935,0.019701958,0.405000000,0.000000000,1774267561.039043665,0.016495228,0.397089681,0.012636399,640,480,rgb8
1651,images/001651.jpg,1774267561.088999033,1774267561.075826168,0.013172865,0.405000000,0.000000000,1774267561.079061031,0.009938002,0.402102823,0.022122360,640,480,rgb8
1652,images/001652.jpg,1774267561.122460842,1774267561.115829945,0.006630898,0.405000000,0.000000000,1774267561.119035482,0.003425360,0.405269635,0.024630503,640,480,rgb8
1653,images/001653.jpg,1774267561.155924082,1774267561.155821323,0.000102758,0.405000000,0.000000000,1774267561.139086246,0.016837835,0.406311455,0.015611176,640,480,rgb8
1654,images/001654.jpg,1774267561.189388990,1774267561.175822258,0.013566732,0.405000000,0.000000000,1774267561.179068089,0.010320902,0.409432303,0.009694252,640,480,rgb8
1655,images/001655.jpg,1774267561.222855330,1774267561.215835571,0.007019758,0.405000000,0.000000000,1774267561.219040632,0.003814697,0.410648860,-0.004258660,640,480,rgb8
1656,images/001656.jpg,1774267561.256323099,1774267561.255833626,0.000489473,0.405000000,0.000000000,1774267561.239082575,0.017240524,0.406620737,-0.000625054,640,480,rgb8
1657,images/001657.jpg,1774267561.289792299,1774267561.275818348,0.013973951,0.405000000,0.000000000,1774267561.279044867,0.010747433,0.408576900,0.014451526,640,480,rgb8
1658,images/001658.jpg,1774267561.356734991,1774267561.355833769,0.000901222,0.405000000,0.000000000,1774267561.339029551,0.017705441,0.407656194,-0.003174791,640,480,rgb8
1659,images/001659.jpg,1774267561.390208721,1774267561.375788450,0.014420271,0.405000000,0.000000000,1774267561.379032135,0.011176586,0.407169486,-0.011967341,640,480,rgb8
1660,images/001660.jpg,1774267561.423684120,1774267561.415825844,0.007858276,0.405000000,0.000000000,1774267561.419014215,0.004669905,0.407370168,0.002701150,640,480,rgb8
1661,images/001661.jpg,1774267561.457160711,1774267561.455819130,0.001341581,0.405000000,0.000000000,1774267561.439023733,0.018136978,0.408255531,0.007389739,640,480,rgb8
1662,images/001662.jpg,1774267561.490638971,1774267561.475834131,0.014804840,0.405000000,0.000000000,1774267561.479027033,0.011611938,0.408899752,-0.004649704,640,480,rgb8
1663,images/001663.jpg,1774267561.524118423,1774267561.515759706,0.008358717,0.405000000,0.000000000,1774267561.519091368,0.005027056,0.407578825,-0.006250226,640,480,rgb8
1664,images/001664.jpg,1774267561.557599545,1774267561.555973053,0.001626492,0.405000000,0.000000000,1774267561.539074659,0.018524885,0.408412273,-0.003430235,640,480,rgb8
1665,images/001665.jpg,1774267561.591082335,1774267561.575897217,0.015185118,0.405000000,0.000000000,1774267561.579036951,0.012045383,0.390150171,0.002171810,640,480,rgb8
1666,images/001666.jpg,1774267561.624566317,1774267561.615815401,0.008750916,0.405000000,0.000000000,1774267561.619026661,0.005539656,0.391360293,0.000464064,640,480,rgb8
1667,images/001667.jpg,1774267561.658051968,1774267561.655817747,0.002234221,0.405000000,0.000000000,1774267561.639082193,0.018969774,0.401375285,0.003166074,640,480,rgb8
1668,images/001668.jpg,1774267561.691539288,1774267561.675819159,0.015720129,0.405000000,0.000000000,1774267561.679037094,0.012502193,0.403987701,0.001400289,640,480,rgb8
1669,images/001669.jpg,1774267561.725027800,1774267561.715811014,0.009216785,0.405000000,0.000000000,1774267561.719046593,0.005981207,0.405565719,0.002279284,640,480,rgb8
1670,images/001670.jpg,1774267561.758517981,1774267561.756342888,0.002175093,0.405000000,0.000000000,1774267561.739077330,0.019440651,0.406302233,0.000735081,640,480,rgb8
1671,images/001671.jpg,1774267561.792009592,1774267561.775832891,0.016176701,0.405000000,0.000000000,1774267561.779115200,0.012894392,0.473235741,-0.001725326,640,480,rgb8
1672,images/001672.jpg,1774267561.825502634,1774267561.815823317,0.009679317,0.405000000,0.000000000,1774267561.819045067,0.006457567,0.428627283,0.005404072,640,480,rgb8
1673,images/001673.jpg,1774267561.858997345,1774267561.855822563,0.003174782,0.405000000,0.000000000,1774267561.839013815,0.019983530,0.429571710,0.017139139,640,480,rgb8
1674,images/001674.jpg,1774267561.892493248,1774267561.875818491,0.016674757,0.005057400,0.499928250,1774267561.879044294,0.013448954,0.396139639,0.016250821,640,480,rgb8
1675,images/001675.jpg,1774267561.925990820,1774267561.915838242,0.010152578,0.000000000,0.810000000,1774267561.919039249,0.006951571,0.397199559,0.015180727,640,480,rgb8
1676,images/001676.jpg,1774267561.959485531,1774267561.955822468,0.003663063,0.000000000,0.810000000,1774267561.959046125,0.000439405,0.404571206,0.027543574,640,480,rgb8
1677,images/001677.jpg,1774267561.992808342,1774267561.975837708,0.016970634,0.000000000,0.810000000,1774267561.979084253,0.013724089,0.389723742,0.027533682,640,480,rgb8
1678,images/001678.jpg,1774267562.026131153,1774267562.015797377,0.010333776,0.399508040,0.310614950,1774267562.019091606,0.007039547,0.340947718,0.249699669,640,480,rgb8
1679,images/001679.jpg,1774267562.059453726,1774267562.055848598,0.003605127,0.405000000,0.000000000,1774267562.059042215,0.000411510,0.322321866,0.408120086,640,480,rgb8
1680,images/001680.jpg,1774267562.126028061,1774267562.115843296,0.010184765,0.405000000,0.000000000,1774267562.119055033,0.006973028,0.205462355,0.478226854,640,480,rgb8
1681,images/001681.jpg,1774267562.159314156,1774267562.155826092,0.003488064,0.405000000,0.000000000,1774267562.159054279,0.000259876,0.142534254,0.409109560,640,480,rgb8
1682,images/001682.jpg,1774267562.192599773,1774267562.175813437,0.016786337,0.405000000,0.000000000,1774267562.179039240,0.013560534,0.147345336,0.372438556,640,480,rgb8
1683,images/001683.jpg,1774267562.225884676,1774267562.215812206,0.010072470,0.405000000,0.000000000,1774267562.219045877,0.006838799,0.142480976,0.255212287,640,480,rgb8
1684,images/001684.jpg,1774267562.259169102,1774267562.255821228,0.003347874,0.004839140,0.000000000,1774267562.259030581,0.000138521,0.188214269,0.129094237,640,480,rgb8
1685,images/001685.jpg,1774267562.292453051,1774267562.275815487,0.016637564,0.000000000,0.000000000,1774267562.279093742,0.013359308,0.266812260,0.112716949,640,480,rgb8
1686,images/001686.jpg,1774267562.325736284,1774267562.315825701,0.009910583,0.000000000,0.000000000,1774267562.319047928,0.006688356,0.331830476,0.069783358,640,480,rgb8
1687,images/001687.jpg,1774267562.359018803,1774267562.355831861,0.003186941,0.000000000,0.000000000,1774267562.339086771,0.019932032,0.331799718,0.040765619,640,480,rgb8
1688,images/001688.jpg,1774267562.392300844,1774267562.375838518,0.016462326,0.000000000,0.000000000,1774267562.379049778,0.013251066,0.330416751,0.007890338,640,480,rgb8
1689,images/001689.jpg,1774267562.458863020,1774267562.455811977,0.003051043,0.000000000,0.000000000,1774267562.439026117,0.019836903,0.253096878,0.015408417,640,480,rgb8
1690,images/001690.jpg,1774267562.492143154,1774267562.475822449,0.016320705,0.000000000,0.000000000,1774267562.479019880,0.013123274,0.251132142,0.018349598,640,480,rgb8
1691,images/001691.jpg,1774267562.525422573,1774267562.515817881,0.009604692,0.399984840,0.000000000,1774267562.519012213,0.006410360,0.180767807,0.040315873,640,480,rgb8
1692,images/001692.jpg,1774267562.558701754,1774267562.555814981,0.002886772,0.405000000,0.000000000,1774267562.539043427,0.019658327,0.094909306,0.020271706,640,480,rgb8
1693,images/001693.jpg,1774267562.591979980,1774267562.575863361,0.016116619,0.405000000,0.000000000,1774267562.579039812,0.012940168,0.039507024,-0.004085556,640,480,rgb8
1694,images/001694.jpg,1774267562.625257492,1774267562.615814924,0.009442568,0.405000000,0.000000000,1774267562.619060993,0.006196499,0.032630922,-0.002584605,640,480,rgb8
1695,images/001695.jpg,1774267562.658534765,1774267562.655817747,0.002717018,0.405000000,0.000000000,1774267562.639286995,0.019247770,0.048390750,0.003770253,640,480,rgb8
1696,images/001696.jpg,1774267562.691811323,1774267562.675821066,0.015990257,0.405000000,0.000000000,1774267562.679011583,0.012799740,0.120342089,-0.001972037,640,480,rgb8
1697,images/001697.jpg,1774267562.725087166,1774267562.715817213,0.009269953,0.405000000,0.000000000,1774267562.719054461,0.006032705,0.183957323,0.008710158,640,480,rgb8
1698,images/001698.jpg,1774267562.758362293,1774267562.755815506,0.002546787,0.405000000,0.000000000,1774267562.739049911,0.019312382,0.226417383,0.010948263,640,480,rgb8
1699,images/001699.jpg,1774267562.791636944,1774267562.775823355,0.015813589,0.405000000,0.000000000,1774267562.779051781,0.012585163,0.224673705,-0.003075750,640,480,rgb8
1700,images/001700.jpg,1774267562.824911118,1774267562.815816641,0.009094477,0.405000000,0.000000000,1774267562.819052935,0.005858183,0.307819620,-0.014101128,640,480,rgb8
1701,images/001701.jpg,1774267562.858184576,1774267562.855816126,0.002368450,0.405000000,0.000000000,1774267562.839060068,0.019124508,0.370931694,-0.017203815,640,480,rgb8
1702,images/001702.jpg,1774267562.891457558,1774267562.875792265,0.015665293,0.405000000,0.000000000,1774267562.879051924,0.012405634,0.372759679,0.015081487,640,480,rgb8
1703,images/001703.jpg,1774267562.924729824,1774267562.915822268,0.008907557,0.405000000,0.000000000,1774267562.919090271,0.005639553,0.399227856,0.033414423,640,480,rgb8
1704,images/001704.jpg,1774267562.958001137,1774267562.955833673,0.002167463,0.405000000,0.000000000,1774267562.939293385,0.018707752,0.407908500,0.021580642,640,480,rgb8
1705,images/001705.jpg,1774267562.991272449,1774267562.975855112,0.015417337,0.405000000,0.000000000,1774267562.979048014,0.012224436,0.410071870,-0.000982784,640,480,rgb8
1706,images/001706.jpg,1774267563.024542809,1774267563.015836954,0.008705854,0.405000000,0.000000000,1774267563.019093275,0.005449533,0.407288958,-0.000685676,640,480,rgb8
1707,images/001707.jpg,1774267563.057813644,1774267563.055839539,0.001974106,0.405000000,0.000000000,1774267563.039072275,0.018741369,0.408516307,-0.001485064,640,480,rgb8
1708,images/001708.jpg,1774267563.091127157,1774267563.075855494,0.015271664,0.405000000,0.000000000,1774267563.079097509,0.012029648,0.407305060,0.009600321,640,480,rgb8
1709,images/001709.jpg,1774267563.124440670,1774267563.115844488,0.008596182,0.405000000,0.000000000,1774267563.119060516,0.005380154,0.406818051,0.027104842,640,480,rgb8
1710,images/001710.jpg,1774267563.157754421,1774267563.155833006,0.001921415,0.405000000,0.000000000,1774267563.139076710,0.018677711,0.407779778,0.029960730,640,480,rgb8
1711,images/001711.jpg,1774267563.257635832,1774267563.255829096,0.001806736,0.405000000,0.000000000,1774267563.239068270,0.018567562,0.405741573,-0.002077041,640,480,rgb8
1712,images/001712.jpg,1774267563.290928364,1774267563.275828123,0.015100241,0.405000000,0.000000000,1774267563.279190063,0.011738300,0.407411188,-0.002353984,640,480,rgb8
1713,images/001713.jpg,1774267563.324220657,1774267563.315824747,0.008395910,0.405000000,0.000000000,1774267563.319044590,0.005176067,0.344307123,-0.004557919,640,480,rgb8
1714,images/001714.jpg,1774267563.357512236,1774267563.355826378,0.001685858,0.405000000,0.000000000,1774267563.339072466,0.018439770,0.344561523,-0.004474614,640,480,rgb8
1715,images/001715.jpg,1774267563.390803576,1774267563.375840664,0.014962912,0.405000000,0.000000000,1774267563.379097462,0.011706114,0.383309238,-0.004038309,640,480,rgb8
1716,images/001716.jpg,1774267563.424093962,1774267563.415820122,0.008273840,0.405000000,0.000000000,1774267563.419076443,0.005017519,0.399237037,0.004371166,640,480,rgb8
1717,images/001717.jpg,1774267563.457383871,1774267563.455823421,0.001560450,0.405000000,0.000000000,1774267563.439086676,0.018297195,0.405837640,0.003582913,640,480,rgb8
1718,images/001718.jpg,1774267563.490673304,1774267563.475836754,0.014836550,0.405000000,0.000000000,1774267563.479083776,0.011589527,0.407752626,0.000304021,640,480,rgb8
1719,images/001719.jpg,1774267563.557250500,1774267563.555820227,0.001430273,0.405000000,0.000000000,1774267563.539048672,0.018201828,0.408636864,-0.002882479,640,480,rgb8
1720,images/001720.jpg,1774267563.590538263,1774267563.575828314,0.014709949,0.405000000,0.000000000,1774267563.579021454,0.011516809,0.407895105,-0.003047821,640,480,rgb8
1721,images/001721.jpg,1774267563.623825788,1774267563.615824223,0.008001566,0.405000000,0.000000000,1774267563.619086742,0.004739046,0.406898401,0.004241785,640,480,rgb8
1722,images/001722.jpg,1774267563.657112360,1774267563.655827761,0.001284599,0.405000000,0.000000000,1774267563.639054298,0.018058062,0.407763987,0.004819602,640,480,rgb8
1723,images/001723.jpg,1774267563.690398455,1774267563.675841093,0.014557362,0.405000000,0.000000000,1774267563.679135561,0.011262894,0.407444150,0.005315758,640,480,rgb8
1724,images/001724.jpg,1774267563.723684072,1774267563.715818167,0.007865906,0.405000000,0.000000000,1774267563.719132900,0.004551172,0.405936990,0.010125727,640,480,rgb8
1725,images/001725.jpg,1774267563.756968975,1774267563.755841494,0.001127481,0.405000000,0.000000000,1774267563.739074230,0.017894745,0.406211599,0.010776577,640,480,rgb8
1726,images/001726.jpg,1774267563.790253639,1774267563.775818110,0.014435530,0.405000000,0.000000000,1774267563.779047251,0.011206388,0.407805530,0.008768050,640,480,rgb8
1727,images/001727.jpg,1774267563.823537588,1774267563.815819740,0.007717848,0.405000000,0.000000000,1774267563.819037914,0.004499674,0.408626167,0.007087941,640,480,rgb8
1728,images/001728.jpg,1774267563.856820822,1774267563.855810642,0.001010180,0.405000000,0.000000000,1774267563.839027882,0.017792940,0.408432934,0.004008365,640,480,rgb8
1729,images/001729.jpg,1774267563.890103817,1774267563.875814676,0.014289141,0.405000000,0.000000000,1774267563.879042864,0.011060953,0.409683690,0.001273190,640,480,rgb8
1730,images/001730.jpg,1774267563.923386097,1774267563.915816069,0.007570028,0.405000000,0.000000000,1774267563.919148922,0.004237175,0.410586563,-0.009029309,640,480,rgb8
1731,images/001731.jpg,1774267563.956667900,1774267563.955834150,0.000833750,0.405000000,0.000000000,1774267563.939154625,0.017513275,0.411351418,-0.013019376,640,480,rgb8
1732,images/001732.jpg,1774267563.989948988,1774267563.975834846,0.014114141,0.405000000,0.000000000,1774267563.979043484,0.010905504,0.410476815,-0.013913033,640,480,rgb8
1733,images/001733.jpg,1774267564.023229837,1774267564.015837908,0.007391930,0.405000000,0.000000000,1774267564.019082546,0.004147291,0.405895765,0.002391893,640,480,rgb8
1734,images/001734.jpg,1774267564.056509733,1774267564.055830717,0.000679016,0.405000000,0.000000000,1774267564.039050341,0.017459393,0.406556880,0.002002576,640,480,rgb8
1735,images/001735.jpg,1774267564.089789391,1774267564.075842619,0.013946772,0.405000000,0.000000000,1774267564.079091311,0.010698080,0.406745232,0.001600887,640,480,rgb8
1736,images/001736.jpg,1774267564.123068333,1774267564.115843296,0.007225037,0.405000000,0.000000000,1774267564.119078159,0.003990173,0.406783202,0.007057399,640,480,rgb8
1737,images/001737.jpg,1774267564.156347752,1774267564.155832529,0.000515223,0.405000000,0.000000000,1774267564.139055252,0.017292500,0.407415446,0.007824388,640,480,rgb8
1738,images/001738.jpg,1774267564.189652920,1774267564.175843477,0.013809443,0.405000000,0.000000000,1774267564.179064751,0.010588169,0.406346062,0.003254922,640,480,rgb8
1739,images/001739.jpg,1774267564.222958326,1774267564.215832949,0.007125378,0.405000000,0.000000000,1774267564.219158649,0.003799677,0.406328300,0.000270769,640,480,rgb8
1740,images/001740.jpg,1774267564.256263733,1774267564.255823135,0.000440598,0.405000000,0.000000000,1774267564.239074707,0.017189026,0.406996010,0.001722339,640,480,rgb8
1741,images/001741.jpg,1774267564.289568901,1774267564.275842428,0.013726473,0.405000000,0.000000000,1774267564.279095888,0.010473013,0.408178917,0.003374784,640,480,rgb8
1742,images/001742.jpg,1774267564.356422901,1774267564.356366873,0.000056028,0.405000000,0.000000000,1774267564.339071512,0.017351389,0.406021363,0.002145467,640,480,rgb8
1743,images/001743.jpg,1774267564.389852047,1774267564.375794172,0.014057875,0.405000000,0.000000000,1774267564.379052162,0.010799885,0.405045068,0.002348802,640,480,rgb8
1744,images/001744.jpg,1774267564.423282623,1774267564.415823221,0.007459402,0.405000000,0.000000000,1774267564.419027328,0.004255295,0.404633854,0.001645402,640,480,rgb8
1745,images/001745.jpg,1774267564.456714869,1774267564.455819607,0.000895262,0.405000000,0.000000000,1774267564.439028978,0.017685890,0.405135242,0.001606441,640,480,rgb8
1746,images/001746.jpg,1774267564.490148544,1774267564.475822687,0.014325857,0.405000000,0.000000000,1774267564.479033470,0.011115074,0.404344087,0.007742971,640,480,rgb8
1747,images/001747.jpg,1774267564.523583412,1774267564.515827656,0.007755756,0.405000000,0.000000000,1774267564.519051552,0.004531860,0.404836409,0.010264077,640,480,rgb8
1748,images/001748.jpg,1774267564.557019711,1774267564.555839062,0.001180649,0.405000000,0.000000000,1774267564.539107561,0.017912149,0.405683154,0.008385650,640,480,rgb8
1749,images/001749.jpg,1774267564.590457678,1774267564.576064348,0.014393330,0.405000000,0.000000000,1774267564.579037666,0.011420012,0.405900306,0.016102517,640,480,rgb8
1750,images/001750.jpg,1774267564.623897314,1774267564.615820408,0.008076906,0.405000000,0.000000000,1774267564.619051695,0.004845619,0.406840046,0.025700122,640,480,rgb8
1751,images/001751.jpg,1774267564.657338142,1774267564.655827761,0.001510382,0.405000000,0.000000000,1774267564.639063597,0.018274546,0.406029856,0.024367263,640,480,rgb8
1752,images/001752.jpg,1774267564.690780401,1774267564.675812006,0.014968395,0.405000000,0.000000000,1774267564.679028511,0.011751890,0.341348331,0.015307146,640,480,rgb8
1753,images/001753.jpg,1774267564.724224329,1774267564.715809345,0.008414984,0.405000000,0.000000000,1774267564.719019890,0.005204439,0.381649839,0.009048407,640,480,rgb8
1754,images/001754.jpg,1774267564.757669449,1774267564.755814314,0.001855135,0.405000000,0.000000000,1774267564.739026546,0.018642902,0.381804431,0.006690153,640,480,rgb8
1755,images/001755.jpg,1774267564.791116238,1774267564.775830030,0.015286207,0.405000000,0.000000000,1774267564.779074192,0.012042046,0.395338154,-0.001679677,640,480,rgb8
1756,images/001756.jpg,1774267564.824564457,1774267564.815838099,0.008726358,0.405000000,0.000000000,1774267564.819056273,0.005508184,0.401290031,-0.002101346,640,480,rgb8
1757,images/001757.jpg,1774267564.858014107,1774267564.855816603,0.002197504,0.405000000,0.000000000,1774267564.839018106,0.018996000,0.401666862,-0.000642560,640,480,rgb8
1758,images/001758.jpg,1774267564.891465187,1774267564.875837564,0.015627623,0.405000000,0.000000000,1774267564.879036903,0.012428284,0.427567217,-0.001012418,640,480,rgb8
1759,images/001759.jpg,1774267564.924917698,1774267564.915824652,0.009093046,0.405000000,0.000000000,1774267564.919024467,0.005893230,0.412889303,-0.003033027,640,480,rgb8
1760,images/001760.jpg,1774267564.958371878,1774267564.955826521,0.002545357,0.405000000,0.000000000,1774267564.939045429,0.019326448,0.413371317,-0.004541948,640,480,rgb8
1761,images/001761.jpg,1774267564.991827488,1774267564.975836277,0.015991211,0.405000000,0.000000000,1774267564.979078293,0.012749195,0.365894535,-0.000443826,640,480,rgb8
1762,images/001762.jpg,1774267565.025284290,1774267565.015832901,0.009451389,0.405000000,0.000000000,1774267565.019035339,0.006248951,0.388784528,0.001597016,640,480,rgb8
1763,images/001763.jpg,1774267565.058742762,1774267565.055826187,0.002916574,0.405000000,0.000000000,1774267565.039030313,0.019712448,0.388958452,-0.001406857,640,480,rgb8
1764,images/001764.jpg,1774267565.092202663,1774267565.075833559,0.016369104,0.405000000,0.000000000,1774267565.079121351,0.013081312,0.397741071,-0.002281670,640,480,rgb8
1765,images/001765.jpg,1774267565.125663757,1774267565.115819931,0.009843826,0.405000000,0.000000000,1774267565.119030237,0.006633520,0.401260339,0.003838964,640,480,rgb8
1766,images/001766.jpg,1774267565.159126759,1774267565.155826092,0.003300667,0.405000000,0.000000000,1774267565.159053087,0.000073671,0.404815673,0.003021569,640,480,rgb8
1767,images/001767.jpg,1774267565.192590952,1774267565.175835371,0.016755581,0.405000000,0.000000000,1774267565.179068089,0.013522863,0.403986203,0.002938167,640,480,rgb8
1768,images/001768.jpg,1774267565.226056576,1774267565.215825081,0.010231495,0.405000000,0.000000000,1774267565.219038963,0.007017612,0.404650711,0.010339502,640,480,rgb8
1769,images/001769.jpg,1774267565.259523869,1774267565.255820513,0.003703356,0.405000000,0.000000000,1774267565.259063482,0.000460386,0.404555275,0.007027531,640,480,rgb8
1770,images/001770.jpg,1774267565.292989254,1774267565.275830269,0.017158985,0.405000000,0.000000000,1774267565.279052496,0.013936758,0.404179083,0.007511188,640,480,rgb8
1771,images/001771.jpg,1774267565.326316357,1774267565.315823317,0.010493040,0.405000000,0.000000000,1774267565.319065094,0.007251263,0.406037797,0.010901400,640,480,rgb8
1772,images/001772.jpg,1774267565.359643698,1774267565.355836391,0.003807306,0.405000000,0.000000000,1774267565.359045506,0.000598192,0.406082340,0.011334311,640,480,rgb8
1773,images/001773.jpg,1774267565.392971039,1774267565.375829458,0.017141581,0.405000000,0.000000000,1774267565.379056692,0.013914347,0.406404804,0.011334311,640,480,rgb8
1774,images/001774.jpg,1774267565.459633350,1774267565.455823183,0.003810167,0.405000000,0.000000000,1774267565.459031105,0.000602245,0.408441125,0.003368770,640,480,rgb8
1775,images/001775.jpg,1774267565.492964029,1774267565.475832462,0.017131567,0.405000000,0.000000000,1774267565.479059458,0.013904572,0.408772907,0.002670421,640,480,rgb8
1776,images/001776.jpg,1774267565.526294947,1774267565.515818119,0.010476828,0.405000000,0.000000000,1774267565.519002914,0.007292032,0.405574852,0.008394588,640,480,rgb8
1777,images/001777.jpg,1774267565.559625149,1774267565.555820704,0.003804445,0.405000000,0.000000000,1774267565.559013605,0.000611544,0.405443899,0.003226918,640,480,rgb8
1778,images/001778.jpg,1774267565.592955589,1774267565.575829744,0.017125845,0.405000000,0.000000000,1774267565.579047918,0.013907671,0.405720391,0.000852961,640,480,rgb8
1779,images/001779.jpg,1774267565.626285315,1774267565.615771055,0.010514259,0.405000000,0.000000000,1774267565.619038582,0.007246733,0.406071304,-0.001926836,640,480,rgb8
1780,images/001780.jpg,1774267565.659615278,1774267565.655820370,0.003794909,0.405000000,0.000000000,1774267565.659069061,0.000546217,0.404276034,0.000920461,640,480,rgb8
1781,images/001781.jpg,1774267565.726274252,1774267565.715831518,0.010442734,0.405000000,0.000000000,1774267565.719043493,0.007230759,0.405601724,-0.002374721,640,480,rgb8
1782,images/001782.jpg,1774267565.759603500,1774267565.755821943,0.003781557,0.405000000,0.000000000,1774267565.759038925,0.000564575,0.406106235,0.000228030,640,480,rgb8
1783,images/001783.jpg,1774267565.792932272,1774267565.775823832,0.017108440,0.405000000,0.000000000,1774267565.779049635,0.013882637,0.406392341,0.000371275,640,480,rgb8
1784,images/001784.jpg,1774267565.826261282,1774267565.815828323,0.010432959,0.405000000,0.000000000,1774267565.819219828,0.007041454,0.405337696,0.004308763,640,480,rgb8
1785,images/001785.jpg,1774267565.859589577,1774267565.855835915,0.003753662,0.405000000,0.000000000,1774267565.859076023,0.000513554,0.404611338,0.004139490,640,480,rgb8
1786,images/001786.jpg,1774267565.892917871,1774267565.875821114,0.017096758,0.405000000,0.000000000,1774267565.879059792,0.013858080,0.404830371,0.004795064,640,480,rgb8
1787,images/001787.jpg,1774267565.926246166,1774267565.915833473,0.010412693,0.405000000,0.000000000,1774267565.919089794,0.007156372,0.405849361,0.004198233,640,480,rgb8
1788,images/001788.jpg,1774267565.959573984,1774267565.955879450,0.003694534,0.405000000,0.000000000,1774267565.959081173,0.000492811,0.363666563,0.005556331,640,480,rgb8
1789,images/001789.jpg,1774267565.992901564,1774267565.975826979,0.017074585,0.405000000,0.000000000,1774267565.979075670,0.013825893,0.363376806,0.003852152,640,480,rgb8
1790,images/001790.jpg,1774267566.026229143,1774267566.015821695,0.010407448,0.405000000,0.000000000,1774267566.019074678,0.007154465,0.404692641,0.000522358,640,480,rgb8
1791,images/001791.jpg,1774267566.059556484,1774267566.055819511,0.003736973,0.405000000,0.000000000,1774267566.059031725,0.000524759,0.407454091,-0.000017068,640,480,rgb8
1792,images/001792.jpg,1774267566.092883587,1774267566.075823307,0.017060280,0.405000000,0.000000000,1774267566.079143763,0.013739824,0.407700949,0.005961870,640,480,rgb8
1793,images/001793.jpg,1774267566.126210451,1774267566.115817070,0.010393381,0.405000000,0.000000000,1774267566.119090796,0.007119656,0.409154700,0.022141141,640,480,rgb8
1794,images/001794.jpg,1774267566.159537077,1774267566.155822277,0.003714800,0.405000000,0.000000000,1774267566.159056664,0.000480413,0.408282112,0.027775103,640,480,rgb8
1795,images/001795.jpg,1774267566.192863464,1774267566.175853014,0.017010450,0.405000000,0.000000000,1774267566.179059267,0.013804197,0.408522491,0.016690668,640,480,rgb8
1796,images/001796.jpg,1774267566.226189613,1774267566.215837479,0.010352135,0.405000000,0.000000000,1774267566.219134331,0.007055283,0.407578053,0.009469988,640,480,rgb8
1797,images/001797.jpg,1774267566.259515524,1774267566.255817652,0.003697872,0.405000000,0.000000000,1774267566.259072542,0.000442982,0.374868157,0.004459027,640,480,rgb8
1798,images/001798.jpg,1774267566.292841434,1774267566.275834560,0.017006874,0.405000000,0.000000000,1774267566.279093266,0.013748169,0.374698205,0.000562907,640,480,rgb8
1799,images/001799.jpg,1774267566.326167107,1774267566.315844059,0.010323048,0.405000000,0.000000000,1774267566.319070816,0.007096291,0.401874314,0.001744515,640,480,rgb8
1800,images/001800.jpg,1774267566.359492540,1774267566.355822563,0.003669977,0.405000000,0.000000000,1774267566.359061718,0.000430822,0.402894745,0.008545301,640,480,rgb8
1801,images/001801.jpg,1774267566.392817736,1774267566.375833035,0.016984701,0.405000000,0.000000000,1774267566.379093170,0.013724566,0.403065855,0.004147896,640,480,rgb8
1802,images/001802.jpg,1774267566.426141500,1774267566.415815115,0.010326385,0.405000000,0.000000000,1774267566.419039726,0.007101774,0.405959530,0.005117457,640,480,rgb8
1803,images/001803.jpg,1774267566.459465742,1774267566.455831051,0.003634691,0.405000000,0.000000000,1774267566.459053755,0.000411987,0.405585058,0.003913519,640,480,rgb8
1804,images/001804.jpg,1774267566.492789984,1774267566.475827932,0.016962051,0.405000000,0.000000000,1774267566.479066133,0.013723850,0.405517912,0.003732118,640,480,rgb8
1805,images/001805.jpg,1774267566.592882633,1774267566.575850725,0.017031908,0.405000000,0.000000000,1774267566.579046488,0.013836145,0.406733024,0.001565027,640,480,rgb8
1806,images/001806.jpg,1774267566.626246929,1774267566.615840197,0.010406733,0.405000000,0.000000000,1774267566.619041204,0.007205725,0.405669409,0.002200104,640,480,rgb8
1807,images/001807.jpg,1774267566.659610748,1774267566.655830622,0.003780127,0.405000000,0.000000000,1774267566.659061670,0.000549078,0.404870320,0.004787514,640,480,rgb8
1808,images/001808.jpg,1774267566.692975044,1774267566.675840378,0.017134666,0.405000000,0.000000000,1774267566.679092646,0.013882399,0.405031376,0.003510349,640,480,rgb8
1809,images/001809.jpg,1774267566.726339102,1774267566.715827942,0.010511160,0.405000000,0.000000000,1774267566.719054699,0.007284403,0.406784022,0.008154565,640,480,rgb8
1810,images/001810.jpg,1774267566.759702921,1774267566.755901814,0.003801107,0.405000000,0.000000000,1774267566.759007692,0.000695229,0.406148377,0.006148765,640,480,rgb8
1811,images/001811.jpg,1774267566.826430798,1774267566.815813065,0.010617733,0.405000000,0.000000000,1774267566.819035292,0.007395506,0.406025650,0.001189535,640,480,rgb8
1812,images/001812.jpg,1774267566.859794617,1774267566.855821848,0.003972769,0.405000000,0.000000000,1774267566.859059811,0.000734806,0.406273828,0.010867876,640,480,rgb8
1813,images/001813.jpg,1774267566.893158436,1774267566.875828266,0.017330170,0.405000000,0.000000000,1774267566.879033089,0.014125347,0.407361653,0.010042646,640,480,rgb8
1814,images/001814.jpg,1774267566.926522255,1774267566.915827036,0.010695219,0.405000000,0.000000000,1774267566.919066429,0.007455826,0.407237560,-0.004527663,640,480,rgb8
1815,images/001815.jpg,1774267566.959886074,1774267566.955835581,0.004050493,0.405000000,0.000000000,1774267566.959111929,0.000774145,0.407287416,-0.003561474,640,480,rgb8
1816,images/001816.jpg,1774267566.993249416,1774267566.975853443,0.017395973,0.405000000,0.000000000,1774267566.979087591,0.014161825,0.407447227,-0.003300808,640,480,rgb8
1817,images/001817.jpg,1774267567.026613235,1774267567.015822411,0.010790825,0.405000000,0.000000000,1774267567.019072294,0.007540941,0.408287054,0.001724846,640,480,rgb8
1818,images/001818.jpg,1774267567.059976816,1774267567.055801630,0.004175186,0.405000000,0.000000000,1774267567.059057474,0.000919342,0.408600178,0.006786204,640,480,rgb8
1819,images/001819.jpg,1774267567.093340397,1774267567.075856686,0.017483711,0.405000000,0.000000000,1774267567.079114437,0.014225960,0.408766677,0.006786204,640,480,rgb8
1820,images/001820.jpg,1774267567.126703739,1774267567.115832090,0.010871649,0.405000000,0.000000000,1774267567.118982792,0.007720947,0.334881847,0.005171320,640,480,rgb8
1821,images/001821.jpg,1774267567.160067320,1774267567.155774832,0.004292488,0.405000000,0.000000000,1774267567.159022093,0.001045227,0.403978245,0.004018773,640,480,rgb8
1822,images/001822.jpg,1774267567.193430662,1774267567.175842524,0.017588139,0.405000000,0.000000000,1774267567.179060221,0.014370441,0.404105542,0.003297068,640,480,rgb8
1823,images/001823.jpg,1774267567.226794243,1774267567.215828180,0.010966063,0.405000000,0.000000000,1774267567.219026089,0.007768154,0.378872711,0.000881270,640,480,rgb8
1824,images/001824.jpg,1774267567.260157585,1774267567.255827427,0.004330158,0.405000000,0.000000000,1774267567.259028196,0.001129389,0.396855954,0.004309245,640,480,rgb8
1825,images/001825.jpg,1774267567.293520689,1774267567.275839329,0.017681360,0.405000000,0.000000000,1774267567.279036283,0.014484406,0.396901781,0.001159132,640,480,rgb8
1826,images/001826.jpg,1774267567.326884031,1774267567.315840960,0.011043072,0.405000000,0.000000000,1774267567.319072008,0.007812023,0.470089482,0.006387210,640,480,rgb8
1827,images/001827.jpg,1774267567.360247135,1774267567.355817795,0.004429340,0.405000000,0.000000000,1774267567.359061241,0.001185894,0.431945939,0.008822423,640,480,rgb8
1828,images/001828.jpg,1774267567.393610239,1774267567.375837803,0.017772436,0.405000000,0.000000000,1774267567.379085064,0.014525175,0.415913527,0.009480629,640,480,rgb8
1829,images/001829.jpg,1774267567.426973343,1774267567.415843725,0.011129618,0.405000000,0.000000000,1774267567.419059515,0.007913828,0.409001342,0.012571674,640,480,rgb8
1830,images/001830.jpg,1774267567.460336447,1774267567.455831528,0.004504919,0.405000000,0.000000000,1774267567.459069252,0.001267195,0.409308682,0.008669126,640,480,rgb8
1831,images/001831.jpg,1774267567.493698597,1774267567.475840092,0.017858505,0.405000000,0.000000000,1774267567.479070425,0.014628172,0.361603603,0.009036180,640,480,rgb8
1832,images/001832.jpg,1774267567.527021885,1774267567.515824080,0.011197805,0.405000000,0.000000000,1774267567.519053221,0.007968664,0.383255720,0.004048328,640,480,rgb8
1833,images/001833.jpg,1774267567.560345411,1774267567.555819035,0.004526377,0.405000000,0.000000000,1774267567.559061527,0.001283884,0.396884496,0.000408497,640,480,rgb8
1834,images/001834.jpg,1774267567.593668699,1774267567.575846434,0.017822266,0.405000000,0.000000000,1774267567.579124689,0.014544010,0.396892737,0.000408497,640,480,rgb8
1835,images/001835.jpg,1774267567.626992226,1774267567.615840912,0.011151314,0.405000000,0.000000000,1774267567.619054317,0.007937908,0.337237550,0.016674519,640,480,rgb8
1836,images/001836.jpg,1774267567.694048166,1774267567.675814867,0.018233299,0.405000000,0.000000000,1774267567.679058313,0.014989853,0.397818106,0.020210699,640,480,rgb8
1837,images/001837.jpg,1774267567.727579355,1774267567.715835333,0.011744022,0.405000000,0.000000000,1774267567.719029427,0.008549929,0.403228812,0.009965641,640,480,rgb8
1838,images/001838.jpg,1774267567.761112690,1774267567.755824566,0.005288124,0.405000000,0.000000000,1774267567.759047508,0.002065182,0.403439005,0.008795696,640,480,rgb8
1839,images/001839.jpg,1774267567.794648409,1774267567.775835752,0.018812656,0.405000000,0.000000000,1774267567.779086113,0.015562296,0.406688859,0.006349997,640,480,rgb8
1840,images/001840.jpg,1774267567.828186274,1774267567.815826654,0.012359619,0.405000000,0.000000000,1774267567.819145203,0.009041071,0.406168396,0.000829954,640,480,rgb8
1841,images/001841.jpg,1774267567.861726046,1774267567.855826855,0.005899191,0.405000000,0.000000000,1774267567.859034777,0.002691269,0.405695603,0.006352394,640,480,rgb8
1842,images/001842.jpg,1774267567.928812504,1774267567.915826797,0.012985706,0.405000000,0.000000000,1774267567.919037104,0.009775400,0.341689964,0.005063980,640,480,rgb8
1843,images/001843.jpg,1774267567.962358952,1774267567.955836296,0.006522655,0.405000000,0.000000000,1774267567.959052563,0.003306389,0.382629638,-0.001737862,640,480,rgb8
1844,images/001844.jpg,1774267567.995907545,1774267567.995828390,0.000079155,0.405000000,0.000000000,1774267567.979050636,0.016856909,0.397445944,0.004288616,640,480,rgb8
1845,images/001845.jpg,1774267568.029458284,1774267568.015844107,0.013614178,0.405000000,0.000000000,1774267568.019042253,0.010416031,0.403081540,0.005061759,640,480,rgb8
1846,images/001846.jpg,1774267568.063010931,1774267568.055835724,0.007175207,0.405000000,0.000000000,1774267568.059060574,0.003950357,0.403292792,0.007279222,640,480,rgb8
1847,images/001847.jpg,1774267568.096566200,1774267568.095827818,0.000738382,0.405000000,0.000000000,1774267568.079086781,0.017479420,0.406485248,0.003337497,640,480,rgb8
1848,images/001848.jpg,1774267568.130123615,1774267568.115855455,0.014268160,0.405000000,0.000000000,1774267568.119045258,0.011078358,0.406774905,-0.000146481,640,480,rgb8
1849,images/001849.jpg,1774267568.163682938,1774267568.155838251,0.007844687,0.405000000,0.000000000,1774267568.159030676,0.004652262,0.406939019,-0.003029007,640,480,rgb8
1850,images/001850.jpg,1774267568.197244644,1774267568.195825100,0.001419544,0.405000000,0.000000000,1774267568.179179668,0.018064976,0.407081483,-0.003029007,640,480,rgb8
1851,images/001851.jpg,1774267568.230808258,1774267568.215815783,0.014992476,0.405000000,0.000000000,1774267568.219059467,0.011748791,0.407090050,-0.003300974,640,480,rgb8
1852,images/001852.jpg,1774267568.264374256,1774267568.255833626,0.008540630,0.405000000,0.000000000,1774267568.259093046,0.005281210,0.408336037,0.012638564,640,480,rgb8
1853,images/001853.jpg,1774267568.297942400,1774267568.295822144,0.002120256,0.405000000,0.000000000,1774267568.279052496,0.018889904,0.407621470,0.013810587,640,480,rgb8
1854,images/001854.jpg,1774267568.331512690,1774267568.315823317,0.015689373,0.405000000,0.000000000,1774267568.319036961,0.012475729,0.407282566,0.007890976,640,480,rgb8
1855,images/001855.jpg,1774267568.365085125,1774267568.355815887,0.009269238,0.405000000,0.000000000,1774267568.359041452,0.006043673,0.407546108,-0.000907976,640,480,rgb8
1856,images/001856.jpg,1774267568.398659706,1774267568.395829201,0.002830505,0.405000000,0.000000000,1774267568.379037619,0.019622087,0.408647637,-0.006586256,640,480,rgb8
1857,images/001857.jpg,1774267568.432236671,1774267568.415834427,0.016402245,0.405000000,0.000000000,1774267568.419030666,0.013206005,0.407632976,-0.002005112,640,480,rgb8
1858,images/001858.jpg,1774267568.465815544,1774267568.455829144,0.009986401,0.405000000,0.000000000,1774267568.459041595,0.006773949,0.407504829,0.007493061,640,480,rgb8
1859,images/001859.jpg,1774267568.499396563,1774267568.495830536,0.003566027,0.405000000,0.000000000,1774267568.499041796,0.000354767,0.407338961,0.008932729,640,480,rgb8
1860,images/001860.jpg,1774267568.532979965,1774267568.515824556,0.017155409,0.405000000,0.000000000,1774267568.519036531,0.013943434,0.407456786,-0.000989573,640,480,rgb8
1861,images/001861.jpg,1774267568.566565514,1774267568.555821419,0.010744095,0.405000000,0.000000000,1774267568.559038877,0.007526636,0.408361583,-0.003555294,640,480,rgb8
1862,images/001862.jpg,1774267568.600152969,1774267568.595834255,0.004318714,0.405000000,0.000000000,1774267568.599039316,0.001113653,0.406986146,0.006650923,640,480,rgb8
1863,images/001863.jpg,1774267568.633737326,1774267568.615832090,0.017905235,0.405000000,0.000000000,1774267568.619052410,0.014684916,0.406146968,0.009608631,640,480,rgb8
1864,images/001864.jpg,1774267568.667093277,1774267568.655836582,0.011256695,0.405000000,0.000000000,1774267568.659045219,0.008048058,0.406336475,0.017413901,640,480,rgb8
1865,images/001865.jpg,1774267568.700449228,1774267568.695819139,0.004630089,0.405000000,0.000000000,1774267568.699057102,0.001392126,0.406484504,0.014308527,640,480,rgb8
1866,images/001866.jpg,1774267568.733805180,1774267568.715835094,0.017970085,0.405000000,0.000000000,1774267568.719081879,0.014723301,0.406578577,0.008936733,640,480,rgb8
1867,images/001867.jpg,1774267568.767159462,1774267568.755821705,0.011337757,0.405000000,0.000000000,1774267568.759030819,0.008128643,0.342605824,0.007583294,640,480,rgb8
1868,images/001868.jpg,1774267568.800513744,1774267568.795821190,0.004692554,0.405000000,0.000000000,1774267568.799112320,0.001401424,0.381996654,0.007501362,640,480,rgb8
1869,images/001869.jpg,1774267568.833868027,1774267568.815831184,0.018036842,0.405000000,0.000000000,1774267568.819063902,0.014804125,0.381804861,-0.003701374,640,480,rgb8
1870,images/001870.jpg,1774267568.867222071,1774267568.855832338,0.011389732,0.405000000,0.000000000,1774267568.859037876,0.008184195,0.402426491,-0.001840582,640,480,rgb8
1871,images/001871.jpg,1774267568.900576353,1774267568.895859003,0.004717350,0.405000000,0.000000000,1774267568.899002314,0.001574039,0.405186443,-0.001798074,640,480,rgb8
1872,images/001872.jpg,1774267568.933930635,1774267568.915842056,0.018088579,0.405000000,0.000000000,1774267568.919002056,0.014928579,0.405278392,0.000499136,640,480,rgb8
1873,images/001873.jpg,1774267568.967284679,1774267568.955838203,0.011446476,0.405000000,0.000000000,1774267568.959051609,0.008233070,0.431279482,0.002439720,640,480,rgb8
1874,images/001874.jpg,1774267569.067346811,1774267569.055819750,0.011527061,0.405000000,0.000000000,1774267569.059244156,0.008102655,0.345943847,0.006079868,640,480,rgb8
1875,images/001875.jpg,1774267569.100701094,1774267569.095825911,0.004875183,0.405000000,0.000000000,1774267569.099040508,0.001660585,0.383236098,0.006357038,640,480,rgb8
1876,images/001876.jpg,1774267569.134055138,1774267569.115837812,0.018217325,0.405000000,0.000000000,1774267569.119296789,0.014758348,0.383047185,0.010726719,640,480,rgb8
1877,images/001877.jpg,1774267569.167409182,1774267569.155833483,0.011575699,0.405000000,0.000000000,1774267569.159049273,0.008359909,0.398928175,0.022621762,640,480,rgb8
1878,images/001878.jpg,1774267569.200763226,1774267569.195841312,0.004921913,0.405000000,0.000000000,1774267569.199024200,0.001739025,0.403742432,0.022968737,640,480,rgb8
1879,images/001879.jpg,1774267569.234117270,1774267569.215848446,0.018268824,0.405000000,0.000000000,1774267569.219062805,0.015054464,0.403809262,0.020274277,640,480,rgb8
1880,images/001880.jpg,1774267569.267470837,1774267569.255835295,0.011635542,0.405000000,0.000000000,1774267569.259469032,0.008001804,0.406746260,0.012530269,640,480,rgb8
1881,images/001881.jpg,1774267569.300824881,1774267569.295821667,0.005003214,0.405000000,0.000000000,1774267569.299017668,0.001807213,0.406945480,0.001209921,640,480,rgb8
1882,images/001882.jpg,1774267569.334178686,1774267569.315822601,0.018356085,0.405000000,0.000000000,1774267569.319062948,0.015115738,0.405806242,-0.003273452,640,480,rgb8
1883,images/001883.jpg,1774267569.367532730,1774267569.355817556,0.011715174,0.405000000,0.000000000,1774267569.359041691,0.008491039,0.405391800,-0.005776074,640,480,rgb8
1884,images/001884.jpg,1774267569.400886536,1774267569.395816565,0.005069971,0.405000000,0.000000000,1774267569.399024963,0.001861572,0.405266033,0.004981814,640,480,rgb8
1885,images/001885.jpg,1774267569.434240341,1774267569.415820360,0.018419981,0.405000000,0.000000000,1774267569.419048309,0.015192032,0.405341158,0.004174179,640,480,rgb8
1886,images/001886.jpg,1774267569.467593908,1774267569.455811262,0.011782646,0.405000000,0.000000000,1774267569.459070683,0.008523226,0.406834326,0.004944857,640,480,rgb8
1887,images/001887.jpg,1774267569.500947714,1774267569.495810986,0.005136728,0.405000000,0.000000000,1774267569.499008894,0.001938820,0.405797719,0.006445850,640,480,rgb8
1888,images/001888.jpg,1774267569.534301519,1774267569.515817881,0.018483639,0.405000000,0.000000000,1774267569.519106150,0.015195370,0.405874518,0.006195393,640,480,rgb8
1889,images/001889.jpg,1774267569.567655325,1774267569.555818558,0.011836767,0.405000000,0.000000000,1774267569.559060574,0.008594751,0.406598214,0.003857081,640,480,rgb8
1890,images/001890.jpg,1774267569.601009130,1774267569.595826864,0.005182266,0.405000000,0.000000000,1774267569.599039078,0.001970053,0.406765285,0.003854688,640,480,rgb8
1891,images/001891.jpg,1774267569.634362459,1774267569.615776539,0.018585920,0.405000000,0.000000000,1774267569.619079113,0.015283346,0.405849124,0.000506918,640,480,rgb8
1892,images/001892.jpg,1774267569.667716265,1774267569.655835152,0.011881113,0.000000000,-0.810000000,1774267569.659068823,0.008647442,0.405520625,-0.002059483,640,480,rgb8
1893,images/001893.jpg,1774267569.701069832,1774267569.695826292,0.005243540,0.000000000,-0.810000000,1774267569.699044943,0.002024889,0.393332686,-0.002348582,640,480,rgb8
1894,images/001894.jpg,1774267569.734423399,1774267569.715822935,0.018600464,0.000000000,-0.810000000,1774267569.719058275,0.015365124,0.393246783,-0.025475271,640,480,rgb8
1895,images/001895.jpg,1774267569.767779112,1774267569.755848646,0.011930466,0.000000000,-0.810000000,1774267569.759047031,0.008732080,0.352035798,-0.176201871,640,480,rgb8
1896,images/001896.jpg,1774267569.801134586,1774267569.795816183,0.005318403,0.000000000,-0.810000000,1774267569.799040079,0.002094507,0.331413656,-0.255194084,640,480,rgb8
1897,images/001897.jpg,1774267569.867856979,1774267569.855838060,0.012018919,0.405000000,0.000000000,1774267569.859070063,0.008786917,0.258059042,-0.439654786,640,480,rgb8
1898,images/001898.jpg,1774267569.901217937,1774267569.895831823,0.005386114,0.405000000,0.000000000,1774267569.899077415,0.002140522,0.167768894,-0.476482705,640,480,rgb8
1899,images/001899.jpg,1774267569.934579134,1774267569.915819168,0.018759966,0.405000000,0.000000000,1774267569.919031382,0.015547752,0.080837864,-0.516032116,640,480,rgb8
1900,images/001900.jpg,1774267569.967940331,1774267569.955797195,0.012143135,0.405000000,0.000000000,1774267569.959061146,0.008879185,0.073321096,-0.479295163,640,480,rgb8
1901,images/001901.jpg,1774267570.001301527,1774267569.995830297,0.005471230,0.405000000,0.000000000,1774267569.999019861,0.002281666,0.098572826,-0.318645071,640,480,rgb8
1902,images/001902.jpg,1774267570.034662724,1774267570.015838623,0.018824100,0.405000000,0.000000000,1774267570.019048214,0.015614510,0.095211054,-0.318645071,640,480,rgb8
1903,images/001903.jpg,1774267570.068024158,1774267570.055830240,0.012193918,0.405000000,0.000000000,1774267570.059098244,0.008925915,0.158314627,-0.155785805,640,480,rgb8
1904,images/001904.jpg,1774267570.101385355,1774267570.095818043,0.005567312,0.005120780,0.000000000,1774267570.099007130,0.002378225,0.243776880,-0.075658046,640,480,rgb8
1905,images/001905.jpg,1774267570.168107986,1774267570.155817270,0.012290716,0.000000000,0.000000000,1774267570.159092426,0.009015560,0.321136188,-0.034461448,640,480,rgb8
1906,images/001906.jpg,1774267570.201469183,1774267570.195808887,0.005660295,0.000000000,0.000000000,1774267570.199014425,0.002454758,0.369935044,0.012296353,640,480,rgb8
1907,images/001907.jpg,1774267570.234830618,1774267570.215825081,0.019005537,0.000000000,0.000000000,1774267570.219024181,0.015806437,0.370112090,0.012296353,640,480,rgb8
1908,images/001908.jpg,1774267570.268191814,1774267570.255811930,0.012379885,0.000000000,0.000000000,1774267570.259054899,0.009136915,0.285744436,-0.000813112,640,480,rgb8
1909,images/001909.jpg,1774267570.301553249,1774267570.295819759,0.005733490,0.000000000,0.000000000,1774267570.299018145,0.002535105,0.251973174,0.002651667,640,480,rgb8
1910,images/001910.jpg,1774267570.334914684,1774267570.315843582,0.019071102,0.000000000,0.000000000,1774267570.319077253,0.015837431,0.250709099,0.014010531,640,480,rgb8
1911,images/001911.jpg,1774267570.368276119,1774267570.355820894,0.012455225,0.405000000,0.000000000,1774267570.359027624,0.009248495,0.162960233,0.040593952,640,480,rgb8
1912,images/001912.jpg,1774267570.401637554,1774267570.395823240,0.005814314,0.405000000,0.000000000,1774267570.399039984,0.002597570,0.060661018,0.012619133,640,480,rgb8
1913,images/001913.jpg,1774267570.434998989,1774267570.415818691,0.019180298,0.405000000,0.000000000,1774267570.419055462,0.015943527,0.051711080,0.010746841,640,480,rgb8
1914,images/001914.jpg,1774267570.468360662,1774267570.455814838,0.012545824,0.405000000,0.000000000,1774267570.459039211,0.009321451,0.044609910,0.006768400,640,480,rgb8
1915,images/001915.jpg,1774267570.501721859,1774267570.495821476,0.005900383,0.405000000,0.000000000,1774267570.499007225,0.002714634,0.096310948,-0.012494362,640,480,rgb8
1916,images/001916.jpg,1774267570.535083532,1774267570.515820742,0.019262791,0.405000000,0.000000000,1774267570.519035816,0.016047716,0.125073340,-0.011300661,640,480,rgb8
1917,images/001917.jpg,1774267570.568444967,1774267570.555828571,0.012616396,0.405000000,0.000000000,1774267570.559125423,0.009319544,0.186477062,0.001873150,640,480,rgb8
1918,images/001918.jpg,1774267570.601806641,1774267570.595827579,0.005979061,0.405000000,0.000000000,1774267570.599031448,0.002775192,0.259974796,-0.030848043,640,480,rgb8
1919,images/001919.jpg,1774267570.635168314,1774267570.615833282,0.019335032,0.405000000,0.000000000,1774267570.619064093,0.016104221,0.259265909,-0.030848043,640,480,rgb8
1920,images/001920.jpg,1774267570.668529749,1774267570.655837059,0.012692690,0.405000000,0.000000000,1774267570.659042358,0.009487391,0.388598741,-0.023309919,640,480,rgb8
1921,images/001921.jpg,1774267570.701891422,1774267570.695839167,0.006052256,0.004793100,0.500258625,1774267570.699046850,0.002844572,0.399765180,0.004318800,640,480,rgb8
1922,images/001922.jpg,1774267570.735252857,1774267570.715827942,0.019424915,0.000000000,0.810000000,1774267570.719033957,0.016218901,0.400761376,0.019305208,640,480,rgb8
1923,images/001923.jpg,1774267570.768614531,1774267570.755828381,0.012786150,0.000000000,0.810000000,1774267570.759039879,0.009574652,0.409533539,0.007676041,640,480,rgb8
1924,images/001924.jpg,1774267570.801975965,1774267570.795835733,0.006140232,0.000000000,0.810000000,1774267570.799018860,0.002957106,0.397200304,0.024709394,640,480,rgb8
1925,images/001925.jpg,1774267570.835331678,1774267570.815825701,0.019505978,0.000000000,0.810000000,1774267570.819052696,0.016278982,0.391601952,0.144114730,640,480,rgb8
1926,images/001926.jpg,1774267570.868687630,1774267570.855836630,0.012851000,0.000000000,0.810000000,1774267570.859070539,0.009617090,0.344314608,0.286179248,640,480,rgb8
1927,images/001927.jpg,1774267570.902043819,1774267570.895827293,0.006216526,0.000000000,0.810000000,1774267570.899034500,0.003009319,0.265489346,0.405099987,640,480,rgb8
1928,images/001928.jpg,1774267571.002208471,1774267570.995822191,0.006386280,0.000000000,0.000000000,1774267570.999019861,0.003188610,0.063027134,0.563859483,640,480,rgb8
1929,images/001929.jpg,1774267571.035597086,1774267571.015813112,0.019783974,0.000000000,0.000000000,1774267571.019022226,0.016574860,0.036200368,0.512818400,640,480,rgb8
1930,images/001930.jpg,1774267571.068986177,1774267571.055823565,0.013162613,0.000000000,0.000000000,1774267571.059080601,0.009905577,0.029346826,0.294895432,640,480,rgb8
1931,images/001931.jpg,1774267571.102375031,1774267571.095838547,0.006536484,0.000000000,0.000000000,1774267571.099023581,0.003351450,0.007972867,0.128170021,640,480,rgb8
1932,images/001932.jpg,1774267571.135764360,1774267571.115845919,0.019918442,0.000000000,0.000000000,1774267571.119069576,0.016694784,0.003399225,0.114644002,640,480,rgb8
1933,images/001933.jpg,1774267571.169153690,1774267571.155838728,0.013314962,0.000000000,0.000000000,1774267571.159047365,0.010106325,0.000005156,0.021526308,640,480,rgb8
1934,images/001934.jpg,1774267571.202543497,1774267571.195833445,0.006710052,0.000000000,0.499998625,1774267571.199059725,0.003483772,-0.000928807,0.015910537,640,480,rgb8
1935,images/001935.jpg,1774267571.269323111,1774267571.255820751,0.013502359,0.000000000,0.810000000,1774267571.259023428,0.010299683,-0.000708267,0.155250266,640,480,rgb8
1936,images/001936.jpg,1774267571.302713156,1774267571.295819044,0.006894112,0.000000000,0.810000000,1774267571.299039841,0.003673315,0.005294336,0.279470756,640,480,rgb8
1937,images/001937.jpg,1774267571.336103439,1774267571.335820913,0.000282526,0.000000000,0.810000000,1774267571.319048643,0.017054796,0.005064807,0.443166249,640,480,rgb8
1938,images/001938.jpg,1774267571.369494200,1774267571.355833769,0.013660431,0.000000000,0.810000000,1774267571.359083176,0.010411024,-0.001272947,0.529082474,640,480,rgb8
1939,images/001939.jpg,1774267571.402884722,1774267571.395836830,0.007047892,0.000000000,0.810000000,1774267571.399070263,0.003814459,-0.002585953,0.603862213,640,480,rgb8
1940,images/001940.jpg,1774267571.436275721,1774267571.435828447,0.000447273,0.000000000,0.810000000,1774267571.419091940,0.017183781,0.001653498,0.635255674,640,480,rgb8
1941,images/001941.jpg,1774267571.469666719,1774267571.455810308,0.013856411,0.000000000,0.810000000,1774267571.459065199,0.010601521,0.002230381,0.670098180,640,480,rgb8
1942,images/001942.jpg,1774267571.503057957,1774267571.495816946,0.007241011,0.000000000,0.810000000,1774267571.499017477,0.004040480,0.002534153,0.679378398,640,480,rgb8
1943,images/001943.jpg,1774267571.536449432,1774267571.535831690,0.000617743,0.000000000,0.810000000,1774267571.519118547,0.017330885,-0.000341098,0.686828643,640,480,rgb8
1944,images/001944.jpg,1774267571.569841146,1774267571.555814743,0.014026403,0.000000000,0.810000000,1774267571.559038877,0.010802269,0.002415750,0.690319671,640,480,rgb8
1945,images/001945.jpg,1774267571.603232861,1774267571.595816851,0.007416010,0.000000000,0.810000000,1774267571.599004269,0.004228592,0.006216741,0.692476235,640,480,rgb8
1946,images/001946.jpg,1774267571.636624813,1774267571.635814667,0.000810146,0.000000000,0.810000000,1774267571.619015217,0.017609596,0.006493540,0.691225747,640,480,rgb8
1947,images/001947.jpg,1774267571.670016766,1774267571.655817270,0.014199495,0.000000000,0.810000000,1774267571.659022093,0.010994673,0.001275015,0.695143575,640,480,rgb8
1948,images/001948.jpg,1774267571.703409433,1774267571.695817471,0.007591963,0.000000000,0.810000000,1774267571.699010849,0.004398584,0.001549344,0.694101465,640,480,rgb8
1949,images/001949.jpg,1774267571.736801863,1774267571.735815287,0.000986576,0.000000000,0.810000000,1774267571.719017744,0.017784119,0.004468560,0.694846201,640,480,rgb8
1950,images/001950.jpg,1774267571.770194530,1774267571.755825520,0.014369011,0.000000000,0.810000000,1774267571.759038925,0.011155605,0.004847196,0.688560849,640,480,rgb8
1951,images/001951.jpg,1774267571.803587437,1774267571.795837879,0.007749557,0.000000000,0.810000000,1774267571.799048424,0.004539013,0.006863978,0.687875246,640,480,rgb8
1952,images/001952.jpg,1774267571.836980581,1774267571.835828781,0.001151800,0.405000000,0.000000000,1774267571.819067717,0.017912865,0.004534204,0.685924191,640,480,rgb8
1953,images/001953.jpg,1774267571.870373726,1774267571.855830908,0.014542818,0.405000000,0.000000000,1774267571.859049797,0.011323929,0.007943571,0.681322565,640,480,rgb8
1954,images/001954.jpg,1774267571.903766394,1774267571.895833731,0.007932663,0.405000000,0.000000000,1774267571.899052143,0.004714251,0.012707517,0.644565723,640,480,rgb8
1955,images/001955.jpg,1774267571.937124968,1774267571.935822248,0.001302719,0.405000000,0.000000000,1774267571.919070959,0.018054008,0.054305184,0.620810519,640,480,rgb8
1956,images/001956.jpg,1774267571.970483541,1774267571.955836773,0.014646769,0.405000000,0.000000000,1774267571.959061623,0.011421919,0.051152821,0.484092906,640,480,rgb8
1957,images/001957.jpg,1774267572.003842354,1774267571.995823622,0.008018732,0.405000000,0.000000000,1774267571.999045372,0.004796982,0.067013522,0.299922657,640,480,rgb8
1958,images/001958.jpg,1774267572.037200928,1774267572.035818577,0.001382351,0.405000000,0.000000000,1774267572.019030571,0.018170357,0.134441126,0.181448815,640,480,rgb8
1959,images/001959.jpg,1774267572.070564032,1774267572.055824280,0.014739752,0.004896780,0.000000000,1774267572.059099197,0.011464834,0.220712671,0.115917355,640,480,rgb8
1960,images/001960.jpg,1774267572.103926897,1774267572.095820427,0.008106470,0.000000000,0.000000000,1774267572.099042892,0.004884005,0.306648588,0.085896845,640,480,rgb8
1961,images/001961.jpg,1774267572.137290239,1774267572.135823488,0.001466751,0.000000000,0.000000000,1774267572.119025469,0.018264771,0.308228114,0.036543096,640,480,rgb8
1962,images/001962.jpg,1774267572.170653582,1774267572.155820608,0.014832973,0.000000000,0.000000000,1774267572.159044266,0.011609316,0.357147377,0.005419091,640,480,rgb8
1963,images/001963.jpg,1774267572.204017162,1774267572.195829391,0.008187771,0.000000000,0.000000000,1774267572.199032545,0.004984617,0.323180969,0.016605571,640,480,rgb8
1964,images/001964.jpg,1774267572.237380505,1774267572.235835314,0.001545191,0.000000000,0.000000000,1774267572.219046831,0.018333673,0.266138591,0.008072502,640,480,rgb8
1965,images/001965.jpg,1774267572.270744324,1774267572.255864143,0.014880180,0.000000000,0.000000000,1774267572.259103298,0.011641026,0.268017797,-0.015091567,640,480,rgb8
1966,images/001966.jpg,1774267572.304108143,1774267572.295823097,0.008285046,0.000000000,0.000000000,1774267572.299047709,0.005060434,0.230242129,0.000771716,640,480,rgb8
1967,images/001967.jpg,1774267572.370836020,1774267572.355840206,0.014995813,0.405000000,0.000000000,1774267572.359030724,0.011805296,0.052892773,-0.002321736,640,480,rgb8
1968,images/001968.jpg,1774267572.404199839,1774267572.395822763,0.008377075,0.405000000,0.000000000,1774267572.399036407,0.005163431,0.049511439,-0.012317629,640,480,rgb8
1969,images/001969.jpg,1774267572.437564135,1774267572.435826778,0.001737356,0.405000000,0.000000000,1774267572.419031382,0.018532753,0.026112737,-0.010839525,640,480,rgb8
1970,images/001970.jpg,1774267572.470928669,1774267572.455820799,0.015107870,0.405000000,0.000000000,1774267572.459024668,0.011904001,0.076314162,-0.001120550,640,480,rgb8
1971,images/001971.jpg,1774267572.504292965,1774267572.495826244,0.008466721,0.405000000,0.000000000,1774267572.499045372,0.005247593,0.130532368,-0.000496544,640,480,rgb8
1972,images/001972.jpg,1774267572.537657738,1774267572.535816908,0.001840830,0.405000000,0.000000000,1774267572.519031525,0.018626213,0.225478697,0.006407685,640,480,rgb8
1973,images/001973.jpg,1774267572.571022272,1774267572.555831194,0.015191078,0.405000000,0.000000000,1774267572.559066057,0.011956215,0.226640989,-0.011654306,640,480,rgb8
1974,images/001974.jpg,1774267572.604387045,1774267572.595818996,0.008568048,0.405000000,0.000000000,1774267572.598984480,0.005402565,0.266933388,-0.001896646,640,480,rgb8
1975,images/001975.jpg,1774267572.637752056,1774267572.635822296,0.001929760,0.405000000,0.000000000,1774267572.619047403,0.018704653,0.338936246,0.002397615,640,480,rgb8
1976,images/001976.jpg,1774267572.671116829,1774267572.655817509,0.015299320,0.405000000,0.000000000,1774267572.659006357,0.012110472,0.383243185,-0.009023693,640,480,rgb8
1977,images/001977.jpg,1774267572.704481840,1774267572.695822477,0.008659363,0.405000000,0.000000000,1774267572.699019194,0.005462646,0.401782808,0.015869307,640,480,rgb8
1978,images/001978.jpg,1774267572.737847090,1774267572.735825777,0.002021313,0.000000000,0.810000000,1774267572.719011784,0.018835306,0.404354798,0.015869307,640,480,rgb8
1979,images/001979.jpg,1774267572.771212339,1774267572.755834103,0.015378237,0.000000000,0.810000000,1774267572.759007692,0.012204647,0.411395023,0.013457805,640,480,rgb8
1980,images/001980.jpg,1774267572.804577827,1774267572.795821190,0.008756638,0.000000000,0.810000000,1774267572.799006462,0.005571365,0.394457889,0.002103818,640,480,rgb8
1981,images/001981.jpg,1774267572.837943316,1774267572.835849762,0.002093554,0.000000000,0.810000000,1774267572.819012880,0.018930435,0.357269493,0.074273603,640,480,rgb8
1982,images/001982.jpg,1774267572.871309042,1774267572.855808735,0.015500307,0.000000000,0.810000000,1774267572.859030962,0.012278080,0.360943237,0.228377897,640,480,rgb8
1983,images/001983.jpg,1774267572.904674768,1774267572.895840168,0.008834600,0.000000000,0.810000000,1774267572.899053335,0.005621433,0.336265997,0.346252191,640,480,rgb8
1984,images/001984.jpg,1774267572.938040733,1774267572.935826063,0.002214670,0.000000000,0.810000000,1774267572.919034958,0.019005775,0.265484946,0.391058318,640,480,rgb8
1985,images/001985.jpg,1774267572.971406698,1774267572.955836058,0.015570641,0.000000000,0.810000000,1774267572.959034681,0.012372017,0.176294331,0.497274482,640,480,rgb8
1986,images/001986.jpg,1774267573.004772663,1774267572.995817661,0.008955002,0.000000000,0.000000000,1774267572.999036551,0.005736113,0.069568119,0.591769786,640,480,rgb8
1987,images/001987.jpg,1774267573.038138866,1774267573.035906792,0.002232075,0.000000000,0.000000000,1774267573.019074202,0.019064665,0.067791412,0.592541204,640,480,rgb8
1988,images/001988.jpg,1774267573.071499109,1774267573.055844545,0.015654564,0.000000000,0.000000000,1774267573.059134722,0.012364388,0.018212436,0.242617414,640,480,rgb8
1989,images/001989.jpg,1774267573.104859352,1774267573.095832109,0.009027243,0.000000000,0.000000000,1774267573.099020958,0.005838394,0.008710873,0.051075935,640,480,rgb8
1990,images/001990.jpg,1774267573.171569347,1774267573.155836344,0.015733004,0.000000000,0.000000000,1774267573.159070730,0.012498617,-0.000455023,0.037465456,640,480,rgb8
1991,images/001991.jpg,1774267573.204924345,1774267573.195831776,0.009092569,0.000000000,0.000000000,1774267573.199071407,0.005852938,-0.001500394,-0.003857395,640,480,rgb8
1992,images/001992.jpg,1774267573.238279343,1774267573.235827446,0.002451897,0.000000000,0.810000000,1774267573.219031334,0.019248009,0.000820549,-0.021801303,640,480,rgb8
1993,images/001993.jpg,1774267573.271634340,1774267573.255829334,0.015805006,0.000000000,0.810000000,1774267573.259055138,0.012579203,0.003049577,0.027881368,640,480,rgb8
1994,images/001994.jpg,1774267573.304989338,1774267573.295829296,0.009160042,0.405000000,0.000000000,1774267573.299038887,0.005950451,-0.001411855,0.160225825,640,480,rgb8
1995,images/001995.jpg,1774267573.338344097,1774267573.335823059,0.002521038,0.405000000,0.000000000,1774267573.319087029,0.019257069,0.005548331,0.372705156,640,480,rgb8
1996,images/001996.jpg,1774267573.371698856,1774267573.355828047,0.015870810,0.405000000,0.000000000,1774267573.359047174,0.012651682,0.009523686,0.502875232,640,480,rgb8
1997,images/001997.jpg,1774267573.405053616,1774267573.395818949,0.009234667,0.405000000,0.000000000,1774267573.399045467,0.006008148,0.049675563,0.496671973,640,480,rgb8
1998,images/001998.jpg,1774267573.471763372,1774267573.455827951,0.015935421,0.405000000,0.000000000,1774267573.460256100,0.011507273,0.062918704,0.294519965,640,480,rgb8
1999,images/001999.jpg,1774267573.505118132,1774267573.495814800,0.009303331,0.405000000,0.000000000,1774267573.499024391,0.006093740,0.128043606,0.116548028,640,480,rgb8
2000,images/002000.jpg,1774267573.538472891,1774267573.535809278,0.002663612,0.000000000,0.000000000,1774267573.518977880,0.019495010,0.127590794,0.106194366,640,480,rgb8
2001,images/002001.jpg,1774267573.571827412,1774267573.555817366,0.016010046,0.000000000,0.000000000,1774267573.558977365,0.012850046,0.224232308,0.082452235,640,480,rgb8
2002,images/002002.jpg,1774267573.605182171,1774267573.595813513,0.009368658,0.000000000,0.000000000,1774267573.599037886,0.006144285,0.363690358,0.038889401,640,480,rgb8
2003,images/002003.jpg,1774267573.638536930,1774267573.635815382,0.002721548,0.000000000,0.000000000,1774267573.619051456,0.019485474,0.366068761,0.001630489,640,480,rgb8
2004,images/002004.jpg,1774267573.671891451,1774267573.655827761,0.016063690,0.000000000,0.000000000,1774267573.659081936,0.012809515,0.376438267,-0.002569448,640,480,rgb8
2005,images/002005.jpg,1774267573.705246210,1774267573.695820570,0.009425640,0.000000000,0.000000000,1774267573.699071407,0.006174803,0.261396302,0.003411802,640,480,rgb8
2006,images/002006.jpg,1774267573.738600492,1774267573.735810757,0.002789736,0.000000000,0.000000000,1774267573.719063520,0.019536972,0.262383486,0.002810765,640,480,rgb8
2007,images/002007.jpg,1774267573.771955013,1774267573.755813599,0.016141415,0.000000000,0.000000000,1774267573.759052038,0.012902975,0.140047717,0.025964700,640,480,rgb8
2008,images/002008.jpg,1774267573.805309534,1774267573.795814037,0.009495497,0.405000000,0.000000000,1774267573.799038172,0.006271362,0.069994494,0.019851224,640,480,rgb8
2009,images/002009.jpg,1774267573.838664055,1774267573.835806370,0.002857685,0.405000000,0.000000000,1774267573.819058180,0.019605875,0.068618551,0.022010783,640,480,rgb8
2010,images/002010.jpg,1774267573.872018576,1774267573.855817080,0.016201496,0.405000000,0.000000000,1774267573.859045506,0.012973070,0.034315545,0.001573511,640,480,rgb8
2011,images/002011.jpg,1774267573.905373096,1774267573.895814180,0.009558916,0.405000000,0.000000000,1774267573.899043560,0.006329536,0.069804995,0.010628429,640,480,rgb8
2012,images/002012.jpg,1774267573.938727617,1774267573.935810804,0.002916813,0.405000000,0.000000000,1774267573.919053078,0.019674540,0.068520194,0.013585927,640,480,rgb8
2013,images/002013.jpg,1774267573.972081900,1774267573.955813169,0.016268730,0.405000000,0.000000000,1774267573.959045649,0.013036251,0.078299897,0.008075343,640,480,rgb8
2014,images/002014.jpg,1774267574.005436182,1774267573.995813847,0.009622335,0.405000000,0.000000000,1774267573.999068737,0.006367445,0.143759384,0.006016271,640,480,rgb8
2015,images/002015.jpg,1774267574.038790464,1774267574.035796642,0.002993822,0.405000000,0.000000000,1774267574.019057751,0.019732714,0.241342672,-0.006974609,640,480,rgb8
2016,images/002016.jpg,1774267574.072144747,1774267574.055817842,0.016326904,0.405000000,0.000000000,1774267574.059085131,0.013059616,0.243095419,0.010937490,640,480,rgb8
2017,images/002017.jpg,1774267574.105499268,1774267574.095813036,0.009686232,0.405000000,0.000000000,1774267574.099044800,0.006454468,0.391799110,-0.000667666,640,480,rgb8
2018,images/002018.jpg,1774267574.138859034,1774267574.135815144,0.003043890,0.405000000,0.000000000,1774267574.119062185,0.019796848,0.394448068,-0.011847637,640,480,rgb8
2019,images/002019.jpg,1774267574.172219038,1774267574.155819416,0.016399622,0.405000000,0.000000000,1774267574.159083128,0.013135910,0.408351609,-0.009625419,640,480,rgb8
2020,images/002020.jpg,1774267574.205578804,1774267574.195839405,0.009739399,0.405000000,0.000000000,1774267574.199021578,0.006557226,0.411985015,0.039090471,640,480,rgb8
2021,images/002021.jpg,1774267574.272305012,1774267574.255837917,0.016467094,0.405000000,0.000000000,1774267574.259103298,0.013201714,0.415988158,0.010433237,640,480,rgb8
2022,images/002022.jpg,1774267574.305668116,1774267574.295826674,0.009841442,0.405000000,0.000000000,1774267574.299026728,0.006641388,0.340585032,0.019882932,640,480,rgb8
2023,images/002023.jpg,1774267574.339031219,1774267574.335816145,0.003215075,0.405000000,0.000000000,1774267574.339019060,0.000012159,0.396350223,0.013725903,640,480,rgb8
2024,images/002024.jpg,1774267574.372394323,1774267574.355821133,0.016573191,0.405000000,0.000000000,1774267574.359049797,0.013344526,0.399880559,0.013713296,640,480,rgb8
2025,images/002025.jpg,1774267574.405757666,1774267574.395825624,0.009932041,0.405000000,0.000000000,1774267574.399039984,0.006717682,0.404585370,0.003517083,640,480,rgb8
2026,images/002026.jpg,1774267574.439120531,1774267574.435818672,0.003301859,0.405000000,0.000000000,1774267574.439056158,0.000064373,0.407700297,0.008863365,640,480,rgb8
2027,images/002027.jpg,1774267574.472483873,1774267574.455825806,0.016658068,0.405000000,0.000000000,1774267574.459071875,0.013411999,0.408327422,0.009032548,640,480,rgb8
2028,images/002028.jpg,1774267574.505846977,1774267574.495823622,0.010023355,0.405000000,0.000000000,1774267574.499027967,0.006819010,0.472654955,0.007151054,640,480,rgb8
2029,images/002029.jpg,1774267574.572573185,1774267574.555814505,0.016758680,0.405000000,0.000000000,1774267574.559045315,0.013527870,0.434993798,0.003637489,640,480,rgb8
2030,images/002030.jpg,1774267574.605936527,1774267574.595769405,0.010167122,0.405000000,0.000000000,1774267574.599034548,0.006901979,0.453674569,0.002583076,640,480,rgb8
2031,images/002031.jpg,1774267574.639299870,1774267574.635812998,0.003486872,0.405000000,0.000000000,1774267574.639033794,0.000266075,0.412715688,0.017692696,640,480,rgb8
2032,images/002032.jpg,1774267574.672662973,1774267574.655813456,0.016849518,0.405000000,0.000000000,1774267574.659012318,0.013650656,0.409256920,0.020144876,640,480,rgb8
2033,images/002033.jpg,1774267574.706026077,1774267574.695815325,0.010210752,0.405000000,0.000000000,1774267574.699036121,0.006989956,0.407943253,0.021079870,640,480,rgb8
2034,images/002034.jpg,1774267574.739389420,1774267574.735847473,0.003541946,0.405000000,0.000000000,1774267574.739194393,0.000195026,0.411846409,0.016898877,640,480,rgb8
2035,images/002035.jpg,1774267574.772752762,1774267574.755847216,0.016905546,0.405000000,0.000000000,1774267574.759037495,0.013715267,0.409502146,0.017643770,640,480,rgb8
2036,images/002036.jpg,1774267574.806115866,1774267574.795831919,0.010283947,0.405000000,0.000000000,1774267574.799031258,0.007084608,0.344304160,0.021465135,640,480,rgb8
2037,images/002037.jpg,1774267574.839479208,1774267574.835827112,0.003652096,0.405000000,0.000000000,1774267574.839050055,0.000429153,0.384217615,0.017793257,640,480,rgb8
2038,images/002038.jpg,1774267574.872842550,1774267574.855819702,0.017022848,0.405000000,0.000000000,1774267574.859043121,0.013799429,0.385730039,0.017793257,640,480,rgb8
2039,images/002039.jpg,1774267574.906205893,1774267574.895822525,0.010383368,0.405000000,0.000000000,1774267574.899040461,0.007165432,0.400665135,0.024682181,640,480,rgb8
2040,images/002040.jpg,1774267574.939569235,1774267574.935812712,0.003756523,0.405000000,0.000000000,1774267574.939037323,0.000531912,0.406338279,0.023396943,640,480,rgb8
2041,images/002041.jpg,1774267574.972932577,1774267574.955813646,0.017118931,0.405000000,0.000000000,1774267574.959057808,0.013874769,0.408024305,0.021672030,640,480,rgb8
2042,images/002042.jpg,1774267575.006295919,1774267574.995830059,0.010465860,0.000000000,0.810000000,1774267574.999053955,0.007241964,0.408862826,0.017999099,640,480,rgb8
2043,images/002043.jpg,1774267575.039659262,1774267575.035829544,0.003829718,0.000000000,0.810000000,1774267575.039064884,0.000594378,0.398306663,0.001322952,640,480,rgb8
2044,images/002044.jpg,1774267575.073022604,1774267575.055838585,0.017184019,0.000000000,0.810000000,1774267575.059082508,0.013940096,0.399789881,-0.003041045,640,480,rgb8
2045,images/002045.jpg,1774267575.106385946,1774267575.095787048,0.010598898,0.000000000,0.810000000,1774267575.099036217,0.007349730,0.394900880,0.149660478,640,480,rgb8
2046,images/002046.jpg,1774267575.139749527,1774267575.135835409,0.003914118,0.000000000,0.810000000,1774267575.139050245,0.000699282,0.351283555,0.332845092,640,480,rgb8
2047,images/002047.jpg,1774267575.173112869,1774267575.155821562,0.017291307,0.000000000,0.810000000,1774267575.159054041,0.014058828,0.352105915,0.380014641,640,480,rgb8
2048,images/002048.jpg,1774267575.206476212,1774267575.195817232,0.010658979,0.000000000,0.810000000,1774267575.199026108,0.007450104,0.273163984,0.457303853,640,480,rgb8
2049,images/002049.jpg,1774267575.239836216,1774267575.235826254,0.004009962,0.000000000,0.309784600,1774267575.239048481,0.000787735,0.152369689,0.572180570,640,480,rgb8
2050,images/002050.jpg,1774267575.273196220,1774267575.255833864,0.017362356,0.000000000,0.000000000,1774267575.259069681,0.014126539,0.150771748,0.617136836,640,480,rgb8
2051,images/002051.jpg,1774267575.306556463,1774267575.295819998,0.010736465,0.000000000,0.000000000,1774267575.299026489,0.007529974,0.033846732,0.495326277,640,480,rgb8
2052,images/002052.jpg,1774267575.339920759,1774267575.335828304,0.004092455,0.000000000,0.000000000,1774267575.339033842,0.000886917,0.013622056,0.131572630,640,480,rgb8
2053,images/002053.jpg,1774267575.373284817,1774267575.355818987,0.017465830,0.000000000,0.000000000,1774267575.359046459,0.014238358,0.010468381,0.034929701,640,480,rgb8
2054,images/002054.jpg,1774267575.406649113,1774267575.395812988,0.010836124,0.000000000,0.000000000,1774267575.399012566,0.007636547,0.002607432,0.048256903,640,480,rgb8
2055,images/002055.jpg,1774267575.440013409,1774267575.435815334,0.004198074,0.000000000,0.000000000,1774267575.439019442,0.000993967,-0.000895332,0.005713595,640,480,rgb8
2056,images/002056.jpg,1774267575.473377943,1774267575.455816269,0.017561674,0.000000000,0.000000000,1774267575.459038973,0.014338970,-0.004034571,-0.012799836,640,480,rgb8
2057,images/002057.jpg,1774267575.506742477,1774267575.495836496,0.010905981,0.000000000,0.000000000,1774267575.499023914,0.007718563,-0.004641128,-0.019465955,640,480,rgb8
2058,images/002058.jpg,1774267575.540107012,1774267575.535870552,0.004236460,0.000000000,0.000000000,1774267575.539425850,0.000681162,-0.000992090,-0.009470366,640,480,rgb8
2059,images/002059.jpg,1774267575.573471785,1774267575.555828571,0.017643213,0.000000000,0.000000000,1774267575.559059620,0.014412165,-0.003887091,-0.011277867,640,480,rgb8
2060,images/002060.jpg,1774267575.606836081,1774267575.595848560,0.010987520,0.000000000,0.000000000,1774267575.599032640,0.007803440,0.003133984,-0.011459426,640,480,rgb8
2061,images/002061.jpg,1774267575.673565626,1774267575.655813694,0.017751932,0.000000000,0.000000000,1774267575.659046412,0.014519215,-0.001324859,-0.001904322,640,480,rgb8
2062,images/002062.jpg,1774267575.706930637,1774267575.695825577,0.011105061,0.000000000,0.000000000,1774267575.699031591,0.007899046,-0.001434971,0.011726626,640,480,rgb8
2063,images/002063.jpg,1774267575.740295410,1774267575.735818863,0.004476547,0.000000000,0.000000000,1774267575.739019871,0.001275539,-0.000105842,0.010448247,640,480,rgb8
2064,images/002064.jpg,1774267575.773660421,1774267575.755825043,0.017835379,0.000000000,0.000000000,1774267575.759048939,0.014611483,-0.002707394,0.007909345,640,480,rgb8
2065,images/002065.jpg,1774267575.807025433,1774267575.795830965,0.011194468,0.000000000,0.000000000,1774267575.799042702,0.007982731,-0.001236317,0.004096397,640,480,rgb8
2066,images/002066.jpg,1774267575.840390682,1774267575.835825920,0.004564762,0.400121780,0.000000000,1774267575.839028358,0.001362324,-0.004262225,0.004347447,640,480,rgb8
2067,images/002067.jpg,1774267575.873755693,1774267575.855826139,0.017929554,0.405000000,0.000000000,1774267575.859045267,0.014710426,-0.002847946,0.002753972,640,480,rgb8
2068,images/002068.jpg,1774267575.907120943,1774267575.895831347,0.011289597,0.405000000,0.000000000,1774267575.899048090,0.008072853,-0.007735288,0.051565568,640,480,rgb8
2069,images/002069.jpg,1774267575.940486193,1774267575.935857296,0.004628897,0.405000000,0.000000000,1774267575.939033270,0.001452923,0.003310821,0.098504236,640,480,rgb8
2070,images/002070.jpg,1774267575.973851204,1774267575.955827713,0.018023491,0.405000000,0.000000000,1774267575.959030390,0.014820814,0.013657215,0.080202078,640,480,rgb8
2071,images/002071.jpg,1774267576.007216692,1774267575.995785713,0.011430979,0.405000000,0.000000000,1774267575.999031782,0.008184910,0.144117817,0.062478156,640,480,rgb8
2072,images/002072.jpg,1774267576.040581942,1774267576.035815477,0.004766464,0.405000000,0.000000000,1774267576.039041519,0.001540422,0.143221761,0.044448597,640,480,rgb8
2073,images/002073.jpg,1774267576.073947430,1774267576.055818319,0.018129110,0.405000000,0.000000000,1774267576.059035540,0.014911890,0.247356201,0.047986541,640,480,rgb8
2074,images/002074.jpg,1774267576.107312918,1774267576.095819712,0.011493206,0.000000000,0.000000000,1774267576.099056959,0.008255959,0.280282600,0.016397065,640,480,rgb8
2075,images/002075.jpg,1774267576.140678644,1774267576.135829687,0.004848957,0.000000000,0.000000000,1774267576.139035702,0.001642942,0.285940240,-0.000238423,640,480,rgb8
2076,images/002076.jpg,1774267576.174044132,1774267576.155820847,0.018223286,0.000000000,0.000000000,1774267576.159066439,0.014977694,0.287200778,-0.003517016,640,480,rgb8
2077,images/002077.jpg,1774267576.207409859,1774267576.195834160,0.011575699,0.000000000,0.000000000,1774267576.199042559,0.008367300,0.367314641,0.009224591,640,480,rgb8
2078,images/002078.jpg,1774267576.240775585,1774267576.235818624,0.004956961,0.000000000,0.000000000,1774267576.239042997,0.001732588,0.298758035,0.008425414,640,480,rgb8
2079,images/002079.jpg,1774267576.274141312,1774267576.255825043,0.018316269,0.000000000,0.000000000,1774267576.259064198,0.015077114,0.300059259,-0.003359220,640,480,rgb8
2080,images/002080.jpg,1774267576.307507277,1774267576.295836926,0.011670351,0.000000000,0.000000000,1774267576.299069881,0.008437395,0.232187614,-0.011921333,640,480,rgb8
2081,images/002081.jpg,1774267576.340868235,1774267576.335838079,0.005030155,0.400012980,0.000000000,1774267576.339046240,0.001821995,0.136332634,0.041706266,640,480,rgb8
2082,images/002082.jpg,1774267576.374228954,1774267576.355841160,0.018387794,0.405000000,0.000000000,1774267576.359070301,0.015158653,0.135593846,0.041706266,640,480,rgb8
2083,images/002083.jpg,1774267576.474340916,1774267576.455819845,0.018521070,0.405000000,0.000000000,1774267576.459049940,0.015290976,0.040065409,0.013450947,640,480,rgb8
2084,images/002084.jpg,1774267576.507711649,1774267576.495817423,0.011894226,0.405000000,0.000000000,1774267576.499019861,0.008691788,0.099638892,0.005894112,640,480,rgb8
2085,images/002085.jpg,1774267576.541082621,1774267576.535813332,0.005269289,0.405000000,0.000000000,1774267576.539037228,0.002045393,0.097573392,0.023090384,640,480,rgb8
2086,images/002086.jpg,1774267576.574453354,1774267576.555830479,0.018622875,0.405000000,0.000000000,1774267576.559059143,0.015394211,0.259412641,0.026035425,640,480,rgb8
2087,images/002087.jpg,1774267576.607824564,1774267576.595826149,0.011998415,0.405000000,0.000000000,1774267576.599044323,0.008780241,0.297965228,0.026272147,640,480,rgb8
2088,images/002088.jpg,1774267576.641195297,1774267576.635819912,0.005375385,0.405000000,0.000000000,1774267576.639063835,0.002131462,0.298648474,0.012479441,640,480,rgb8
2089,images/002089.jpg,1774267576.674566507,1774267576.655837297,0.018729210,0.405000000,0.000000000,1774267576.659111261,0.015455246,0.300028242,0.012479441,640,480,rgb8
2090,images/002090.jpg,1774267576.707937717,1774267576.695825577,0.012112141,0.405000000,0.000000000,1774267576.699225187,0.008712530,0.375648730,-0.010350683,640,480,rgb8
2091,images/002091.jpg,1774267576.774680138,1774267576.755816698,0.018863440,0.405000000,0.000000000,1774267576.759008169,0.015671968,0.422130303,0.036847800,640,480,rgb8
2092,images/002092.jpg,1774267576.808051586,1774267576.795819998,0.012231588,0.405000000,0.000000000,1774267576.799015999,0.009035587,0.415221453,0.010623710,640,480,rgb8
2093,images/002093.jpg,1774267576.841422796,1774267576.835814953,0.005607843,0.405000000,0.000000000,1774267576.839018583,0.002404213,0.410094527,0.019266606,640,480,rgb8
2094,images/002094.jpg,1774267576.874794483,1774267576.855812550,0.018981934,0.405000000,0.000000000,1774267576.859028816,0.015765667,0.412534418,0.019219794,640,480,rgb8
2095,images/002095.jpg,1774267576.908165932,1774267576.895800829,0.012365103,0.405000000,0.000000000,1774267576.899053574,0.009112358,0.411282716,0.004149338,640,480,rgb8
2096,images/002096.jpg,1774267576.941537619,1774267576.935816050,0.005721569,0.405000000,0.000000000,1774267576.939036608,0.002501011,0.407399179,0.003905783,640,480,rgb8
2097,images/002097.jpg,1774267576.974909306,1774267576.955823660,0.019085646,0.405000000,0.000000000,1774267576.959033728,0.015875578,0.409659612,0.011072380,640,480,rgb8
2098,images/002098.jpg,1774267577.008281231,1774267576.996282816,0.011998415,0.405000000,0.000000000,1774267576.999056101,0.009225130,0.406587179,0.012765879,640,480,rgb8
2099,images/002099.jpg,1774267577.041653156,1774267577.035824776,0.005828381,0.405000000,0.000000000,1774267577.039053202,0.002599955,0.410924852,0.007946444,640,480,rgb8
2100,images/002100.jpg,1774267577.075024843,1774267577.055814505,0.019210339,0.405000000,0.000000000,1774267577.059062481,0.015962362,0.411697878,0.005932667,640,480,rgb8
2101,images/002101.jpg,1774267577.108397007,1774267577.095810652,0.012586355,0.405000000,0.000000000,1774267577.099020720,0.009376287,0.410546624,0.010432578,640,480,rgb8
2102,images/002102.jpg,1774267577.141768694,1774267577.135805845,0.005962849,0.405000000,0.000000000,1774267577.139044762,0.002723932,0.409506336,0.010293160,640,480,rgb8
2103,images/002103.jpg,1774267577.175141096,1774267577.155820370,0.019320726,0.405000000,0.000000000,1774267577.159031868,0.016109228,0.411527190,0.006932092,640,480,rgb8
2104,images/002104.jpg,1774267577.208513260,1774267577.195813179,0.012700081,0.405000000,0.000000000,1774267577.199045420,0.009467840,0.409671846,-0.004753531,640,480,rgb8
2105,images/002105.jpg,1774267577.241885424,1774267577.235816956,0.006068468,0.405000000,0.000000000,1774267577.239031792,0.002853632,0.404913628,-0.007124810,640,480,rgb8
2106,images/002106.jpg,1774267577.275257826,1774267577.255814552,0.019443274,0.405000000,0.000000000,1774267577.259059191,0.016198635,0.405592720,-0.004926724,640,480,rgb8
2107,images/002107.jpg,1774267577.308630228,1774267577.295822620,0.012807608,0.405000000,0.000000000,1774267577.299050331,0.009579897,0.407489656,0.007753086,640,480,rgb8
2108,images/002108.jpg,1774267577.342002392,1774267577.335833549,0.006168842,0.405000000,0.000000000,1774267577.339038372,0.002964020,0.411107226,0.017367357,640,480,rgb8
2109,images/002109.jpg,1774267577.375374794,1774267577.355835676,0.019539118,0.405000000,0.000000000,1774267577.359091759,0.016283035,0.410240025,0.022179527,640,480,rgb8
2110,images/002110.jpg,1774267577.408736467,1774267577.395830393,0.012906075,0.405000000,0.000000000,1774267577.399063587,0.009672880,0.406828558,0.029361283,640,480,rgb8
2111,images/002111.jpg,1774267577.442098618,1774267577.435840845,0.006257772,0.405000000,0.000000000,1774267577.439083576,0.003015041,0.408043790,0.028020246,640,480,rgb8
2112,images/002112.jpg,1774267577.475460529,1774267577.455835819,0.019624710,0.405000000,0.000000000,1774267577.459074736,0.016385794,0.409708402,0.024315656,640,480,rgb8
2113,images/002113.jpg,1774267577.508822441,1774267577.495832443,0.012989998,0.405000000,0.000000000,1774267577.499047756,0.009774685,0.409743489,0.020994525,640,480,rgb8
2114,images/002114.jpg,1774267577.542167187,1774267577.535821199,0.006345987,0.405000000,0.000000000,1774267577.539092541,0.003074646,0.409648079,0.018820280,640,480,rgb8
2115,images/002115.jpg,1774267577.575511932,1774267577.555804968,0.019706964,0.405000000,0.000000000,1774267577.559353828,0.016158104,0.406537724,0.018434134,640,480,rgb8
2116,images/002116.jpg,1774267577.608856678,1774267577.595820665,0.013036013,0.405000000,0.000000000,1774267577.599043131,0.009813547,0.406044878,0.012469669,640,480,rgb8
2117,images/002117.jpg,1774267577.642201185,1774267577.635820866,0.006380320,0.405000000,0.000000000,1774267577.639037848,0.003163338,0.409014719,0.006122675,640,480,rgb8
2118,images/002118.jpg,1774267577.675545692,1774267577.655838728,0.019706964,0.405000000,0.000000000,1774267577.659071684,0.016474009,0.406150712,0.002532159,640,480,rgb8
2119,images/002119.jpg,1774267577.708889961,1774267577.695823431,0.013066530,0.405000000,0.000000000,1774267577.699051142,0.009838820,0.405238069,-0.002957386,640,480,rgb8
2120,images/002120.jpg,1774267577.742234230,1774267577.735839128,0.006395102,0.405000000,0.000000000,1774267577.739177942,0.003056288,0.406773115,0.003847904,640,480,rgb8
2121,images/002121.jpg,1774267577.775578260,1774267577.755827904,0.019750357,0.405000000,0.000000000,1774267577.759071827,0.016506433,0.408136816,0.009078108,640,480,rgb8
2122,images/002122.jpg,1774267577.808922291,1774267577.795838594,0.013083696,0.405000000,0.000000000,1774267577.799015760,0.009906530,0.344329085,0.013821493,640,480,rgb8
2123,images/002123.jpg,1774267577.842266321,1774267577.835827351,0.006438971,0.405000000,0.000000000,1774267577.839025736,0.003240585,0.385074164,0.014332474,640,480,rgb8
2124,images/002124.jpg,1774267577.875610113,1774267577.855823755,0.019786358,0.405000000,0.000000000,1774267577.859062910,0.016547203,0.398561307,0.013144405,640,480,rgb8
2125,images/002125.jpg,1774267577.908953905,1774267577.895816803,0.013137102,0.405000000,0.000000000,1774267577.899036646,0.009917259,0.404242237,0.002827911,640,480,rgb8
2126,images/002126.jpg,1774267577.942297697,1774267577.935820341,0.006477356,0.405000000,0.000000000,1774267577.939031839,0.003265858,0.407415958,0.005087350,640,480,rgb8
2127,images/002127.jpg,1774267577.975641012,1774267577.955876350,0.019764662,0.405000000,0.000000000,1774267577.959052563,0.016588449,0.408661742,0.011067371,640,480,rgb8
2128,images/002128.jpg,1774267578.008984566,1774267577.995825529,0.013159037,0.405000000,0.000000000,1774267577.999050617,0.009933949,0.429491658,0.014293832,640,480,rgb8
2129,images/002129.jpg,1774267578.042327881,1774267578.035844564,0.006483316,0.405000000,0.000000000,1774267578.039078712,0.003249168,0.419975613,0.012906990,640,480,rgb8
2130,images/002130.jpg,1774267578.075671196,1774267578.055776358,0.019894838,0.405000000,0.000000000,1774267578.059047222,0.016623974,0.350807378,0.019877809,640,480,rgb8
2131,images/002131.jpg,1774267578.109014273,1774267578.095791340,0.013222933,0.405000000,0.000000000,1774267578.099021912,0.009992361,0.351687496,0.025254052,640,480,rgb8
2132,images/002132.jpg,1774267578.142357111,1774267578.135812998,0.006544113,0.004962720,0.500046600,1774267578.139035702,0.003321409,0.389092307,0.025185193,640,480,rgb8
2133,images/002133.jpg,1774267578.175700188,1774267578.155814648,0.019885540,0.000000000,0.810000000,1774267578.159039974,0.016660213,0.400068665,0.021183313,640,480,rgb8
2134,images/002134.jpg,1774267578.209043026,1774267578.195814133,0.013228893,0.000000000,0.810000000,1774267578.199030876,0.010012150,0.403452036,-0.002499046,640,480,rgb8
2135,images/002135.jpg,1774267578.242385626,1774267578.235812902,0.006572723,0.000000000,0.810000000,1774267578.239028931,0.003356695,0.381126597,0.012060940,640,480,rgb8
2136,images/002136.jpg,1774267578.275728464,1774267578.255896807,0.019831657,0.000000000,0.810000000,1774267578.259034872,0.016693592,0.381849599,0.073744045,640,480,rgb8
2137,images/002137.jpg,1774267578.309071064,1774267578.295826674,0.013244390,0.000000000,0.810000000,1774267578.299052000,0.010019064,0.316116592,0.230613969,640,480,rgb8
2138,images/002138.jpg,1774267578.342413664,1774267578.335828781,0.006584883,0.000000000,0.810000000,1774267578.339034796,0.003378868,0.224309655,0.355436890,640,480,rgb8
2139,images/002139.jpg,1774267578.375755787,1774267578.355841398,0.019914389,0.000000000,0.810000000,1774267578.359056950,0.016698837,0.206338625,0.417653191,640,480,rgb8
2140,images/002140.jpg,1774267578.409098148,1774267578.395834446,0.013263702,0.000000000,0.309875800,1774267578.399058819,0.010039330,0.203514552,0.516644257,640,480,rgb8
2141,images/002141.jpg,1774267578.442440271,1774267578.435815334,0.006624937,0.000000000,0.000000000,1774267578.439062595,0.003377676,0.130072375,0.576748100,640,480,rgb8
2142,images/002142.jpg,1774267578.475782156,1774267578.455777645,0.020004511,0.000000000,0.000000000,1774267578.459084988,0.016697168,0.064305604,0.540993706,640,480,rgb8
2143,images/002143.jpg,1774267578.509124756,1774267578.495815992,0.013308764,0.000000000,0.000000000,1774267578.499053717,0.010071039,0.024714672,0.240277792,640,480,rgb8
2144,images/002144.jpg,1774267578.542484999,1774267578.535819054,0.006665945,0.000000000,0.000000000,1774267578.539043903,0.003441095,0.005415074,0.024723121,640,480,rgb8
2145,images/002145.jpg,1774267578.575845480,1774267578.575822353,0.000023127,0.000000000,0.000000000,1774267578.559067488,0.016777992,0.001816753,0.037770711,640,480,rgb8
2146,images/002146.jpg,1774267578.609221697,1774267578.595830917,0.013390779,0.000000000,0.000000000,1774267578.599019527,0.010202169,0.000918449,0.024965830,640,480,rgb8
2147,images/002147.jpg,1774267578.642598152,1774267578.635763407,0.006834745,0.000000000,0.498404200,1774267578.638998508,0.003599644,-0.003418820,-0.012454693,640,480,rgb8
2148,images/002148.jpg,1774267578.675974607,1774267578.675815105,0.000159502,0.000000000,0.810000000,1774267578.659025908,0.016948700,-0.006907788,-0.003912890,640,480,rgb8
2149,images/002149.jpg,1774267578.709351301,1774267578.695832729,0.013518572,0.000000000,0.810000000,1774267578.699037790,0.010313511,-0.007357784,0.193383905,640,480,rgb8
2150,images/002150.jpg,1774267578.742728233,1774267578.735825300,0.006902933,0.000000000,0.810000000,1774267578.739028692,0.003699541,-0.005032243,0.457167963,640,480,rgb8
2151,images/002151.jpg,1774267578.776105165,1774267578.775820732,0.000284433,0.000000000,0.810000000,1774267578.759054899,0.017050266,-0.002421630,0.506935723,640,480,rgb8
2152,images/002152.jpg,1774267578.809482098,1774267578.795830727,0.013651371,0.000000000,0.810000000,1774267578.799059629,0.010422468,-0.008869253,0.596642962,640,480,rgb8
2153,images/002153.jpg,1774267578.842859507,1774267578.835846424,0.007013083,0.000000000,0.810000000,1774267578.839029551,0.003829956,-0.005525457,0.650950464,640,480,rgb8
2154,images/002154.jpg,1774267578.876236916,1774267578.875829220,0.000407696,0.000000000,0.810000000,1774267578.859205961,0.017030954,0.002705375,0.657000317,640,480,rgb8
2155,images/002155.jpg,1774267578.942992210,1774267578.935823202,0.007169008,0.000000000,0.810000000,1774267578.939164400,0.003827810,0.003009612,0.678552727,640,480,rgb8
2156,images/002156.jpg,1774267578.976369858,1774267578.975817442,0.000552416,0.000000000,0.810000000,1774267578.959042788,0.017327070,0.000206537,0.685810370,640,480,rgb8
2157,images/002157.jpg,1774267579.009747744,1774267578.995815039,0.013932705,0.000000000,0.810000000,1774267578.999040842,0.010706902,-0.000277703,0.682188668,640,480,rgb8
2158,images/002158.jpg,1774267579.043125868,1774267579.035811663,0.007314205,0.399792800,0.310259000,1774267579.039038658,0.004087210,0.000576609,0.683354875,640,480,rgb8
2159,images/002159.jpg,1774267579.076504230,1774267579.075837135,0.000667095,0.405000000,0.000000000,1774267579.059042931,0.017461300,0.006050781,0.690075440,640,480,rgb8
2160,images/002160.jpg,1774267579.109882593,1774267579.095854998,0.014027596,0.405000000,0.000000000,1774267579.099050999,0.010831594,0.000886923,0.686079154,640,480,rgb8
2161,images/002161.jpg,1774267579.143261194,1774267579.135901451,0.007359743,0.405000000,0.000000000,1774267579.139102697,0.004158497,0.044891235,0.597468321,640,480,rgb8
2162,images/002162.jpg,1774267579.176639795,1774267579.175841331,0.000798464,0.405000000,0.000000000,1774267579.159084558,0.017555237,0.042912301,0.556088583,640,480,rgb8
2163,images/002163.jpg,1774267579.210018635,1774267579.195824385,0.014194250,0.405000000,0.000000000,1774267579.199041128,0.010977507,0.103150614,0.366258151,640,480,rgb8
2164,images/002164.jpg,1774267579.243397474,1774267579.235818386,0.007579088,0.405000000,0.000000000,1774267579.239041328,0.004356146,0.186978273,0.230417220,640,480,rgb8
2165,images/002165.jpg,1774267579.276776552,1774267579.275829792,0.000946760,0.405000000,0.000000000,1774267579.259047508,0.017729044,0.186829657,0.193042729,640,480,rgb8
2166,images/002166.jpg,1774267579.310156107,1774267579.295827866,0.014328241,0.005049760,0.000000000,1774267579.299043179,0.011112928,0.219379114,0.087402192,640,480,rgb8
2167,images/002167.jpg,1774267579.343535185,1774267579.335783482,0.007751703,0.000000000,0.000000000,1774267579.339069843,0.004465342,0.310323102,0.062677236,640,480,rgb8
2168,images/002168.jpg,1774267579.376914740,1774267579.375826836,0.001087904,0.000000000,0.000000000,1774267579.359057665,0.017857075,0.360105669,0.074120945,640,480,rgb8
2169,images/002169.jpg,1774267579.410294533,1774267579.395837784,0.014456749,0.000000000,0.000000000,1774267579.399059057,0.011235476,0.363961752,0.068089558,640,480,rgb8
2170,images/002170.jpg,1774267579.443674326,1774267579.435834646,0.007839680,0.000000000,0.000000000,1774267579.439033985,0.004640341,0.298455026,0.049523299,640,480,rgb8
2171,images/002171.jpg,1774267579.477054119,1774267579.475837231,0.001216888,0.000000000,0.000000000,1774267579.459046602,0.018007517,0.299532762,0.039359020,640,480,rgb8
2172,images/002172.jpg,1774267579.510434389,1774267579.495844603,0.014589787,0.000000000,0.000000000,1774267579.499035835,0.011398554,0.224115691,0.007604780,640,480,rgb8
2173,images/002173.jpg,1774267579.543814421,1774267579.535816431,0.007997990,0.399923360,0.000000000,1774267579.539057970,0.004756451,0.194375800,0.040705030,640,480,rgb8
2174,images/002174.jpg,1774267579.577194691,1774267579.575832605,0.001362085,0.405000000,0.000000000,1774267579.559103251,0.018091440,0.194142055,0.044248565,640,480,rgb8
2175,images/002175.jpg,1774267579.610556841,1774267579.595822096,0.014734745,0.405000000,0.000000000,1774267579.599043608,0.011513233,0.117569981,0.008391265,640,480,rgb8
2176,images/002176.jpg,1774267579.643919468,1774267579.635839462,0.008080006,0.405000000,0.000000000,1774267579.639047384,0.004872084,0.044576452,-0.008698122,640,480,rgb8
2177,images/002177.jpg,1774267579.743998528,1774267579.735823631,0.008174896,0.405000000,0.000000000,1774267579.739356756,0.004641771,0.123164258,0.006080539,640,480,rgb8
2178,images/002178.jpg,1774267579.777358055,1774267579.775824070,0.001533985,0.405000000,0.000000000,1774267579.759032249,0.018325806,0.204265568,0.008030720,640,480,rgb8
2179,images/002179.jpg,1774267579.810717821,1774267579.795829058,0.014888763,0.405000000,0.000000000,1774267579.799048424,0.011669397,0.298931314,0.007464153,640,480,rgb8
2180,images/002180.jpg,1774267579.844077587,1774267579.835838556,0.008239031,0.405000000,0.000000000,1774267579.839051485,0.005026102,0.370757410,0.014442415,640,480,rgb8
2181,images/002181.jpg,1774267579.877437353,1774267579.875830412,0.001606941,0.405000000,0.000000000,1774267579.859082460,0.018354893,0.372816173,0.001000220,640,480,rgb8
2182,images/002182.jpg,1774267579.910797119,1774267579.895838737,0.014958382,0.405000000,0.000000000,1774267579.899047136,0.011749983,0.405497576,-0.025584648,640,480,rgb8
2183,images/002183.jpg,1774267579.944156885,1774267579.935836315,0.008320570,0.405000000,0.000000000,1774267579.939173222,0.004983664,0.411346932,0.014084440,640,480,rgb8
2184,images/002184.jpg,1774267579.977516651,1774267579.975818157,0.001698494,0.405000000,0.000000000,1774267579.959032536,0.018484116,0.413745340,0.058681470,640,480,rgb8
2185,images/002185.jpg,1774267580.044236422,1774267580.035835505,0.008400917,0.405000000,0.000000000,1774267580.039049625,0.005186796,0.412437505,-0.008230438,640,480,rgb8
2186,images/002186.jpg,1774267580.077596188,1774267580.075820208,0.001775980,0.405000000,0.000000000,1774267580.059379578,0.018216610,0.408910021,-0.005864953,640,480,rgb8
2187,images/002187.jpg,1774267580.110955954,1774267580.095824480,0.015131474,0.405000000,0.000000000,1774267580.099023342,0.011932611,0.413296542,0.017438085,640,480,rgb8
2188,images/002188.jpg,1774267580.144315958,1774267580.135823727,0.008492231,0.405000000,0.000000000,1774267580.139029741,0.005286217,0.407751309,0.007693026,640,480,rgb8
2189,images/002189.jpg,1774267580.177675724,1774267580.175822020,0.001853704,0.405000000,0.000000000,1774267580.159032345,0.018643379,0.404564597,-0.003187195,640,480,rgb8
2190,images/002190.jpg,1774267580.211035728,1774267580.195822477,0.015213251,0.405000000,0.000000000,1774267580.198984623,0.012051105,0.408661343,-0.025161680,640,480,rgb8
2191,images/002191.jpg,1774267580.244395494,1774267580.235810995,0.008584499,0.405000000,0.000000000,1774267580.239074230,0.005321264,0.411483974,-0.020475894,640,480,rgb8
2192,images/002192.jpg,1774267580.277755499,1774267580.275814533,0.001940966,0.405000000,0.000000000,1774267580.259067297,0.018688202,0.413497908,0.006573920,640,480,rgb8
2193,images/002193.jpg,1774267580.311115503,1774267580.295877934,0.015237570,0.405000000,0.000000000,1774267580.299044371,0.012071133,0.414097563,0.009921658,640,480,rgb8
2194,images/002194.jpg,1774267580.344475508,1774267580.335821152,0.008654356,0.405000000,0.000000000,1774267580.339010477,0.005465031,0.411677324,0.009956022,640,480,rgb8
2195,images/002195.jpg,1774267580.377835512,1774267580.375822783,0.002012730,0.405000000,0.000000000,1774267580.359015465,0.018820047,0.413574028,0.013581093,640,480,rgb8
2196,images/002196.jpg,1774267580.411195517,1774267580.395774126,0.015421391,0.405000000,0.000000000,1774267580.399034023,0.012161493,0.412971051,0.016054483,640,480,rgb8
2197,images/002197.jpg,1774267580.444555521,1774267580.435824633,0.008730888,0.405000000,0.000000000,1774267580.439039707,0.005515814,0.412630850,0.020879731,640,480,rgb8
2198,images/002198.jpg,1774267580.477915525,1774267580.475830078,0.002085447,0.405000000,0.000000000,1774267580.459035397,0.018880129,0.414424055,0.021398428,640,480,rgb8
2199,images/002199.jpg,1774267580.511275530,1774267580.495824099,0.015451431,0.405000000,0.000000000,1774267580.499024153,0.012251377,0.412197812,0.018093001,640,480,rgb8
2200,images/002200.jpg,1774267580.544635773,1774267580.535834312,0.008801460,0.405000000,0.000000000,1774267580.539031506,0.005604267,0.409770899,0.015228479,640,480,rgb8
2201,images/002201.jpg,1774267580.577995777,1774267580.575837374,0.002158403,0.405000000,0.000000000,1774267580.559051991,0.018943787,0.407359117,0.017830109,640,480,rgb8
2202,images/002202.jpg,1774267580.611356020,1774267580.595836639,0.015519381,0.405000000,0.000000000,1774267580.599066496,0.012289524,0.410566951,0.020730890,640,480,rgb8
2203,images/002203.jpg,1774267580.644716024,1774267580.635833979,0.008882046,0.405000000,0.000000000,1774267580.639055967,0.005660057,0.394291453,0.013391245,640,480,rgb8
2204,images/002204.jpg,1774267580.678078890,1774267580.675833702,0.002245188,0.405000000,0.000000000,1774267580.659075975,0.019002914,0.395667674,0.013241337,640,480,rgb8
2205,images/002205.jpg,1774267580.711441994,1774267580.695834875,0.015607119,0.405000000,0.000000000,1774267580.699053526,0.012388468,0.339212202,0.015856499,640,480,rgb8
2206,images/002206.jpg,1774267580.744804621,1774267580.735832214,0.008972406,0.405000000,0.000000000,1774267580.739063263,0.005741358,0.381824828,0.012744395,640,480,rgb8
2207,images/002207.jpg,1774267580.778167486,1774267580.775829554,0.002337933,0.405000000,0.000000000,1774267580.759304523,0.018862963,0.382993623,0.011978655,640,480,rgb8
2208,images/002208.jpg,1774267580.844880342,1774267580.835816622,0.009063721,0.405000000,0.000000000,1774267580.839073420,0.005806923,0.403460758,0.017687617,640,480,rgb8
2209,images/002209.jpg,1774267580.878237009,1774267580.875817299,0.002419710,0.000000000,0.810000000,1774267580.859057188,0.019179821,0.405488691,0.016848661,640,480,rgb8
2210,images/002210.jpg,1774267580.911593437,1774267580.895818472,0.015774965,0.000000000,0.810000000,1774267580.899087667,0.012505770,0.408191417,0.014962424,640,480,rgb8
2211,images/002211.jpg,1774267580.944949865,1774267580.935818434,0.009131432,0.000000000,0.810000000,1774267580.939067125,0.005882740,0.382270365,0.037631137,640,480,rgb8
2212,images/002212.jpg,1774267580.978306532,1774267580.975823402,0.002483130,0.000000000,0.810000000,1774267580.959074020,0.019232512,0.383268277,0.037631137,640,480,rgb8
2213,images/002213.jpg,1774267581.011663198,1774267580.995822906,0.015840292,0.000000000,0.810000000,1774267580.999076605,0.012586594,0.305873917,0.243283809,640,480,rgb8
2214,images/002214.jpg,1774267581.045019865,1774267581.035868168,0.009151697,0.000000000,0.810000000,1774267581.039176226,0.005843639,0.286681605,0.445693198,640,480,rgb8
2215,images/002215.jpg,1774267581.078376293,1774267581.075823784,0.002552509,0.000000000,0.810000000,1774267581.059093237,0.019283056,0.286477313,0.480192473,640,480,rgb8
2216,images/002216.jpg,1774267581.145089388,1774267581.135836840,0.009252548,0.000000000,0.000000000,1774267581.139034986,0.006054401,0.103067078,0.633602314,640,480,rgb8
2217,images/002217.jpg,1774267581.178446054,1774267581.175836802,0.002609253,0.397286520,0.000000000,1774267581.159053564,0.019392490,0.100677091,0.586272244,640,480,rgb8
2218,images/002218.jpg,1774267581.211802483,1774267581.195819139,0.015983343,0.405000000,0.000000000,1774267581.199035406,0.012767076,0.019481432,0.383823461,640,480,rgb8
2219,images/002219.jpg,1774267581.245159149,1774267581.235819817,0.009339333,0.405000000,0.000000000,1774267581.239054680,0.006104469,0.024426193,0.058681655,640,480,rgb8
2220,images/002220.jpg,1774267581.278515577,1774267581.275821447,0.002694130,0.405000000,0.000000000,1774267581.259059906,0.019455671,0.021254895,0.058681655,640,480,rgb8
2221,images/002221.jpg,1774267581.311872244,1774267581.295830488,0.016041756,0.405000000,0.000000000,1774267581.299063683,0.012808561,0.026210807,0.074974350,640,480,rgb8
2222,images/002222.jpg,1774267581.345228910,1774267581.335819244,0.009409666,0.405000000,0.000000000,1774267581.339044333,0.006184578,0.078975088,0.016718337,640,480,rgb8
2223,images/002223.jpg,1774267581.378585339,1774267581.375814676,0.002770662,0.405000000,0.000000000,1774267581.359043837,0.019541502,0.076659529,0.012388178,640,480,rgb8
2224,images/002224.jpg,1774267581.411942244,1774267581.395831347,0.016110897,0.405000000,0.000000000,1774267581.399039745,0.012902498,0.161978871,0.009139250,640,480,rgb8
2225,images/002225.jpg,1774267581.445298910,1774267581.435817242,0.009481668,0.005157300,0.000000000,1774267581.439028502,0.006270409,0.242663712,-0.001238449,640,480,rgb8
2226,images/002226.jpg,1774267581.478655338,1774267581.475832701,0.002822638,0.000000000,0.000000000,1774267581.459047079,0.019608259,0.341436186,0.019967979,640,480,rgb8
2227,images/002227.jpg,1774267581.512012005,1774267581.495818615,0.016193390,0.000000000,0.000000000,1774267581.499055624,0.012956381,0.343401223,0.053740703,640,480,rgb8
2228,images/002228.jpg,1774267581.545368671,1774267581.535826445,0.009542227,0.000000000,0.000000000,1774267581.539041758,0.006326914,0.399324132,0.029594222,640,480,rgb8
2229,images/002229.jpg,1774267581.578725338,1774267581.575825453,0.002899885,0.000000000,0.000000000,1774267581.559060335,0.019665003,0.400961181,0.019064671,640,480,rgb8
2230,images/002230.jpg,1774267581.612082005,1774267581.595819235,0.016262770,0.000000000,0.000000000,1774267581.599066973,0.013015032,0.348974794,0.010414076,640,480,rgb8
2231,images/002231.jpg,1774267581.645438433,1774267581.635829687,0.009608746,0.000000000,0.000000000,1774267581.639076710,0.006361723,0.268596643,0.007774315,640,480,rgb8
2232,images/002232.jpg,1774267581.678795099,1774267581.675822973,0.002972126,0.399603980,0.000000000,1774267581.659084082,0.019711018,0.268557664,0.023931282,640,480,rgb8
2233,images/002233.jpg,1774267581.712151766,1774267581.695842266,0.016309500,0.405000000,0.000000000,1774267581.699057102,0.013094664,0.170362838,0.020720799,640,480,rgb8
2234,images/002234.jpg,1774267581.745508432,1774267581.735829830,0.009678602,0.405000000,0.000000000,1774267581.739049911,0.006458521,0.051266903,-0.003529370,640,480,rgb8
2235,images/002235.jpg,1774267581.778865576,1774267581.775832176,0.003033400,0.405000000,0.000000000,1774267581.759031534,0.019834042,0.048640293,-0.001680255,640,480,rgb8
2236,images/002236.jpg,1774267581.812228203,1774267581.795836449,0.016391754,0.405000000,0.000000000,1774267581.799049854,0.013178349,0.074816066,0.009900681,640,480,rgb8
2237,images/002237.jpg,1774267581.845591068,1774267581.835834265,0.009756804,0.405000000,0.000000000,1774267581.839071989,0.006519079,0.070343787,0.010531361,640,480,rgb8
2238,images/002238.jpg,1774267581.878954172,1774267581.875829935,0.003124237,0.405000000,0.000000000,1774267581.859115362,0.019838810,0.097931823,0.009570542,640,480,rgb8
2239,images/002239.jpg,1774267581.912269354,1774267581.895830393,0.016438961,0.405000000,0.000000000,1774267581.899047375,0.013221979,0.170334527,0.001431714,640,480,rgb8
2240,images/002240.jpg,1774267581.945584059,1774267581.935829639,0.009754419,0.405000000,0.000000000,1774267581.939047575,0.006536484,0.263441419,-0.018420114,640,480,rgb8
2241,images/002241.jpg,1774267581.978898287,1774267581.975817442,0.003080845,0.405000000,0.000000000,1774267581.959042311,0.019855976,0.263653119,-0.009443355,640,480,rgb8
2242,images/002242.jpg,1774267582.012212276,1774267581.995823622,0.016388655,0.405000000,0.000000000,1774267581.999053955,0.013158321,0.371851818,-0.000893108,640,480,rgb8
2243,images/002243.jpg,1774267582.045525312,1774267582.035826683,0.009698629,0.405000000,0.000000000,1774267582.039061785,0.006463528,0.447743703,0.011990504,640,480,rgb8
2244,images/002244.jpg,1774267582.078838110,1774267582.075832367,0.003005743,0.405000000,0.000000000,1774267582.059060335,0.019777775,0.429950465,0.025022620,640,480,rgb8
2245,images/002245.jpg,1774267582.112150669,1774267582.095855236,0.016295433,0.405000000,0.000000000,1774267582.099052429,0.013098240,0.434263957,0.024282204,640,480,rgb8
2246,images/002246.jpg,1774267582.145462513,1774267582.135802031,0.009660482,0.405000000,0.000000000,1774267582.139086246,0.006376266,0.417294812,0.003604388,640,480,rgb8
2247,images/002247.jpg,1774267582.178773880,1774267582.175821304,0.002952576,0.405000000,0.000000000,1774267582.159094572,0.019679308,0.350752121,0.005942134,640,480,rgb8
2248,images/002248.jpg,1774267582.278705359,1774267582.275833130,0.002872229,0.405000000,0.000000000,1774267582.259042263,0.019663095,0.348384018,0.000714277,640,480,rgb8
2249,images/002249.jpg,1774267582.312014818,1774267582.295814753,0.016200066,0.405000000,0.000000000,1774267582.299016476,0.012998343,0.395877020,-0.003992906,640,480,rgb8
2250,images/002250.jpg,1774267582.345324039,1774267582.335817575,0.009506464,0.005237940,0.499702575,1774267582.339039564,0.006284475,0.401541744,0.004484162,640,480,rgb8
2251,images/002251.jpg,1774267582.378632545,1774267582.375835896,0.002796650,0.000000000,0.810000000,1774267582.359220743,0.019411802,0.403099438,0.008530148,640,480,rgb8
2252,images/002252.jpg,1774267582.411940575,1774267582.395829678,0.016110897,0.000000000,0.810000000,1774267582.399059296,0.012881279,0.407334627,0.004884499,640,480,rgb8
2253,images/002253.jpg,1774267582.445248365,1774267582.435828924,0.009419441,0.000000000,0.810000000,1774267582.439065933,0.006182432,0.391964795,0.057347470,640,480,rgb8
2254,images/002254.jpg,1774267582.478555441,1774267582.475839138,0.002716303,0.400168460,0.309789425,1774267582.459097624,0.019457817,0.384756502,0.174582679,640,480,rgb8
2255,images/002255.jpg,1774267582.511862278,1774267582.495839119,0.016023159,0.405000000,0.000000000,1774267582.499081373,0.012780905,0.340288260,0.359497140,640,480,rgb8
2256,images/002256.jpg,1774267582.545168400,1774267582.535786629,0.009381771,0.405000000,0.000000000,1774267582.539023399,0.006145000,0.341607973,0.471045050,640,480,rgb8
2257,images/002257.jpg,1774267582.578474045,1774267582.575814486,0.002659559,0.405000000,0.000000000,1774267582.559017181,0.019456863,0.255766380,0.508545568,640,480,rgb8
2258,images/002258.jpg,1774267582.611779451,1774267582.595819473,0.015959978,0.405000000,0.000000000,1774267582.599031448,0.012748003,0.165665854,0.489055262,640,480,rgb8
2259,images/002259.jpg,1774267582.645084143,1774267582.635815382,0.009268761,0.405000000,0.000000000,1774267582.639028311,0.006055832,0.157834022,0.373018247,640,480,rgb8
2260,images/002260.jpg,1774267582.678388596,1774267582.675815821,0.002572775,0.405000000,0.000000000,1774267582.659049988,0.019338608,0.154608223,0.309894151,640,480,rgb8
2261,images/002261.jpg,1774267582.711692572,1774267582.695819378,0.015873194,0.405000000,0.000000000,1774267582.699040413,0.012652159,0.151504489,0.135530061,640,480,rgb8
2262,images/002262.jpg,1774267582.744995832,1774267582.735835314,0.009160519,0.000000000,0.000000000,1774267582.739042997,0.005952835,0.259548919,0.057477711,640,480,rgb8
2263,images/002263.jpg,1774267582.778298855,1774267582.775833368,0.002465487,0.000000000,0.000000000,1774267582.759070158,0.019228697,0.333554689,0.038810111,640,480,rgb8
2264,images/002264.jpg,1774267582.811601400,1774267582.795827866,0.015773535,0.000000000,0.000000000,1774267582.799055576,0.012545824,0.355011428,0.053976479,640,480,rgb8
2265,images/002265.jpg,1774267582.844903231,1774267582.835823298,0.009079933,0.000000000,0.000000000,1774267582.839057207,0.005846024,0.352432817,0.059763416,640,480,rgb8
2266,images/002266.jpg,1774267582.878206253,1774267582.875842094,0.002364159,0.000000000,0.000000000,1774267582.859105825,0.019100428,0.353317218,0.060875951,640,480,rgb8
2267,images/002267.jpg,1774267582.911561966,1774267582.895828962,0.015733004,0.000000000,0.000000000,1774267582.899049759,0.012512207,0.311431287,0.028301800,640,480,rgb8
2268,images/002268.jpg,1774267582.944917679,1774267582.935832739,0.009084940,0.000000000,0.000000000,1774267582.939044714,0.005872965,0.180501144,-0.003979220,640,480,rgb8
2269,images/002269.jpg,1774267583.044984102,1774267583.035819054,0.009165049,0.405000000,0.000000000,1774267583.039053917,0.005930185,0.041130326,0.009898963,640,480,rgb8
2270,images/002270.jpg,1774267583.078339577,1774267583.075809717,0.002529860,0.405000000,0.000000000,1774267583.059032679,0.019306898,0.038290710,0.001539865,640,480,rgb8
2271,images/002271.jpg,1774267583.111695051,1774267583.095821381,0.015873671,0.405000000,0.000000000,1774267583.099052429,0.012642622,0.036755022,0.017761639,640,480,rgb8
2272,images/002272.jpg,1774267583.145050287,1774267583.135821581,0.009228706,0.405000000,0.000000000,1774267583.139063358,0.005986929,0.033548369,0.015026382,640,480,rgb8
2273,images/002273.jpg,1774267583.178405523,1774267583.175827503,0.002578020,0.405000000,0.000000000,1774267583.159071445,0.019334078,0.030783125,0.016486862,640,480,rgb8
2274,images/002274.jpg,1774267583.211760759,1774267583.195832253,0.015928507,0.405000000,0.000000000,1774267583.199062109,0.012698650,0.169725969,0.008380722,640,480,rgb8
2275,images/002275.jpg,1774267583.245115995,1774267583.235790253,0.009325743,0.405000000,0.000000000,1774267583.239061832,0.006054163,0.315349896,-0.005656903,640,480,rgb8
2276,images/002276.jpg,1774267583.278471231,1774267583.275815964,0.002655268,0.405000000,0.000000000,1774267583.258992672,0.019478559,0.316096077,-0.004218655,640,480,rgb8
2277,images/002277.jpg,1774267583.311826468,1774267583.295813084,0.016013384,0.405000000,0.000000000,1774267583.299028158,0.012798309,0.366854475,-0.004344458,640,480,rgb8
2278,images/002278.jpg,1774267583.345181465,1774267583.335786581,0.009394884,0.405000000,0.000000000,1774267583.339072943,0.006108522,0.393428113,0.000295328,640,480,rgb8
2279,images/002279.jpg,1774267583.378536463,1774267583.375825167,0.002711296,0.405000000,0.000000000,1774267583.359025955,0.019510508,0.395064387,0.012019380,640,480,rgb8
2280,images/002280.jpg,1774267583.411891699,1774267583.395814657,0.016077042,0.405000000,0.000000000,1774267583.399021626,0.012870073,0.404284161,0.039895250,640,480,rgb8
2281,images/002281.jpg,1774267583.445246220,1774267583.435815334,0.009430885,0.405000000,0.000000000,1774267583.439015627,0.006230593,0.407197620,0.003460278,640,480,rgb8
2282,images/002282.jpg,1774267583.478601217,1774267583.475811481,0.002789736,0.405000000,0.000000000,1774267583.459027290,0.019573927,0.408903995,0.006251566,640,480,rgb8
2283,images/002283.jpg,1774267583.511956215,1774267583.495817423,0.016138792,0.405000000,0.000000000,1774267583.499064207,0.012892008,0.407715649,0.030609936,640,480,rgb8
2284,images/002284.jpg,1774267583.545311213,1774267583.535819530,0.009491682,0.405000000,0.000000000,1774267583.539037704,0.006273508,0.391617316,0.030097642,640,480,rgb8
2285,images/002285.jpg,1774267583.578665972,1774267583.575815678,0.002850294,0.405000000,0.000000000,1774267583.559031248,0.019634724,0.393039697,0.019132523,640,480,rgb8
2286,images/002286.jpg,1774267583.612020731,1774267583.595808506,0.016212225,0.405000000,0.000000000,1774267583.599023819,0.012996912,0.400507164,-0.001865189,640,480,rgb8
2287,images/002287.jpg,1774267583.645375490,1774267583.635779619,0.009595871,0.405000000,0.000000000,1774267583.639052868,0.006322622,0.405616923,-0.005448590,640,480,rgb8
2288,images/002288.jpg,1774267583.678730249,1774267583.675807714,0.002922535,0.405000000,0.000000000,1774267583.659040451,0.019689798,0.407121408,-0.003671065,640,480,rgb8
2289,images/002289.jpg,1774267583.712085009,1774267583.695808649,0.016276360,0.405000000,0.000000000,1774267583.699036360,0.013048649,0.408323987,-0.001018281,640,480,rgb8
2290,images/002290.jpg,1774267583.745439529,1774267583.735811472,0.009628057,0.405000000,0.000000000,1774267583.739024162,0.006415367,0.408893406,0.006481723,640,480,rgb8
2291,images/002291.jpg,1774267583.778794289,1774267583.775813580,0.002980709,0.405000000,0.000000000,1774267583.759037495,0.019756794,0.409010616,0.015616322,640,480,rgb8
2292,images/002292.jpg,1774267583.812148571,1774267583.795819521,0.016329050,0.405000000,0.000000000,1774267583.799050570,0.013098001,0.411888570,0.030948876,640,480,rgb8
2293,images/002293.jpg,1774267583.845503092,1774267583.835823536,0.009679556,0.405000000,0.000000000,1774267583.839063644,0.006439447,0.411871591,0.031046943,640,480,rgb8
2294,images/002294.jpg,1774267583.878857613,1774267583.875772238,0.003085375,0.405000000,0.000000000,1774267583.859062910,0.019794703,0.405258075,0.027787659,640,480,rgb8
2295,images/002295.jpg,1774267583.912212133,1774267583.895814657,0.016397476,0.405000000,0.000000000,1774267583.899085999,0.013126135,0.406021089,0.023135289,640,480,rgb8
2296,images/002296.jpg,1774267583.945566654,1774267583.935826540,0.009740114,0.405000000,0.000000000,1774267583.939062834,0.006503820,0.406772555,0.019982563,640,480,rgb8
2297,images/002297.jpg,1774267583.978921890,1774267583.975798368,0.003123522,0.405000000,0.000000000,1774267583.959067345,0.019854546,0.408034379,0.019213944,640,480,rgb8
2298,images/002298.jpg,1774267584.012277126,1774267583.995819092,0.016458035,0.405000000,0.000000000,1774267583.999079227,0.013197899,0.406921098,0.017686399,640,480,rgb8
2299,images/002299.jpg,1774267584.045632362,1774267584.035837889,0.009794474,0.405000000,0.000000000,1774267584.039056778,0.006575584,0.405918268,0.011775386,640,480,rgb8
2300,images/002300.jpg,1774267584.145713806,1774267584.135822296,0.009891510,0.405000000,0.000000000,1774267584.139070749,0.006643057,0.407213753,0.018275294,640,480,rgb8
2301,images/002301.jpg,1774267584.179074764,1774267584.175803661,0.003271103,0.405000000,0.000000000,1774267584.179035664,0.000039101,0.342026282,0.011643179,640,480,rgb8
2302,images/002302.jpg,1774267584.212435484,1774267584.195819139,0.016616344,0.405000000,0.000000000,1774267584.199040890,0.013394594,0.342327049,0.010672562,640,480,rgb8
2303,images/002303.jpg,1774267584.245796442,1774267584.235834837,0.009961605,0.405000000,0.000000000,1774267584.239030600,0.006765842,0.391494944,0.005423184,640,480,rgb8
2304,images/002304.jpg,1774267584.279157400,1774267584.275825500,0.003331900,0.405000000,0.000000000,1774267584.279050827,0.000106573,0.423498986,0.002173333,640,480,rgb8
2305,images/002305.jpg,1774267584.312518597,1774267584.295836210,0.016682386,0.405000000,0.000000000,1774267584.299044371,0.013474226,0.414888252,0.004219132,640,480,rgb8
2306,images/002306.jpg,1774267584.345879793,1774267584.335953951,0.009925842,0.405000000,0.000000000,1774267584.339044333,0.006835461,0.417150710,0.007031961,640,480,rgb8
2307,images/002307.jpg,1774267584.379241467,1774267584.375831604,0.003409863,0.405000000,0.000000000,1774267584.378982782,0.000258684,0.410438010,0.009797068,640,480,rgb8
2308,images/002308.jpg,1774267584.445964575,1774267584.435829639,0.010134935,0.405000000,0.000000000,1774267584.439001083,0.006963491,0.408675469,0.005615968,640,480,rgb8
2309,images/002309.jpg,1774267584.479326248,1774267584.475812435,0.003513813,0.405000000,0.000000000,1774267584.479047060,0.000279188,0.375660664,0.001724836,640,480,rgb8
2310,images/002310.jpg,1774267584.512688160,1774267584.495814323,0.016873837,0.405000000,0.000000000,1774267584.499010086,0.013678074,0.376205094,-0.000259366,640,480,rgb8
2311,images/002311.jpg,1774267584.546050072,1774267584.535816193,0.010233879,0.405000000,0.000000000,1774267584.539015532,0.007034540,0.400969881,0.004797258,640,480,rgb8
2312,images/002312.jpg,1774267584.579412222,1774267584.575815916,0.003596306,0.405000000,0.000000000,1774267584.579026937,0.000385284,0.457733163,0.003430358,640,480,rgb8
2313,images/002313.jpg,1774267584.612774372,1774267584.595813513,0.016960859,0.405000000,0.000000000,1774267584.599031448,0.013742924,0.432649588,0.005804192,640,480,rgb8
2314,images/002314.jpg,1774267584.646136761,1774267584.635827065,0.010309696,0.405000000,0.000000000,1774267584.639041424,0.007095337,0.435014333,0.009277014,640,480,rgb8
2315,images/002315.jpg,1774267584.679498911,1774267584.675816059,0.003682852,0.405000000,0.000000000,1774267584.679049969,0.000448942,0.413775504,0.013460939,640,480,rgb8
2316,images/002316.jpg,1774267584.712861538,1774267584.695833206,0.017028332,0.405000000,0.000000000,1774267584.699006796,0.013854742,0.407194410,0.016624311,640,480,rgb8
2317,images/002317.jpg,1774267584.746224403,1774267584.735824108,0.010400295,0.405000000,0.000000000,1774267584.738998413,0.007225990,0.408349654,0.017008915,640,480,rgb8
2318,images/002318.jpg,1774267584.779587030,1774267584.775822878,0.003764153,0.405000000,0.000000000,1774267584.779028893,0.000558138,0.409215791,0.013985727,640,480,rgb8
2319,images/002319.jpg,1774267584.812949896,1774267584.795832396,0.017117500,0.405000000,0.000000000,1774267584.799030304,0.013919592,0.410008748,0.014887118,640,480,rgb8
2320,images/002320.jpg,1774267584.846312761,1774267584.835815907,0.010496855,0.405000000,0.000000000,1774267584.839026690,0.007286072,0.406881321,0.016040557,640,480,rgb8
2321,images/002321.jpg,1774267584.879676104,1774267584.875832319,0.003843784,0.405000000,0.000000000,1774267584.879029274,0.000646830,0.405298476,0.012221764,640,480,rgb8
2322,images/002322.jpg,1774267584.913038969,1774267584.895835161,0.017203808,0.405000000,0.000000000,1774267584.899052382,0.013986588,0.405998773,0.009656652,640,480,rgb8
2323,images/002323.jpg,1774267584.946402311,1774267584.935792685,0.010609627,0.405000000,0.000000000,1774267584.939051151,0.007351160,0.406851632,0.011588996,640,480,rgb8
2324,images/002324.jpg,1774267584.979765892,1774267584.975841761,0.003924131,0.405000000,0.000000000,1774267584.979058504,0.000707388,0.407147688,0.016103304,640,480,rgb8
2325,images/002325.jpg,1774267585.013129473,1774267584.995834112,0.017295361,0.405000000,0.000000000,1774267584.999096632,0.014032841,0.407828529,0.018758720,640,480,rgb8
2326,images/002326.jpg,1774267585.046492815,1774267585.035827160,0.010665655,0.405000000,0.000000000,1774267585.039047718,0.007445097,0.408120981,0.023428105,640,480,rgb8
2327,images/002327.jpg,1774267585.079849958,1774267585.075783730,0.004066229,0.405000000,0.000000000,1774267585.079064369,0.000785589,0.410049534,0.019149666,640,480,rgb8
2328,images/002328.jpg,1774267585.113206863,1774267585.095849752,0.017357111,0.405000000,0.000000000,1774267585.099050283,0.014156580,0.410330106,0.016039883,640,480,rgb8
2329,images/002329.jpg,1774267585.146563768,1774267585.135840893,0.010722876,0.405000000,0.000000000,1774267585.139067411,0.007496357,0.411668942,0.009346427,640,480,rgb8
2330,images/002330.jpg,1774267585.179920673,1774267585.175822020,0.004098654,0.405000000,0.000000000,1774267585.179087877,0.000832796,0.409094577,0.004042255,640,480,rgb8
2331,images/002331.jpg,1774267585.213279963,1774267585.195828438,0.017451525,0.405000000,0.000000000,1774267585.199244738,0.014035225,0.408753821,0.000594013,640,480,rgb8
2332,images/002332.jpg,1774267585.246639490,1774267585.235826015,0.010813475,0.405000000,0.000000000,1774267585.239054441,0.007585049,0.409868394,-0.005058617,640,480,rgb8
2333,images/002333.jpg,1774267585.279998541,1774267585.275810480,0.004188061,0.405000000,0.000000000,1774267585.279035091,0.000963449,0.410196883,0.019122307,640,480,rgb8
2334,images/002334.jpg,1774267585.313357830,1774267585.295815468,0.017542362,0.405000000,0.000000000,1774267585.299085855,0.014271975,0.410796889,0.023467430,640,480,rgb8
2335,images/002335.jpg,1774267585.346717119,1774267585.335819244,0.010897875,0.405000000,0.000000000,1774267585.339024067,0.007693052,0.409392616,0.033656702,640,480,rgb8
2336,images/002336.jpg,1774267585.380076408,1774267585.375840664,0.004235744,0.405000000,0.000000000,1774267585.379036188,0.001040220,0.407647602,0.033411642,640,480,rgb8
2337,images/002337.jpg,1774267585.413435459,1774267585.395832062,0.017603397,0.405000000,0.000000000,1774267585.399046183,0.014389277,0.408180205,0.028027037,640,480,rgb8
2338,images/002338.jpg,1774267585.446794987,1774267585.435831785,0.010963202,0.405000000,0.000000000,1774267585.439060926,0.007734060,0.382686324,0.017696494,640,480,rgb8
2339,images/002339.jpg,1774267585.480154037,1774267585.475819826,0.004334211,0.405000000,0.000000000,1774267585.479038239,0.001115799,0.383108587,0.000410247,640,480,rgb8
2340,images/002340.jpg,1774267585.513513088,1774267585.495821238,0.017691851,0.405000000,0.000000000,1774267585.499030590,0.014482498,0.399277408,0.000460448,640,480,rgb8
2341,images/002341.jpg,1774267585.546872377,1774267585.535822153,0.011050224,0.405000000,0.000000000,1774267585.539016962,0.007855415,0.406976180,0.002363397,640,480,rgb8
2342,images/002342.jpg,1774267585.580231428,1774267585.575823545,0.004407883,0.405000000,0.000000000,1774267585.579023838,0.001207590,0.409910432,0.014024952,640,480,rgb8
2343,images/002343.jpg,1774267585.613590479,1774267585.595829725,0.017760754,0.405000000,0.000000000,1774267585.599022388,0.014568090,0.410424032,0.009387559,640,480,rgb8
2344,images/002344.jpg,1774267585.646949768,1774267585.635848999,0.011100769,0.405000000,0.000000000,1774267585.639069796,0.007879972,0.411107165,0.009441318,640,480,rgb8
2345,images/002345.jpg,1774267585.680308580,1774267585.675826073,0.004482508,0.405000000,0.000000000,1774267585.679027557,0.001281023,0.409727761,0.010507304,640,480,rgb8
2346,images/002346.jpg,1774267585.713667631,1774267585.695868492,0.017799139,0.405000000,0.000000000,1774267585.699052334,0.014615297,0.409154231,0.008974770,640,480,rgb8
2347,images/002347.jpg,1774267585.747026682,1774267585.735835552,0.011191130,0.405000000,0.000000000,1774267585.739056587,0.007970095,0.410088191,0.006154847,640,480,rgb8
2348,images/002348.jpg,1774267585.780385733,1774267585.775812864,0.004572868,0.405000000,0.000000000,1774267585.779081583,0.001304150,0.408266005,0.007827988,640,480,rgb8
2349,images/002349.jpg,1774267585.813744545,1774267585.795814991,0.017929554,0.405000000,0.000000000,1774267585.799013376,0.014731169,0.406124974,-0.000951747,640,480,rgb8
2350,images/002350.jpg,1774267585.847103834,1774267585.835819960,0.011283875,0.405000000,0.000000000,1774267585.839036942,0.008066893,0.405119698,0.000687321,640,480,rgb8
2351,images/002351.jpg,1774267585.880462646,1774267585.875815153,0.004647493,0.405000000,0.000000000,1774267585.879021406,0.001441240,0.405314886,0.006887473,640,480,rgb8
2352,images/002352.jpg,1774267585.913821459,1774267585.895818233,0.018003225,0.405000000,0.000000000,1774267585.899050474,0.014770985,0.405688718,0.007294156,640,480,rgb8
2353,images/002353.jpg,1774267585.947180510,1774267585.935840607,0.011339903,0.405000000,0.000000000,1774267585.939037323,0.008143187,0.405212273,0.005351786,640,480,rgb8
2354,images/002354.jpg,1774267585.980539322,1774267585.975834370,0.004704952,0.405000000,0.000000000,1774267585.979057550,0.001481771,0.405686029,0.002497622,640,480,rgb8
2355,images/002355.jpg,1774267586.013898134,1774267585.995834112,0.018064022,0.405000000,0.000000000,1774267585.999061823,0.014836311,0.406041492,0.000903834,640,480,rgb8
2356,images/002356.jpg,1774267586.047257185,1774267586.035827398,0.011429787,0.405000000,0.000000000,1774267586.039065123,0.008192062,0.407480278,-0.000914565,640,480,rgb8
2357,images/002357.jpg,1774267586.080615997,1774267586.075832367,0.004783630,0.405000000,0.000000000,1774267586.079060078,0.001555920,0.406840198,0.005776398,640,480,rgb8
2358,images/002358.jpg,1774267586.113974810,1774267586.095825911,0.018148899,0.405000000,0.000000000,1774267586.099067688,0.014907122,0.406038479,0.009596882,640,480,rgb8
2359,images/002359.jpg,1774267586.147333384,1774267586.135821581,0.011511803,0.405000000,0.000000000,1774267586.139089584,0.008243799,0.405853939,0.017970898,640,480,rgb8
2360,images/002360.jpg,1774267586.180692196,1774267586.175818682,0.004873514,0.405000000,0.000000000,1774267586.179045916,0.001646280,0.405533318,0.012977493,640,480,rgb8
2361,images/002361.jpg,1774267586.214048862,1774267586.195819139,0.018229723,0.405000000,0.000000000,1774267586.199044943,0.015003920,0.405844832,0.013501963,640,480,rgb8
2362,images/002362.jpg,1774267586.247405529,1774267586.235823631,0.011581898,0.405000000,0.000000000,1774267586.239047050,0.008358479,0.405431550,0.018112151,640,480,rgb8
2363,images/002363.jpg,1774267586.314098597,1774267586.295820951,0.018277645,0.405000000,0.000000000,1774267586.299080133,0.015018463,0.407077353,0.014131711,640,480,rgb8
2364,images/002364.jpg,1774267586.347445011,1774267586.335815668,0.011629343,0.405000000,0.000000000,1774267586.339062214,0.008382797,0.407693548,-0.000247691,640,480,rgb8
2365,images/002365.jpg,1774267586.380791426,1774267586.375820875,0.004970551,0.405000000,0.000000000,1774267586.379037619,0.001753807,0.406670601,0.000963599,640,480,rgb8
2366,images/002366.jpg,1774267586.414137602,1774267586.395827293,0.018310308,0.405000000,0.000000000,1774267586.399054527,0.015083075,0.405857146,0.007360415,640,480,rgb8
2367,images/002367.jpg,1774267586.447483778,1774267586.435833693,0.011650085,0.405000000,0.000000000,1774267586.439085245,0.008398533,0.405649804,0.006696143,640,480,rgb8
2368,images/002368.jpg,1774267586.480830193,1774267586.475838661,0.004991531,0.405000000,0.000000000,1774267586.479034185,0.001796007,0.405580601,0.005515756,640,480,rgb8
2369,images/002369.jpg,1774267586.514176130,1774267586.495842457,0.018333673,0.405000000,0.000000000,1774267586.499038935,0.015137196,0.405839222,0.010592863,640,480,rgb8
2370,images/002370.jpg,1774267586.547521830,1774267586.535813093,0.011708736,0.405000000,0.000000000,1774267586.539048195,0.008473635,0.405546430,0.020182768,640,480,rgb8
2371,images/002371.jpg,1774267586.647558928,1774267586.635821104,0.011737823,0.405000000,0.000000000,1774267586.639042616,0.008516312,0.407420775,0.014292228,640,480,rgb8
2372,images/002372.jpg,1774267586.680904627,1774267586.675815582,0.005089045,0.405000000,0.000000000,1774267586.679019928,0.001884699,0.406538694,0.004439736,640,480,rgb8
2373,images/002373.jpg,1774267586.714250088,1774267586.695817947,0.018432140,0.405000000,0.000000000,1774267586.699037075,0.015213013,0.406097916,-0.003122110,640,480,rgb8
2374,images/002374.jpg,1774267586.747595310,1774267586.735820055,0.011775255,0.405000000,0.000000000,1774267586.739041090,0.008554220,0.406014286,-0.007803976,640,480,rgb8
2375,images/002375.jpg,1774267586.780940533,1774267586.775816202,0.005124331,0.405000000,0.000000000,1774267586.779014349,0.001926184,0.407924118,-0.010537514,640,480,rgb8
2376,images/002376.jpg,1774267586.814285755,1774267586.795834064,0.018451691,0.405000000,0.000000000,1774267586.799019337,0.015266418,0.408166623,-0.000832941,640,480,rgb8
2377,images/002377.jpg,1774267586.847630501,1774267586.835822582,0.011807919,0.405000000,0.000000000,1774267586.839064598,0.008565903,0.407667991,0.007395125,640,480,rgb8
2378,images/002378.jpg,1774267586.880975485,1774267586.875814199,0.005161285,0.405000000,0.000000000,1774267586.879028797,0.001946688,0.408558982,0.028314086,640,480,rgb8
2379,images/002379.jpg,1774267586.914320469,1774267586.895820856,0.018499613,0.405000000,0.000000000,1774267586.899033070,0.015287399,0.408794821,0.021887712,640,480,rgb8
2380,images/002380.jpg,1774267586.947665215,1774267586.935822964,0.011842251,0.405000000,0.000000000,1774267586.939056396,0.008608818,0.397162742,0.013874484,640,480,rgb8
2381,images/002381.jpg,1774267586.981009960,1774267586.975849867,0.005160093,0.405000000,0.000000000,1774267586.979131699,0.001878262,0.397360319,0.006654428,640,480,rgb8
2382,images/002382.jpg,1774267587.014354467,1774267586.995839596,0.018514872,0.405000000,0.000000000,1774267586.999046803,0.015307665,0.403159722,0.003702550,640,480,rgb8
2383,images/002383.jpg,1774267587.047699213,1774267587.035826921,0.011872292,0.405000000,0.000000000,1774267587.039053202,0.008646011,0.405471381,-0.005887994,640,480,rgb8
2384,images/002384.jpg,1774267587.081043482,1774267587.075834990,0.005208492,0.405000000,0.000000000,1774267587.079069376,0.001974106,0.406445784,0.001738457,640,480,rgb8
2385,images/002385.jpg,1774267587.114387989,1774267587.095824718,0.018563271,0.405000000,0.000000000,1774267587.099076986,0.015311003,0.406645223,0.009091501,640,480,rgb8
2386,images/002386.jpg,1774267587.147732258,1774267587.135834932,0.011897326,0.405000000,0.000000000,1774267587.139081001,0.008651257,0.406027833,0.011552952,640,480,rgb8
2387,images/002387.jpg,1774267587.181076288,1774267587.175827026,0.005249262,0.405000000,0.000000000,1774267587.179053307,0.002022982,0.405894233,0.014042725,640,480,rgb8
2388,images/002388.jpg,1774267587.214420080,1774267587.195819378,0.018600702,0.405000000,0.000000000,1774267587.199077129,0.015342951,0.406075522,0.013231544,640,480,rgb8
2389,images/002389.jpg,1774267587.247764349,1774267587.235824347,0.011940002,0.405000000,0.000000000,1774267587.239057064,0.008707285,0.396109898,0.013769082,640,480,rgb8
2390,images/002390.jpg,1774267587.281119585,1774267587.275821209,0.005298376,0.405000000,0.000000000,1774267587.279025078,0.002094507,0.396237726,0.003845872,640,480,rgb8
2391,images/002391.jpg,1774267587.314475060,1774267587.295822859,0.018652201,0.405000000,0.000000000,1774267587.299082279,0.015392780,0.339472681,0.001242625,640,480,rgb8
2392,images/002392.jpg,1774267587.347830296,1774267587.335824966,0.012005329,0.405000000,0.000000000,1774267587.339076757,0.008753538,0.382210384,0.001755984,640,480,rgb8
2393,images/002393.jpg,1774267587.414558172,1774267587.395829201,0.018728971,0.405000000,0.000000000,1774267587.399027109,0.015531063,0.399904773,-0.000830786,640,480,rgb8
2394,images/002394.jpg,1774267587.447922230,1774267587.435822725,0.012099504,0.405000000,0.000000000,1774267587.439055920,0.008866310,0.407062864,0.000572501,640,480,rgb8
2395,images/002395.jpg,1774267587.481286049,1774267587.475821018,0.005465031,0.405000000,0.000000000,1774267587.479013205,0.002272844,0.409962851,0.007289693,640,480,rgb8
2396,images/002396.jpg,1774267587.514650345,1774267587.495831490,0.018818855,0.405000000,0.000000000,1774267587.499012232,0.015638113,0.409318929,0.000587471,640,480,rgb8
2397,images/002397.jpg,1774267587.548014402,1774267587.535820961,0.012193441,0.405000000,0.000000000,1774267587.539016008,0.008998394,0.346143552,-0.005327316,640,480,rgb8
2398,images/002398.jpg,1774267587.581378698,1774267587.575831890,0.005546808,0.405000000,0.000000000,1774267587.579053640,0.002325058,0.345020602,0.001674572,640,480,rgb8
2399,images/002399.jpg,1774267587.614742756,1774267587.595849276,0.018893480,0.405000000,0.000000000,1774267587.599045753,0.015697002,0.393937488,0.005729753,640,480,rgb8
2400,images/002400.jpg,1774267587.648107052,1774267587.635821342,0.012285709,0.405000000,0.000000000,1774267587.639057875,0.009049177,0.400934688,0.009028089,640,480,rgb8
2401,images/002401.jpg,1774267587.681471109,1774267587.675820351,0.005650759,0.405000000,0.000000000,1774267587.679013968,0.002457142,0.404774099,0.012129674,640,480,rgb8
2402,images/002402.jpg,1774267587.748199701,1774267587.735835791,0.012363911,0.405000000,0.000000000,1774267587.739019156,0.009180546,0.406866698,0.009369103,640,480,rgb8
2403,images/002403.jpg,1774267587.781563997,1774267587.775824308,0.005739689,0.405000000,0.000000000,1774267587.778978586,0.002585411,0.438298522,0.018500535,640,480,rgb8
2404,images/002404.jpg,1774267587.814928293,1774267587.795832157,0.019096136,0.405000000,0.000000000,1774267587.799032688,0.015895605,0.438856525,0.013775858,640,480,rgb8
2405,images/002405.jpg,1774267587.848292828,1774267587.835819721,0.012473106,0.405000000,0.000000000,1774267587.839047194,0.009245634,0.409066232,0.009097761,640,480,rgb8
2406,images/002406.jpg,1774267587.881656885,1774267587.875813007,0.005843878,0.405000000,0.000000000,1774267587.879046917,0.002609968,0.408453511,0.009697906,640,480,rgb8
2407,images/002407.jpg,1774267587.915021420,1774267587.895819664,0.019201756,0.405000000,0.000000000,1774267587.899097204,0.015924215,0.408625116,0.009697906,640,480,rgb8
2408,images/002408.jpg,1774267587.948385954,1774267587.935827732,0.012558222,0.405000000,0.000000000,1774267587.939088345,0.009297609,0.406588664,0.016715227,640,480,rgb8
2409,images/002409.jpg,1774267587.981750488,1774267587.975815058,0.005935431,0.405000000,0.000000000,1774267587.979057550,0.002692938,0.405759146,0.014837900,640,480,rgb8
2410,images/002410.jpg,1774267588.015115023,1774267587.995830059,0.019284964,0.405000000,0.000000000,1774267587.999106884,0.016008139,0.406897647,0.014579562,640,480,rgb8
2411,images/002411.jpg,1774267588.048479557,1774267588.035783529,0.012696028,0.405000000,0.000000000,1774267588.039048433,0.009431124,0.406568635,0.018537331,640,480,rgb8
2412,images/002412.jpg,1774267588.081844091,1774267588.075816393,0.006027699,0.405000000,0.000000000,1774267588.079049587,0.002794504,0.406836007,0.020362779,640,480,rgb8
2413,images/002413.jpg,1774267588.115208626,1774267588.095826864,0.019381762,0.405000000,0.000000000,1774267588.099065542,0.016143084,0.406528471,0.016648590,640,480,rgb8
2414,images/002414.jpg,1774267588.148573160,1774267588.135821104,0.012752056,0.405000000,0.000000000,1774267588.139062881,0.009510279,0.406736976,0.016546769,640,480,rgb8
2415,images/002415.jpg,1774267588.181937933,1774267588.175816774,0.006121159,0.405000000,0.000000000,1774267588.179051638,0.002886295,0.407825543,0.014762352,640,480,rgb8
2416,images/002416.jpg,1774267588.215302706,1774267588.195827484,0.019475222,0.405000000,0.000000000,1774267588.199038744,0.016263962,0.407963330,0.011756396,640,480,rgb8
2417,images/002417.jpg,1774267588.248667479,1774267588.235820055,0.012847424,0.405000000,0.000000000,1774267588.239053249,0.009614229,0.406344392,-0.004066381,640,480,rgb8
2418,images/002418.jpg,1774267588.282032251,1774267588.275829315,0.006202936,0.405000000,0.000000000,1774267588.279082060,0.002950191,0.406360971,-0.011289966,640,480,rgb8
2419,images/002419.jpg,1774267588.315397024,1774267588.295838594,0.019558430,0.405000000,0.000000000,1774267588.299070597,0.016326427,0.406288965,-0.011293283,640,480,rgb8
2420,images/002420.jpg,1774267588.348761797,1774267588.335838795,0.012923002,0.405000000,0.000000000,1774267588.339060545,0.009701252,0.406508664,0.005398830,640,480,rgb8
2421,images/002421.jpg,1774267588.382117510,1774267588.375835657,0.006281853,0.405000000,0.000000000,1774267588.379063129,0.003054380,0.449524696,0.021780884,640,480,rgb8
2422,images/002422.jpg,1774267588.415473223,1774267588.395839930,0.019633293,0.405000000,0.000000000,1774267588.399077177,0.016396046,0.411817401,0.024263229,640,480,rgb8
2423,images/002423.jpg,1774267588.448828936,1774267588.435842037,0.012986898,0.405000000,0.000000000,1774267588.440057278,0.008771658,0.408756381,0.021233370,640,480,rgb8
2424,images/002424.jpg,1774267588.515634298,1774267588.495827436,0.019806862,0.405000000,0.000000000,1774267588.499047518,0.016586781,0.407900384,0.012451027,640,480,rgb8
2425,images/002425.jpg,1774267588.549037457,1774267588.535819530,0.013217926,0.405000000,0.000000000,1774267588.539028168,0.010009289,0.406308309,0.011605285,640,480,rgb8
2426,images/002426.jpg,1774267588.582441092,1774267588.575820923,0.006620169,0.405000000,0.000000000,1774267588.579029799,0.003411293,0.405824187,0.003423409,640,480,rgb8
2427,images/002427.jpg,1774267588.615844965,1774267588.595841169,0.020003796,0.405000000,0.000000000,1774267588.599050522,0.016794443,0.405893877,0.000910006,640,480,rgb8
2428,images/002428.jpg,1774267588.649249315,1774267588.635920048,0.013329268,0.405000000,0.000000000,1774267588.639034986,0.010214329,0.407044072,0.001391702,640,480,rgb8
2429,images/002429.jpg,1774267588.682653904,1774267588.675838947,0.006814957,0.405000000,0.000000000,1774267588.679123163,0.003530741,0.407208247,0.002896192,640,480,rgb8
2430,images/002430.jpg,1774267588.716058731,1774267588.715822697,0.000236034,0.405000000,0.000000000,1774267588.699128628,0.016930103,0.406295968,0.003887514,640,480,rgb8
2431,images/002431.jpg,1774267588.749464035,1774267588.735849619,0.013614416,0.405000000,0.000000000,1774267588.739028692,0.010435343,0.406018288,-0.000220277,640,480,rgb8
2432,images/002432.jpg,1774267588.782869816,1774267588.775819778,0.007050037,0.405000000,0.000000000,1774267588.779023409,0.003846407,0.406809922,0.006149556,640,480,rgb8
2433,images/002433.jpg,1774267588.849682331,1774267588.835818291,0.013864040,0.405000000,0.000000000,1774267588.839014530,0.010667801,0.406179175,0.002949760,640,480,rgb8
2434,images/002434.jpg,1774267588.883088827,1774267588.875816822,0.007272005,0.405000000,0.000000000,1774267588.879036903,0.004051924,0.405527347,-0.001731740,640,480,rgb8
2435,images/002435.jpg,1774267588.916496038,1774267588.915822506,0.000673532,0.405000000,0.000000000,1774267588.899019718,0.017476320,0.405580456,-0.003452804,640,480,rgb8
2436,images/002436.jpg,1774267588.949903250,1774267588.935831070,0.014072180,0.405000000,0.000000000,1774267588.939028025,0.010875225,0.406489542,-0.002391602,640,480,rgb8
2437,images/002437.jpg,1774267588.983311176,1774267588.975815058,0.007496119,0.405000000,0.000000000,1774267588.979045391,0.004265785,0.406615537,0.007459443,640,480,rgb8
2438,images/002438.jpg,1774267589.016719341,1774267589.015821695,0.000897646,0.405000000,0.000000000,1774267588.999037981,0.017681360,0.405562005,0.007752169,640,480,rgb8
2439,images/002439.jpg,1774267589.050127745,1774267589.035838604,0.014289141,0.405000000,0.000000000,1774267589.039061785,0.011065960,0.405269045,0.006631694,640,480,rgb8
2440,images/002440.jpg,1774267589.083536625,1774267589.075794935,0.007741690,0.405000000,0.000000000,1774267589.079024553,0.004512072,0.406549440,-0.006715985,640,480,rgb8
2441,images/002441.jpg,1774267589.116945505,1774267589.115824938,0.001120567,0.405000000,0.000000000,1774267589.099040747,0.017904758,0.406608533,-0.005622619,640,480,rgb8
2442,images/002442.jpg,1774267589.150355339,1774267589.135815620,0.014539719,0.005180360,-0.499774550,1774267589.139038563,0.011316776,0.406262507,-0.000047529,640,480,rgb8
2443,images/002443.jpg,1774267589.183764935,1774267589.175816298,0.007948637,0.000000000,-0.810000000,1774267589.179027081,0.004737854,0.405644120,0.004949460,640,480,rgb8
2444,images/002444.jpg,1774267589.217175007,1774267589.215824604,0.001350403,0.000000000,-0.810000000,1774267589.199055910,0.018119097,0.393517400,0.002254182,640,480,rgb8
2445,images/002445.jpg,1774267589.250585794,1774267589.235835314,0.014750481,0.000000000,-0.810000000,1774267589.239067078,0.011518717,0.385797110,-0.045138410,640,480,rgb8
2446,images/002446.jpg,1774267589.283996582,1774267589.275828600,0.008167982,0.400055180,-0.309931025,1774267589.279152155,0.004844427,0.385398422,-0.208491968,640,480,rgb8
2447,images/002447.jpg,1774267589.317407608,1774267589.315816641,0.001590967,0.405000000,0.000000000,1774267589.299049139,0.018358469,0.337015402,-0.262807806,640,480,rgb8
2448,images/002448.jpg,1774267589.350819349,1774267589.335835934,0.014983416,0.405000000,0.000000000,1774267589.339027643,0.011791706,0.258675110,-0.379784836,640,480,rgb8
2449,images/002449.jpg,1774267589.384231091,1774267589.375832558,0.008398533,0.405000000,0.000000000,1774267589.379033089,0.005198002,0.192414611,-0.431114312,640,480,rgb8
2450,images/002450.jpg,1774267589.417643547,1774267589.415827274,0.001816273,0.405000000,0.000000000,1774267589.399057627,0.018585920,0.189929060,-0.415802682,640,480,rgb8
2451,images/002451.jpg,1774267589.451055050,1774267589.435833693,0.015221357,0.405000000,0.000000000,1774267589.439062595,0.011992455,0.167087024,-0.304283822,640,480,rgb8
2452,images/002452.jpg,1774267589.484415770,1774267589.475833654,0.008582115,0.405000000,0.000000000,1774267589.479040861,0.005374908,0.203957136,-0.226955856,640,480,rgb8
2453,images/002453.jpg,1774267589.517776728,1774267589.515826464,0.001950264,0.005166900,0.000000000,1774267589.499023438,0.018753290,0.260133010,-0.180535933,640,480,rgb8
2454,images/002454.jpg,1774267589.551137686,1774267589.535823345,0.015314341,0.000000000,0.000000000,1774267589.539049387,0.012088299,0.257211685,-0.107619839,640,480,rgb8
2455,images/002455.jpg,1774267589.617836475,1774267589.615830660,0.002005816,0.000000000,0.000000000,1774267589.599045753,0.018790722,0.346742453,-0.011280717,640,480,rgb8
2456,images/002456.jpg,1774267589.651185751,1774267589.635832071,0.015353680,0.000000000,0.000000000,1774267589.639038563,0.012147188,0.344077747,0.041221002,640,480,rgb8
2457,images/002457.jpg,1774267589.684535265,1774267589.675818920,0.008716345,0.000000000,0.000000000,1774267589.679013491,0.005521774,0.343375121,0.043423178,640,480,rgb8
2458,images/002458.jpg,1774267589.717884302,1774267589.715818644,0.002065659,0.000000000,0.000000000,1774267589.699021578,0.018862724,0.217488249,0.015228505,640,480,rgb8
2459,images/002459.jpg,1774267589.751233339,1774267589.735819578,0.015413761,0.000000000,0.000000000,1774267589.739031553,0.012201786,0.184854369,-0.030357167,640,480,rgb8
2460,images/002460.jpg,1774267589.784582376,1774267589.775813103,0.008769274,0.399788940,0.000000000,1774267589.778978348,0.005604029,0.166055634,0.024642798,640,480,rgb8
2461,images/002461.jpg,1774267589.817931175,1774267589.815806389,0.002124786,0.405000000,0.000000000,1774267589.799034357,0.018896818,0.163636427,0.024642798,640,480,rgb8
2462,images/002462.jpg,1774267589.851279974,1774267589.835773468,0.015506506,0.405000000,0.000000000,1774267589.839082956,0.012197018,0.051981464,-0.016582000,640,480,rgb8
2463,images/002463.jpg,1774267589.884628773,1774267589.875824690,0.008804083,0.405000000,0.000000000,1774267589.879052162,0.005576611,0.036841092,-0.013438617,640,480,rgb8
2464,images/002464.jpg,1774267589.951325893,1774267589.935825348,0.015500546,0.405000000,0.000000000,1774267589.939034224,0.012291670,0.093843044,-0.002503592,640,480,rgb8
2465,images/002465.jpg,1774267589.984674215,1774267589.975816250,0.008857965,0.405000000,0.000000000,1774267589.979019642,0.005654573,0.181791401,0.004502578,640,480,rgb8
2466,images/002466.jpg,1774267590.018022776,1774267590.015809059,0.002213717,0.405000000,0.000000000,1774267589.999025345,0.018997431,0.179986774,0.010812131,640,480,rgb8
2467,images/002467.jpg,1774267590.051371098,1774267590.035826683,0.015544415,0.405000000,0.000000000,1774267590.039026499,0.012344599,0.213992060,-0.006894031,640,480,rgb8
2468,images/002468.jpg,1774267590.084719181,1774267590.075834274,0.008884907,0.405000000,0.000000000,1774267590.079057455,0.005661726,0.293952802,-0.000330616,640,480,rgb8
2469,images/002469.jpg,1774267590.118067265,1774267590.115830183,0.002237082,0.405000000,0.000000000,1774267590.099063158,0.019004107,0.293593631,-0.001743284,640,480,rgb8
2470,images/002470.jpg,1774267590.151415586,1774267590.135847092,0.015568495,0.405000000,0.000000000,1774267590.139092445,0.012323141,0.371168167,-0.010666709,640,480,rgb8
2471,images/002471.jpg,1774267590.184763432,1774267590.175831079,0.008932352,0.405000000,0.000000000,1774267590.179065466,0.005697966,0.410670814,0.007245789,640,480,rgb8
2472,images/002472.jpg,1774267590.218111277,1774267590.215831041,0.002280235,0.405000000,0.000000000,1774267590.199055672,0.019055605,0.411708157,0.021210891,640,480,rgb8
2473,images/002473.jpg,1774267590.251459122,1774267590.235820532,0.015638590,0.405000000,0.000000000,1774267590.239038706,0.012420416,0.412984087,0.031021844,640,480,rgb8
2474,images/002474.jpg,1774267590.284806967,1774267590.275834322,0.008972645,0.405000000,0.000000000,1774267590.279042244,0.005764723,0.476601470,0.012727125,640,480,rgb8
2475,images/002475.jpg,1774267590.318154573,1774267590.315814257,0.002340317,0.405000000,0.000000000,1774267590.299062729,0.019091845,0.478381121,0.011113057,640,480,rgb8
2476,images/002476.jpg,1774267590.351502180,1774267590.335829735,0.015672445,0.405000000,0.000000000,1774267590.339049101,0.012453079,0.435540894,0.008599065,640,480,rgb8
2477,images/002477.jpg,1774267590.384849548,1774267590.375833273,0.009016275,0.405000000,0.000000000,1774267590.379047394,0.005802155,0.417864395,0.009650276,640,480,rgb8
2478,images/002478.jpg,1774267590.418196917,1774267590.415832996,0.002363920,0.405000000,0.000000000,1774267590.399032354,0.019164562,0.418842232,0.004215722,640,480,rgb8
2479,images/002479.jpg,1774267590.451544285,1774267590.435836077,0.015708208,0.405000000,0.000000000,1774267590.439079762,0.012464523,0.410074573,-0.001966236,640,480,rgb8
2480,images/002480.jpg,1774267590.484891415,1774267590.475836992,0.009054422,0.405000000,0.000000000,1774267590.479039669,0.005851746,0.404670949,0.012292264,640,480,rgb8
2481,images/002481.jpg,1774267590.518238544,1774267590.515839100,0.002399445,0.405000000,0.000000000,1774267590.499073267,0.019165277,0.405437013,0.015662030,640,480,rgb8
2482,images/002482.jpg,1774267590.551585913,1774267590.535841227,0.015744686,0.405000000,0.000000000,1774267590.539088249,0.012497663,0.407116693,0.010879541,640,480,rgb8
2483,images/002483.jpg,1774267590.584945440,1774267590.575838327,0.009107113,0.405000000,0.000000000,1774267590.579061985,0.005883455,0.471776996,-0.000043493,640,480,rgb8
2484,images/002484.jpg,1774267590.618305206,1774267590.615831375,0.002473831,0.405000000,0.000000000,1774267590.598997831,0.019307375,0.473306698,-0.005968813,640,480,rgb8
2485,images/002485.jpg,1774267590.651664734,1774267590.635848045,0.015816689,0.405000000,0.000000000,1774267590.639391661,0.012273073,0.432488503,-0.008909144,640,480,rgb8
2486,images/002486.jpg,1774267590.718351841,1774267590.715828657,0.002523184,0.405000000,0.000000000,1774267590.699543238,0.018808603,0.344774272,-0.005022480,640,480,rgb8
2487,images/002487.jpg,1774267590.751695156,1774267590.735832453,0.015862703,0.405000000,0.000000000,1774267590.739020824,0.012674332,0.401260116,-0.009614131,640,480,rgb8
2488,images/002488.jpg,1774267590.785038233,1774267590.775822163,0.009216070,0.405000000,0.000000000,1774267590.778962612,0.006075621,0.402465486,-0.005985139,640,480,rgb8
2489,images/002489.jpg,1774267590.818381310,1774267590.815813065,0.002568245,0.405000000,0.000000000,1774267590.799040318,0.019340992,0.403658344,-0.004535402,640,480,rgb8
2490,images/002490.jpg,1774267590.851724386,1774267590.835834742,0.015889645,0.405000000,0.000000000,1774267590.839042425,0.012681961,0.406087310,0.001726986,640,480,rgb8
2491,images/002491.jpg,1774267590.885067463,1774267590.875838757,0.009228706,0.405000000,0.000000000,1774267590.879060268,0.006007195,0.470951746,0.001039156,640,480,rgb8
2492,images/002492.jpg,1774267590.918410063,1774267590.915830612,0.002579451,0.405000000,0.000000000,1774267590.899087191,0.019322872,0.472352795,-0.001216324,640,480,rgb8
2493,images/002493.jpg,1774267590.951752663,1774267590.936022758,0.015729904,0.405000000,0.000000000,1774267590.939100266,0.012652397,0.427389181,-0.006129847,640,480,rgb8
2494,images/002494.jpg,1774267590.985095263,1774267590.975814104,0.009281158,0.405000000,0.000000000,1774267590.979037285,0.006057978,0.410521682,-0.000326809,640,480,rgb8
2495,images/002495.jpg,1774267591.051779985,1774267591.035800695,0.015979290,0.405000000,0.000000000,1774267591.039028168,0.012751818,0.410133118,0.003947849,640,480,rgb8
2496,images/002496.jpg,1774267591.085122347,1774267591.075830936,0.009291410,0.405000000,0.000000000,1774267591.079042912,0.006079435,0.407933486,-0.006007064,640,480,rgb8
2497,images/002497.jpg,1774267591.118464708,1774267591.115823030,0.002641678,0.405000000,0.000000000,1774267591.099010706,0.019454002,0.406552645,0.001339152,640,480,rgb8
2498,images/002498.jpg,1774267591.151806593,1774267591.135816574,0.015990019,0.405000000,0.000000000,1774267591.139038801,0.012767792,0.406968461,0.009822570,640,480,rgb8
2499,images/002499.jpg,1774267591.185148478,1774267591.175820589,0.009327888,0.405000000,0.000000000,1774267591.178980589,0.006167889,0.406911970,0.014076814,640,480,rgb8
2500,images/002500.jpg,1774267591.218490124,1774267591.215816498,0.002673626,0.405000000,0.000000000,1774267591.199032068,0.019458055,0.407399590,0.014076814,640,480,rgb8
2501,images/002501.jpg,1774267591.251832008,1774267591.235820055,0.016011953,0.405000000,0.000000000,1774267591.239268780,0.012563229,0.405438866,0.009205677,640,480,rgb8
2502,images/002502.jpg,1774267591.285173655,1774267591.275825500,0.009348154,0.405000000,0.000000000,1774267591.279033422,0.006140232,0.405309795,0.009722465,640,480,rgb8
2503,images/002503.jpg,1774267591.318515062,1774267591.315826654,0.002688408,0.405000000,0.000000000,1774267591.299057484,0.019457579,0.405590860,0.006455229,640,480,rgb8
2504,images/002504.jpg,1774267591.351856470,1774267591.335824966,0.016031504,0.405000000,0.000000000,1774267591.339035273,0.012821198,0.406462848,0.009753312,640,480,rgb8
2505,images/002505.jpg,1774267591.385197639,1774267591.375829220,0.009368420,0.405000000,0.000000000,1774267591.379024982,0.006172657,0.405410513,0.011076382,640,480,rgb8
2506,images/002506.jpg,1774267591.418539047,1774267591.415826321,0.002712727,0.405000000,0.000000000,1774267591.399039745,0.019499302,0.404556006,0.011922144,640,480,rgb8
2507,images/002507.jpg,1774267591.451880217,1774267591.435842752,0.016037464,0.405000000,0.000000000,1774267591.439029932,0.012850285,0.405682613,0.006234484,640,480,rgb8
2508,images/002508.jpg,1774267591.485220909,1774267591.475829363,0.009391546,0.405000000,0.000000000,1774267591.479046822,0.006174088,0.406486270,0.005387416,640,480,rgb8
2509,images/002509.jpg,1774267591.518562078,1774267591.515825272,0.002736807,0.000000000,0.810000000,1774267591.499070168,0.019491911,0.404848419,0.012339991,640,480,rgb8
2510,images/002510.jpg,1774267591.551902533,1774267591.535830498,0.016072035,0.000000000,0.810000000,1774267591.539029837,0.012872696,0.403861699,0.013982319,640,480,rgb8
2511,images/002511.jpg,1774267591.585243464,1774267591.575833797,0.009409666,0.000000000,0.810000000,1774267591.579044342,0.006199121,0.404178941,0.024300881,640,480,rgb8
2512,images/002512.jpg,1774267591.618583679,1774267591.615837812,0.002745867,0.405000000,0.000000000,1774267591.599135876,0.019447803,0.404531531,0.110969983,640,480,rgb8
2513,images/002513.jpg,1774267591.651924849,1774267591.635840893,0.016083956,0.405000000,0.000000000,1774267591.639069796,0.012855053,0.382366162,0.233958067,640,480,rgb8
2514,images/002514.jpg,1774267591.685282707,1774267591.675850630,0.009432077,0.405000000,0.000000000,1774267591.679056883,0.006225824,0.323346645,0.400539463,640,480,rgb8
2515,images/002515.jpg,1774267591.718640804,1774267591.715813637,0.002827168,0.405000000,0.000000000,1774267591.699100733,0.019540071,0.322708511,0.400539463,640,480,rgb8
2516,images/002516.jpg,1774267591.751999140,1774267591.735807419,0.016191721,0.405000000,0.000000000,1774267591.739049673,0.012949467,0.249825549,0.328744768,640,480,rgb8
2517,images/002517.jpg,1774267591.785348654,1774267591.775827408,0.009521246,0.405000000,0.000000000,1774267591.779061794,0.006286860,0.238789142,0.179831982,640,480,rgb8
2518,images/002518.jpg,1774267591.818698168,1774267591.815846682,0.002851486,0.405000000,0.000000000,1774267591.799220324,0.019477844,0.237191514,0.127537389,640,480,rgb8
2519,images/002519.jpg,1774267591.852047682,1774267591.835822821,0.016224861,0.005495880,0.000000000,1774267591.839026928,0.013020754,0.293205663,0.041536845,640,480,rgb8
2520,images/002520.jpg,1774267591.885397196,1774267591.875822783,0.009574413,0.000000000,0.000000000,1774267591.879048586,0.006348610,0.315335152,0.030330819,640,480,rgb8
2521,images/002521.jpg,1774267591.918746471,1774267591.915822029,0.002924442,0.000000000,0.000000000,1774267591.899123907,0.019622564,0.314760940,0.030330819,640,480,rgb8
2522,images/002522.jpg,1774267591.952096224,1774267591.935826778,0.016269445,0.000000000,0.000000000,1774267591.939068556,0.013027668,0.358059029,0.016691528,640,480,rgb8
2523,images/002523.jpg,1774267591.985445499,1774267591.975819349,0.009626150,0.000000000,0.000000000,1774267591.979048491,0.006397009,0.349957594,0.001137370,640,480,rgb8
2524,images/002524.jpg,1774267592.018795013,1774267592.015830278,0.002964735,0.000000000,0.000000000,1774267591.999130249,0.019664764,0.349822196,-0.000074269,640,480,rgb8
2525,images/002525.jpg,1774267592.052144289,1774267592.035826921,0.016317368,0.000000000,0.000000000,1774267592.039058924,0.013085365,0.270054888,-0.002828253,640,480,rgb8
2526,images/002526.jpg,1774267592.085493326,1774267592.075830936,0.009662390,0.000000000,0.000000000,1774267592.079024076,0.006469250,0.115832601,0.013584253,640,480,rgb8
2527,images/002527.jpg,1774267592.152191877,1774267592.135821819,0.016370058,0.405000000,0.000000000,1774267592.139024496,0.013167381,0.074597624,0.009769448,640,480,rgb8
2528,images/002528.jpg,1774267592.185541153,1774267592.175813437,0.009727716,0.405000000,0.000000000,1774267592.178993940,0.006547213,0.029496928,-0.006627361,640,480,rgb8
2529,images/002529.jpg,1774267592.218890429,1774267592.215870857,0.003019571,0.405000000,0.000000000,1774267592.199002743,0.019887686,0.025691678,-0.006075241,640,480,rgb8
2530,images/002530.jpg,1774267592.252239466,1774267592.235831261,0.016408205,0.405000000,0.000000000,1774267592.239030123,0.013209343,0.031532924,0.005919484,640,480,rgb8
2531,images/002531.jpg,1774267592.285588264,1774267592.275830746,0.009757519,0.405000000,0.000000000,1774267592.279048204,0.006540060,0.101409197,0.005873000,640,480,rgb8
2532,images/002532.jpg,1774267592.318937540,1774267592.315822601,0.003114939,0.405000000,0.000000000,1774267592.299092054,0.019845486,0.098693999,0.007119400,640,480,rgb8
2533,images/002533.jpg,1774267592.352286339,1774267592.335816383,0.016469955,0.405000000,0.000000000,1774267592.339038610,0.013247728,0.279961791,0.002193971,640,480,rgb8
2534,images/002534.jpg,1774267592.385635614,1774267592.375828266,0.009807348,0.405000000,0.000000000,1774267592.379014969,0.006620646,0.279068255,-0.001038480,640,480,rgb8
2535,images/002535.jpg,1774267592.418984413,1774267592.415821552,0.003162861,0.405000000,0.000000000,1774267592.399028540,0.019955873,0.357375231,0.003736838,640,480,rgb8
2536,images/002536.jpg,1774267592.452333212,1774267592.435820103,0.016513109,0.405000000,0.000000000,1774267592.439023495,0.013309717,0.388038390,-0.006835999,640,480,rgb8
2537,images/002537.jpg,1774267592.485682011,1774267592.475832462,0.009849548,0.405000000,0.000000000,1774267592.479024410,0.006657600,0.402154739,0.001683485,640,480,rgb8
2538,images/002538.jpg,1774267592.519031048,1774267592.515812874,0.003218174,0.405000000,0.000000000,1774267592.518992186,0.000038862,0.409219651,0.032760345,640,480,rgb8
2539,images/002539.jpg,1774267592.552379608,1774267592.535840273,0.016539335,0.405000000,0.000000000,1774267592.539056301,0.013323307,0.410308968,0.032760345,640,480,rgb8
2540,images/002540.jpg,1774267592.585728407,1774267592.575822115,0.009906292,0.405000000,0.000000000,1774267592.579030991,0.006697416,0.407680954,0.015864370,640,480,rgb8
2541,images/002541.jpg,1774267592.619077206,1774267592.615839958,0.003237247,0.405000000,0.000000000,1774267592.619037867,0.000039339,0.407113246,0.011867737,640,480,rgb8
2542,images/002542.jpg,1774267592.652425766,1774267592.635827303,0.016598463,0.405000000,0.000000000,1774267592.639063835,0.013361931,0.408109167,0.011867737,640,480,rgb8
2543,images/002543.jpg,1774267592.685774326,1774267592.675836325,0.009938002,0.405000000,0.000000000,1774267592.679062605,0.006711721,0.406683086,-0.000365847,640,480,rgb8
2544,images/002544.jpg,1774267592.719123125,1774267592.715844154,0.003278971,0.405000000,0.000000000,1774267592.719063997,0.000059128,0.406428987,-0.001499074,640,480,rgb8
2545,images/002545.jpg,1774267592.752471685,1774267592.735841513,0.016630173,0.405000000,0.000000000,1774267592.739059210,0.013412476,0.406600047,-0.001473293,640,480,rgb8
2546,images/002546.jpg,1774267592.785829306,1774267592.775827646,0.010001659,0.405000000,0.000000000,1774267592.779069901,0.006759405,0.406785038,0.001144814,640,480,rgb8
2547,images/002547.jpg,1774267592.819186687,1774267592.815845013,0.003341675,0.405000000,0.000000000,1774267592.819020510,0.000166178,0.406769569,-0.001639574,640,480,rgb8
2548,images/002548.jpg,1774267592.919223785,1774267592.915815830,0.003407955,0.405000000,0.000000000,1774267592.919075966,0.000147820,0.407418900,0.007079286,640,480,rgb8
2549,images/002549.jpg,1774267592.952569246,1774267592.935815573,0.016753674,0.405000000,0.000000000,1774267592.939017057,0.013552189,0.408247529,0.005108280,640,480,rgb8
2550,images/002550.jpg,1774267592.985914707,1774267592.975832462,0.010082245,0.405000000,0.000000000,1774267592.979035378,0.006879330,0.407618238,0.005712708,640,480,rgb8
2551,images/002551.jpg,1774267593.019259930,1774267593.015832663,0.003427267,0.405000000,0.000000000,1774267593.019044161,0.000215769,0.408481488,0.004204087,640,480,rgb8
2552,images/002552.jpg,1774267593.052605391,1774267593.035831213,0.016774178,0.405000000,0.000000000,1774267593.039079189,0.013526201,0.409277400,0.001112894,640,480,rgb8
2553,images/002553.jpg,1774267593.085950613,1774267593.075837612,0.010113001,0.405000000,0.000000000,1774267593.079096079,0.006854534,0.407734633,0.000623151,640,480,rgb8
2554,images/002554.jpg,1774267593.119295835,1774267593.115835190,0.003460646,0.405000000,0.000000000,1774267593.119059086,0.000236750,0.395815818,0.003947304,640,480,rgb8
2555,images/002555.jpg,1774267593.152640820,1774267593.135823727,0.016817093,0.405000000,0.000000000,1774267593.139079809,0.013561010,0.396418682,0.003947304,640,480,rgb8
2556,images/002556.jpg,1774267593.185985804,1774267593.175815821,0.010169983,0.405000000,0.000000000,1774267593.179018497,0.006967306,0.404592295,0.006241441,640,480,rgb8
2557,images/002557.jpg,1774267593.219330788,1774267593.215816975,0.003513813,0.405000000,0.000000000,1774267593.219039202,0.000291586,0.406196078,0.001674242,640,480,rgb8
2558,images/002558.jpg,1774267593.252675772,1774267593.235814571,0.016861200,0.405000000,0.000000000,1774267593.239031315,0.013644457,0.406885795,-0.000379310,640,480,rgb8
2559,images/002559.jpg,1774267593.286020517,1774267593.275813580,0.010206938,0.405000000,0.000000000,1774267593.279029608,0.006990910,0.407260766,0.002200267,640,480,rgb8
2560,images/002560.jpg,1774267593.319365263,1774267593.315816879,0.003548384,0.405000000,0.000000000,1774267593.319024563,0.000340700,0.407372057,0.005363786,640,480,rgb8
2561,images/002561.jpg,1774267593.352710009,1774267593.335815907,0.016894102,0.405000000,0.000000000,1774267593.339050770,0.013659239,0.406987607,0.005328668,640,480,rgb8
2562,images/002562.jpg,1774267593.386054516,1774267593.375814676,0.010239840,0.405000000,0.000000000,1774267593.379037857,0.007016659,0.408287661,0.005323658,640,480,rgb8
2563,images/002563.jpg,1774267593.419399023,1774267593.415824413,0.003574610,0.405000000,0.000000000,1774267593.419046164,0.000352859,0.447817315,0.010384919,640,480,rgb8
2564,images/002564.jpg,1774267593.452743292,1774267593.435825348,0.016917944,0.405000000,0.000000000,1774267593.439065695,0.013677597,0.411373624,0.012134075,640,480,rgb8
2565,images/002565.jpg,1774267593.486087799,1774267593.475831270,0.010256529,0.405000000,0.000000000,1774267593.479143620,0.006944180,0.409596934,0.014183474,640,480,rgb8
2566,images/002566.jpg,1774267593.519432068,1774267593.515819550,0.003612518,0.405000000,0.000000000,1774267593.519008875,0.000423193,0.406629766,-0.000396983,640,480,rgb8
2567,images/002567.jpg,1774267593.552776337,1774267593.535810709,0.016965628,0.405000000,0.000000000,1774267593.539017677,0.013758659,0.407190049,-0.000878193,640,480,rgb8
2568,images/002568.jpg,1774267593.586120605,1774267593.575831175,0.010289431,0.405000000,0.000000000,1774267593.579004049,0.007116556,0.406237393,-0.008399821,640,480,rgb8
2569,images/002569.jpg,1774267593.619464636,1774267593.615822077,0.003642559,0.405000000,0.000000000,1774267593.619003296,0.000461340,0.341522905,-0.002431716,640,480,rgb8
2570,images/002570.jpg,1774267593.652808666,1774267593.635837793,0.016970873,0.405000000,0.000000000,1774267593.639008522,0.013800144,0.382916954,-0.002413117,640,480,rgb8
2571,images/002571.jpg,1774267593.686152697,1774267593.675831079,0.010321617,0.405000000,0.000000000,1774267593.679185390,0.006967306,0.383421080,0.010962956,640,480,rgb8
2572,images/002572.jpg,1774267593.719496489,1774267593.715825081,0.003671408,0.405000000,0.000000000,1774267593.719024420,0.000472069,0.402280151,0.026822466,640,480,rgb8
2573,images/002573.jpg,1774267593.752840281,1774267593.735827684,0.017012596,0.405000000,0.000000000,1774267593.739005804,0.013834476,0.405899265,0.025068783,640,480,rgb8
2574,images/002574.jpg,1774267593.786184072,1774267593.775837898,0.010346174,0.405000000,0.000000000,1774267593.779051542,0.007132530,0.407104759,0.021093406,640,480,rgb8
2575,images/002575.jpg,1774267593.819528103,1774267593.815835953,0.003692150,0.405000000,0.000000000,1774267593.819045305,0.000482798,0.405685962,0.014606164,640,480,rgb8
2576,images/002576.jpg,1774267593.852884531,1774267593.835830927,0.017053604,0.405000000,0.000000000,1774267593.839039803,0.013844728,0.406167288,0.012829204,640,480,rgb8
2577,images/002577.jpg,1774267593.886240959,1774267593.875842094,0.010398865,0.405000000,0.000000000,1774267593.878971815,0.007269144,0.405645924,-0.003123378,640,480,rgb8
2578,images/002578.jpg,1774267593.919597387,1774267593.915836573,0.003760815,0.405000000,0.000000000,1774267593.919044018,0.000553370,0.405161773,0.001943775,640,480,rgb8
2579,images/002579.jpg,1774267593.952953815,1774267593.935829163,0.017124653,0.405000000,0.000000000,1774267593.939032793,0.013921022,0.405608164,0.008583458,640,480,rgb8
2580,images/002580.jpg,1774267593.986322641,1774267593.975823164,0.010499477,0.405000000,0.000000000,1774267593.979104996,0.007217646,0.406740458,0.004988826,640,480,rgb8
2581,images/002581.jpg,1774267594.019691944,1774267594.015869617,0.003822327,0.405000000,0.000000000,1774267594.019037962,0.000653982,0.406327936,0.000733994,640,480,rgb8
2582,images/002582.jpg,1774267594.053061008,1774267594.035816908,0.017244101,0.405000000,0.000000000,1774267594.039043188,0.014017820,0.406761657,-0.001898592,640,480,rgb8
2583,images/002583.jpg,1774267594.086430311,1774267594.075834751,0.010595560,0.405000000,0.000000000,1774267594.079051018,0.007379293,0.408184615,-0.002802546,640,480,rgb8
2584,images/002584.jpg,1774267594.119799852,1774267594.115835667,0.003964186,0.405000000,0.000000000,1774267594.119065285,0.000734568,0.406668425,0.002649089,640,480,rgb8
2585,images/002585.jpg,1774267594.153169155,1774267594.135844946,0.017324209,0.405000000,0.000000000,1774267594.139096737,0.014072418,0.407080306,0.003797352,640,480,rgb8
2586,images/002586.jpg,1774267594.186538935,1774267594.175879717,0.010659218,0.405000000,0.000000000,1774267594.179107666,0.007431269,0.406264204,-0.001522424,640,480,rgb8
2587,images/002587.jpg,1774267594.219908476,1774267594.215818167,0.004090309,0.405000000,0.000000000,1774267594.219056606,0.000851870,0.405935324,-0.001226093,640,480,rgb8
2588,images/002588.jpg,1774267594.253278255,1774267594.235830307,0.017447948,0.405000000,0.000000000,1774267594.239069700,0.014208555,0.406313780,-0.000261323,640,480,rgb8
2589,images/002589.jpg,1774267594.320018291,1774267594.315816879,0.004201412,0.405000000,0.000000000,1774267594.319030523,0.000987768,0.405493256,0.001397397,640,480,rgb8
2590,images/002590.jpg,1774267594.353388309,1774267594.335977077,0.017411232,0.405000000,0.000000000,1774267594.339038372,0.014349937,0.405843922,0.001381732,640,480,rgb8
2591,images/002591.jpg,1774267594.386758566,1774267594.375817299,0.010941267,0.405000000,0.000000000,1774267594.379032850,0.007725716,0.407110199,0.005229569,640,480,rgb8
2592,images/002592.jpg,1774267594.420128822,1774267594.415808678,0.004320145,0.405000000,0.000000000,1774267594.419043779,0.001085043,0.406536557,0.002295900,640,480,rgb8
2593,images/002593.jpg,1774267594.453499556,1774267594.435816288,0.017683268,0.405000000,0.000000000,1774267594.439068556,0.014431000,0.406878704,0.001386351,640,480,rgb8
2594,images/002594.jpg,1774267594.486869812,1774267594.475816011,0.011053801,0.405000000,0.000000000,1774267594.479042292,0.007827520,0.405737838,0.007329180,640,480,rgb8
2595,images/002595.jpg,1774267594.520240784,1774267594.515821218,0.004419565,0.405000000,0.000000000,1774267594.519045353,0.001195431,0.406377165,0.009349959,640,480,rgb8
2596,images/002596.jpg,1774267594.553611279,1774267594.535826683,0.017784595,0.405000000,0.000000000,1774267594.539073944,0.014537334,0.407341137,0.008413246,640,480,rgb8
2597,images/002597.jpg,1774267594.586982250,1774267594.575839043,0.011143208,0.405000000,0.000000000,1774267594.579057455,0.007924795,0.406962402,0.008020373,640,480,rgb8
2598,images/002598.jpg,1774267594.620353222,1774267594.615826607,0.004526615,0.405000000,0.000000000,1774267594.619036674,0.001316547,0.407591911,0.008853520,640,480,rgb8
2599,images/002599.jpg,1774267594.653724432,1774267594.635817051,0.017907381,0.405000000,0.000000000,1774267594.639050961,0.014673471,0.406378444,0.012378417,640,480,rgb8
2600,images/002600.jpg,1774267594.687095404,1774267594.675839424,0.011255980,0.405000000,0.000000000,1774267594.679011106,0.008084297,0.407358714,0.010527391,640,480,rgb8
2601,images/002601.jpg,1774267594.720466852,1774267594.715814590,0.004652262,0.405000000,0.000000000,1774267594.719028234,0.001438618,0.406555180,0.011572398,640,480,rgb8
2602,images/002602.jpg,1774267594.753838062,1774267594.735818863,0.018019199,0.405000000,0.000000000,1774267594.739026546,0.014811516,0.406839054,0.011893520,640,480,rgb8
2603,images/002603.jpg,1774267594.787209749,1774267594.775812864,0.011396885,0.405000000,0.000000000,1774267594.779055595,0.008154154,0.341992165,0.011298710,640,480,rgb8
2604,images/002604.jpg,1774267594.820581198,1774267594.815815449,0.004765749,0.405000000,0.000000000,1774267594.819009781,0.001571417,0.389896962,0.015393707,640,480,rgb8
2605,images/002605.jpg,1774267594.853952885,1774267594.835823536,0.018129349,0.405000000,0.000000000,1774267594.839022636,0.014930248,0.402218151,0.014632680,640,480,rgb8
2606,images/002606.jpg,1774267594.887324810,1774267594.875835896,0.011488914,0.405000000,0.000000000,1774267594.879046917,0.008277893,0.403798530,0.015163285,640,480,rgb8
2607,images/002607.jpg,1774267594.920696497,1774267594.915824413,0.004872084,0.405000000,0.000000000,1774267594.919032812,0.001663685,0.404289685,0.016402147,640,480,rgb8
2608,images/002608.jpg,1774267594.954068422,1774267594.935816526,0.018251896,0.405000000,0.000000000,1774267594.939034939,0.015033484,0.406663628,0.019936051,640,480,rgb8
2609,images/002609.jpg,1774267594.987426281,1774267594.975841522,0.011584759,0.405000000,0.000000000,1774267594.979053020,0.008373260,0.408276077,0.013937765,640,480,rgb8
2610,images/002610.jpg,1774267595.020784378,1774267595.015818834,0.004965544,0.405000000,0.000000000,1774267595.019078732,0.001705647,0.409040619,0.010385976,640,480,rgb8
2611,images/002611.jpg,1774267595.120806217,1774267595.115823984,0.004982233,0.005045340,-0.499943325,1774267595.119014740,0.001791477,0.409029874,-0.004445349,640,480,rgb8
2612,images/002612.jpg,1774267595.154146433,1774267595.135816813,0.018329620,0.000000000,-0.810000000,1774267595.139037848,0.015108585,0.409299830,-0.000194308,640,480,rgb8
2613,images/002613.jpg,1774267595.187486887,1774267595.175825596,0.011661291,0.000000000,-0.810000000,1774267595.179044247,0.008442640,0.407650146,-0.024975124,640,480,rgb8
2614,images/002614.jpg,1774267595.220826864,1774267595.215835333,0.004991531,0.000000000,-0.810000000,1774267595.219036102,0.001790762,0.381820072,-0.045523533,640,480,rgb8
2615,images/002615.jpg,1774267595.254166842,1774267595.235824108,0.018342733,0.000000000,-0.810000000,1774267595.239069462,0.015097380,0.381738143,-0.081160269,640,480,rgb8
2616,images/002616.jpg,1774267595.287506580,1774267595.275830984,0.011675596,0.405000000,0.000000000,1774267595.279045582,0.008460999,0.319413945,-0.285715881,640,480,rgb8
2617,images/002617.jpg,1774267595.320846319,1774267595.315839291,0.005007029,0.405000000,0.000000000,1774267595.319308758,0.001537561,0.238769671,-0.360717470,640,480,rgb8
2618,images/002618.jpg,1774267595.354185820,1774267595.335839748,0.018346071,0.405000000,0.000000000,1774267595.339130878,0.015054941,0.236987710,-0.405345071,640,480,rgb8
2619,images/002619.jpg,1774267595.420864582,1774267595.415952444,0.004912138,0.405000000,0.000000000,1774267595.419073582,0.001791000,0.179035062,-0.378597702,640,480,rgb8
2620,images/002620.jpg,1774267595.454203606,1774267595.435821772,0.018381834,0.405000000,0.000000000,1774267595.439009190,0.015194416,0.176641266,-0.259783887,640,480,rgb8
2621,images/002621.jpg,1774267595.487542629,1774267595.475817442,0.011725187,0.405000000,0.000000000,1774267595.479008436,0.008534193,0.225818907,-0.159308166,640,480,rgb8
2622,images/002622.jpg,1774267595.520881653,1774267595.515825748,0.005055904,0.000000000,0.000000000,1774267595.519035816,0.001845837,0.222341119,-0.063559439,640,480,rgb8
2623,images/002623.jpg,1774267595.554220200,1774267595.535815239,0.018404961,0.000000000,0.000000000,1774267595.539051771,0.015168428,0.293063484,-0.044997675,640,480,rgb8
2624,images/002624.jpg,1774267595.587558746,1774267595.575838566,0.011720181,0.000000000,0.000000000,1774267595.579044342,0.008514404,0.341508053,-0.021547466,640,480,rgb8
2625,images/002625.jpg,1774267595.620897532,1774267595.615834713,0.005062819,0.000000000,0.000000000,1774267595.619024515,0.001873016,0.317983921,-0.017952421,640,480,rgb8
2626,images/002626.jpg,1774267595.654235840,1774267595.635819435,0.018416405,0.000000000,0.000000000,1774267595.639029026,0.015206814,0.317460527,-0.022048991,640,480,rgb8
2627,images/002627.jpg,1774267595.687573910,1774267595.675822973,0.011750937,0.000000000,0.000000000,1774267595.679027081,0.008546829,0.257884237,-0.024663265,640,480,rgb8
2628,images/002628.jpg,1774267595.720912218,1774267595.715815306,0.005096912,0.000000000,0.000000000,1774267595.719010353,0.001901865,0.152496140,-0.011945199,640,480,rgb8
2629,images/002629.jpg,1774267595.754250050,1774267595.735815287,0.018434763,0.000000000,0.000000000,1774267595.739013910,0.015236139,0.132671017,0.008952643,640,480,rgb8
2630,images/002630.jpg,1774267595.787587643,1774267595.775830030,0.011757612,0.405000000,0.000000000,1774267595.779013634,0.008574009,0.127253541,0.013804906,640,480,rgb8
2631,images/002631.jpg,1774267595.820925236,1774267595.815815449,0.005109787,0.405000000,0.000000000,1774267595.819027424,0.001897812,0.059432937,-0.008935365,640,480,rgb8
2632,images/002632.jpg,1774267595.854262829,1774267595.835814714,0.018448114,0.405000000,0.000000000,1774267595.839032412,0.015230417,0.030413958,-0.009516515,640,480,rgb8
2633,images/002633.jpg,1774267595.887600422,1774267595.875844002,0.011756420,0.405000000,0.000000000,1774267595.879021168,0.008579254,0.061181856,0.001049245,640,480,rgb8
2634,images/002634.jpg,1774267595.920937538,1774267595.915832281,0.005105257,0.405000000,0.000000000,1774267595.919042110,0.001895428,0.135476549,-0.003489491,640,480,rgb8
2635,images/002635.jpg,1774267595.954274654,1774267595.935845613,0.018429041,0.405000000,0.000000000,1774267595.939053059,0.015221596,0.133151778,-0.002046250,640,480,rgb8
2636,images/002636.jpg,1774267595.987611532,1774267595.975840569,0.011770964,0.405000000,0.000000000,1774267595.979050875,0.008560658,0.236642357,0.007136209,640,480,rgb8
2637,images/002637.jpg,1774267596.020948887,1774267596.015829325,0.005119562,0.405000000,0.000000000,1774267596.019078732,0.001870155,0.318017369,-0.011643112,640,480,rgb8
2638,images/002638.jpg,1774267596.054304838,1774267596.035831213,0.018473625,0.405000000,0.000000000,1774267596.039047956,0.015256882,0.346941723,-0.026165494,640,480,rgb8
2639,images/002639.jpg,1774267596.087660789,1774267596.075838089,0.011822701,0.405000000,0.000000000,1774267596.079045057,0.008615732,0.383823945,-0.032475145,640,480,rgb8
2640,images/002640.jpg,1774267596.121016741,1774267596.115818501,0.005198240,0.405000000,0.000000000,1774267596.119060993,0.001955748,0.385448978,0.006135828,640,480,rgb8
2641,images/002641.jpg,1774267596.187766075,1774267596.175835133,0.011930943,0.405000000,0.000000000,1774267596.179046869,0.008719206,0.407803467,-0.004470833,640,480,rgb8
2642,images/002642.jpg,1774267596.221140862,1774267596.215822220,0.005318642,0.405000000,0.000000000,1774267596.219047785,0.002093077,0.475074380,-0.017066696,640,480,rgb8
2643,images/002643.jpg,1774267596.254515886,1774267596.235804319,0.018711567,0.405000000,0.000000000,1774267596.239044905,0.015470982,0.476916856,-0.012297584,640,480,rgb8
2644,images/002644.jpg,1774267596.287890911,1774267596.275823355,0.012067556,0.405000000,0.000000000,1774267596.279057026,0.008833885,0.429213024,-0.002803040,640,480,rgb8
2645,images/002645.jpg,1774267596.321266174,1774267596.315820456,0.005445719,0.405000000,0.000000000,1774267596.319042206,0.002223969,0.408488029,-0.008054889,640,480,rgb8
2646,images/002646.jpg,1774267596.354641438,1774267596.335832834,0.018808603,0.405000000,0.000000000,1774267596.339061260,0.015580177,0.406962788,-0.005456110,640,480,rgb8
2647,images/002647.jpg,1774267596.388016939,1774267596.375831127,0.012185812,0.405000000,0.000000000,1774267596.379065752,0.008951187,0.408105067,0.004174087,640,480,rgb8
2648,images/002648.jpg,1774267596.421392441,1774267596.415831089,0.005561352,0.405000000,0.000000000,1774267596.419021606,0.002370834,0.409903655,-0.000750908,640,480,rgb8
2649,images/002649.jpg,1774267596.454768181,1774267596.435829163,0.018939018,0.405000000,0.000000000,1774267596.439056158,0.015712023,0.408273525,-0.001052253,640,480,rgb8
2650,images/002650.jpg,1774267596.521520138,1774267596.515825510,0.005694628,0.405000000,0.000000000,1774267596.519100666,0.002419472,0.407601292,0.002023468,640,480,rgb8
2651,images/002651.jpg,1774267596.554896355,1774267596.535830975,0.019065380,0.405000000,0.000000000,1774267596.539022207,0.015874147,0.408417691,0.006911377,640,480,rgb8
2652,images/002652.jpg,1774267596.588272572,1774267596.575826406,0.012446165,0.405000000,0.000000000,1774267596.579048872,0.009223700,0.406891493,0.006243485,640,480,rgb8
2653,images/002653.jpg,1774267596.621649027,1774267596.615824938,0.005824089,0.405000000,0.000000000,1774267596.619060516,0.002588511,0.405247707,0.006484280,640,480,rgb8
2654,images/002654.jpg,1774267596.655025721,1774267596.635838509,0.019187212,0.405000000,0.000000000,1774267596.639042139,0.015983582,0.405315553,0.007305393,640,480,rgb8
2655,images/002655.jpg,1774267596.688402414,1774267596.675831318,0.012571096,0.405000000,0.000000000,1774267596.679064274,0.009338140,0.406783838,0.006244346,640,480,rgb8
2656,images/002656.jpg,1774267596.721779346,1774267596.715827703,0.005951643,0.405000000,0.000000000,1774267596.719046354,0.002732992,0.408092323,0.006655078,640,480,rgb8
2657,images/002657.jpg,1774267596.755156279,1774267596.735828638,0.019327641,0.405000000,0.000000000,1774267596.739112377,0.016043901,0.406831132,0.007383801,640,480,rgb8
2658,images/002658.jpg,1774267596.788533449,1774267596.775834799,0.012698650,0.405000000,0.000000000,1774267596.779029846,0.009503603,0.406484102,0.008908340,640,480,rgb8
2659,images/002659.jpg,1774267596.821910620,1774267596.815828800,0.006081820,0.405000000,0.000000000,1774267596.819039822,0.002870798,0.407856701,0.011700306,640,480,rgb8
2660,images/002660.jpg,1774267596.855288029,1774267596.835818052,0.019469976,0.405000000,0.000000000,1774267596.839037418,0.016250610,0.406727686,0.011146614,640,480,rgb8
2661,images/002661.jpg,1774267596.888665438,1774267596.875842810,0.012822628,0.405000000,0.000000000,1774267596.879065275,0.009600163,0.406057617,0.007279820,640,480,rgb8
2662,images/002662.jpg,1774267596.922043562,1774267596.915829182,0.006214380,0.405000000,0.000000000,1774267596.919044733,0.002998829,0.406536698,0.011120744,640,480,rgb8
2663,images/002663.jpg,1774267596.955421209,1774267596.935836077,0.019585133,0.405000000,0.000000000,1774267596.939096928,0.016324282,0.407168193,0.016711586,640,480,rgb8
2664,images/002664.jpg,1774267596.988799095,1774267596.975826740,0.012972355,0.405000000,0.000000000,1774267596.979044437,0.009754658,0.406421598,0.023989651,640,480,rgb8
2665,images/002665.jpg,1774267597.022177219,1774267597.015832663,0.006344557,0.405000000,0.000000000,1774267597.019054651,0.003122568,0.407512054,0.013883058,640,480,rgb8
2666,images/002666.jpg,1774267597.055555582,1774267597.035838127,0.019717455,0.405000000,0.000000000,1774267597.039059401,0.016496181,0.406345434,0.010123218,640,480,rgb8
2667,images/002667.jpg,1774267597.088934183,1774267597.075832605,0.013101578,0.405000000,0.000000000,1774267597.079063177,0.009871006,0.406410471,0.009596477,640,480,rgb8
2668,images/002668.jpg,1774267597.122312069,1774267597.115840197,0.006471872,0.405000000,0.000000000,1774267597.119067430,0.003244638,0.406415421,0.021867610,640,480,rgb8
2669,images/002669.jpg,1774267597.155670166,1774267597.135844231,0.019825935,0.405000000,0.000000000,1774267597.139093399,0.016576767,0.406971656,0.016939157,640,480,rgb8
2670,images/002670.jpg,1774267597.189028263,1774267597.175832510,0.013195753,0.405000000,0.000000000,1774267597.179075003,0.009953260,0.406806265,-0.017637042,640,480,rgb8
2671,images/002671.jpg,1774267597.222386122,1774267597.215839148,0.006546974,0.405000000,0.000000000,1774267597.219030619,0.003355503,0.405413395,-0.009064224,640,480,rgb8
2672,images/002672.jpg,1774267597.289077282,1774267597.275844574,0.013232708,0.405000000,0.000000000,1774267597.279040337,0.010036945,0.405962904,0.004516628,640,480,rgb8
2673,images/002673.jpg,1774267597.322422743,1774267597.315818787,0.006603956,0.405000000,0.000000000,1774267597.319014311,0.003408432,0.406465630,0.007286067,640,480,rgb8
2674,images/002674.jpg,1774267597.355767965,1774267597.335832596,0.019935369,0.405000000,0.000000000,1774267597.339042425,0.016725540,0.405034219,0.010699707,640,480,rgb8
2675,images/002675.jpg,1774267597.389113426,1774267597.375887871,0.013225555,0.405000000,0.000000000,1774267597.379059553,0.010053873,0.404963804,0.006313962,640,480,rgb8
2676,images/002676.jpg,1774267597.422458649,1774267597.415837526,0.006621122,0.405000000,0.000000000,1774267597.419059277,0.003399372,0.404863703,-0.000940352,640,480,rgb8
2677,images/002677.jpg,1774267597.455803633,1774267597.435837269,0.019966364,0.405000000,0.000000000,1774267597.439059019,0.016744614,0.405307688,-0.005521852,640,480,rgb8
2678,images/002678.jpg,1774267597.489148855,1774267597.475842714,0.013306141,0.405000000,0.000000000,1774267597.479094505,0.010054350,0.407537932,-0.011199883,640,480,rgb8
2679,images/002679.jpg,1774267597.522493839,1774267597.515842199,0.006651640,0.405000000,0.000000000,1774267597.519034863,0.003458977,0.405428214,0.002422369,640,480,rgb8
2680,images/002680.jpg,1774267597.555838823,1774267597.555823088,0.000015736,0.405000000,0.000000000,1774267597.539778948,0.016059875,0.405182948,0.006147108,640,480,rgb8
2681,images/002681.jpg,1774267597.622528553,1774267597.616047382,0.006481171,0.405000000,0.000000000,1774267597.619063616,0.003464937,0.406445169,-0.001307309,640,480,rgb8
2682,images/002682.jpg,1774267597.655873299,1774267597.655816555,0.000056744,0.405000000,0.000000000,1774267597.639031172,0.016842127,0.404784043,-0.000327160,640,480,rgb8
2683,images/002683.jpg,1774267597.689217806,1774267597.675823212,0.013394594,0.405000000,0.000000000,1774267597.679009438,0.010208368,0.403775224,-0.000030369,640,480,rgb8
2684,images/002684.jpg,1774267597.722562551,1774267597.715815306,0.006747246,0.405000000,0.000000000,1774267597.719004631,0.003557920,0.405390862,-0.006541744,640,480,rgb8
2685,images/002685.jpg,1774267597.755907059,1774267597.755830526,0.000076532,0.405000000,0.000000000,1774267597.739009857,0.016897202,0.405765122,-0.006750738,640,480,rgb8
2686,images/002686.jpg,1774267597.789251566,1774267597.775835991,0.013415575,0.405000000,0.000000000,1774267597.779044628,0.010206938,0.427950193,-0.003617888,640,480,rgb8
2687,images/002687.jpg,1774267597.822595596,1774267597.815817356,0.006778240,0.405000000,0.000000000,1774267597.819110394,0.003485203,0.417721694,0.004133565,640,480,rgb8
2688,images/002688.jpg,1774267597.855940104,1774267597.855830908,0.000109196,0.405000000,0.000000000,1774267597.839029551,0.016910553,0.418210701,0.005941429,640,480,rgb8
2689,images/002689.jpg,1774267597.889284372,1774267597.875781298,0.013503075,0.405000000,0.000000000,1774267597.879052401,0.010231972,0.412028254,0.005154159,640,480,rgb8
2690,images/002690.jpg,1774267597.922628403,1774267597.915814161,0.006814241,0.405000000,0.000000000,1774267597.919023514,0.003604889,0.410995448,0.005685779,640,480,rgb8
2691,images/002691.jpg,1774267597.955972672,1774267597.955829859,0.000142813,0.405000000,0.000000000,1774267597.939181805,0.016790867,0.408739718,0.004523465,640,480,rgb8
2692,images/002692.jpg,1774267597.989316702,1774267597.975833654,0.013483047,0.405000000,0.000000000,1774267597.979008675,0.010308027,0.347467338,0.004854601,640,480,rgb8
2693,images/002693.jpg,1774267598.022660732,1774267598.015815735,0.006844997,0.405000000,0.000000000,1774267598.019003868,0.003656864,0.346654818,0.007176944,640,480,rgb8
2694,images/002694.jpg,1774267598.056004286,1774267598.055835962,0.000168324,0.405000000,0.000000000,1774267598.039056540,0.016947746,0.396056413,0.010953404,640,480,rgb8
2695,images/002695.jpg,1774267598.089348078,1774267598.075833082,0.013514996,0.405000000,0.000000000,1774267598.079045057,0.010303020,0.405470623,0.011382142,640,480,rgb8
2696,images/002696.jpg,1774267598.122691870,1774267598.115815878,0.006875992,0.405000000,0.000000000,1774267598.119040012,0.003651857,0.405911539,0.005762531,640,480,rgb8
2697,images/002697.jpg,1774267598.156035662,1774267598.155820608,0.000215054,0.405000000,0.000000000,1774267598.139317751,0.016717911,0.406220829,0.003706487,640,480,rgb8
2698,images/002698.jpg,1774267598.189379454,1774267598.175832510,0.013546944,0.405000000,0.000000000,1774267598.179080248,0.010299206,0.406464889,0.001343727,640,480,rgb8
2699,images/002699.jpg,1774267598.222723246,1774267598.215836525,0.006886721,0.405000000,0.000000000,1774267598.219056368,0.003666878,0.407869692,-0.001699435,640,480,rgb8
2700,images/002700.jpg,1774267598.256080151,1774267598.255817175,0.000262976,0.405000000,0.000000000,1774267598.239066601,0.017013550,0.342419498,0.001165003,640,480,rgb8
2701,images/002701.jpg,1774267598.289437294,1774267598.275802612,0.013634682,0.405000000,0.000000000,1774267598.279053926,0.010383368,0.394556745,0.002214565,640,480,rgb8
2702,images/002702.jpg,1774267598.322794199,1774267598.315818787,0.006975412,0.405000000,0.000000000,1774267598.319040060,0.003754139,0.394873389,-0.002452851,640,480,rgb8
2703,images/002703.jpg,1774267598.389493227,1774267598.375827551,0.013665676,0.405000000,0.000000000,1774267598.379053354,0.010439873,0.408187039,0.004100642,640,480,rgb8
2704,images/002704.jpg,1774267598.422842264,1774267598.415811777,0.007030487,0.405000000,0.000000000,1774267598.419008732,0.003833532,0.407874514,0.007934453,640,480,rgb8
2705,images/002705.jpg,1774267598.456191540,1774267598.455817938,0.000373602,0.405000000,0.000000000,1774267598.439018011,0.017173529,0.408174869,0.011651410,640,480,rgb8
2706,images/002706.jpg,1774267598.489540815,1774267598.475823164,0.013717651,0.405000000,0.000000000,1774267598.479033947,0.010506868,0.407363601,0.006835812,640,480,rgb8
2707,images/002707.jpg,1774267598.522889853,1774267598.515822172,0.007067680,0.405000000,0.000000000,1774267598.519016743,0.003873110,0.407946482,0.006795920,640,480,rgb8
2708,images/002708.jpg,1774267598.556239128,1774267598.555833340,0.000405788,0.004977500,0.500028125,1774267598.539065838,0.017173290,0.406555966,0.007965046,640,480,rgb8
2709,images/002709.jpg,1774267598.589588165,1774267598.575842142,0.013746023,0.000000000,0.810000000,1774267598.579078436,0.010509729,0.406123492,0.008720716,640,480,rgb8
2710,images/002710.jpg,1774267598.622936964,1774267598.615815878,0.007121086,0.000000000,0.810000000,1774267598.619017363,0.003919601,0.394795166,0.008032388,640,480,rgb8
2711,images/002711.jpg,1774267598.656286001,1774267598.655814171,0.000471830,0.000000000,0.810000000,1774267598.639356375,0.016929626,0.394902774,0.038307129,640,480,rgb8
2712,images/002712.jpg,1774267598.722983360,1774267598.715837955,0.007145405,0.405000000,0.000000000,1774267598.719036341,0.003947020,0.332455492,0.320287840,640,480,rgb8
2713,images/002713.jpg,1774267598.756332159,1774267598.755816698,0.000515461,0.405000000,0.000000000,1774267598.739035606,0.017296553,0.331800079,0.418414884,640,480,rgb8
2714,images/002714.jpg,1774267598.789680958,1774267598.775815010,0.013865948,0.405000000,0.000000000,1774267598.779062510,0.010618448,0.263320792,0.503112079,640,480,rgb8
2715,images/002715.jpg,1774267598.823029518,1774267598.815818310,0.007211208,0.405000000,0.000000000,1774267598.819042921,0.003986597,0.209077541,0.473678771,640,480,rgb8
2716,images/002716.jpg,1774267598.856377840,1774267598.855844021,0.000533819,0.405000000,0.000000000,1774267598.839148521,0.017229319,0.140466962,0.417763314,640,480,rgb8
2717,images/002717.jpg,1774267598.889726639,1774267598.875833750,0.013892889,0.405000000,0.000000000,1774267598.879043102,0.010683537,0.134698045,0.229601725,640,480,rgb8
2718,images/002718.jpg,1774267598.923074961,1774267598.915834427,0.007240534,0.005105480,0.000000000,1774267598.919063330,0.004011631,0.218565991,0.116924626,640,480,rgb8
2719,images/002719.jpg,1774267598.956423283,1774267598.955837727,0.000585556,0.000000000,0.000000000,1774267598.939053059,0.017370224,0.326378909,0.093214976,640,480,rgb8
2720,images/002720.jpg,1774267598.989771366,1774267598.975817680,0.013953686,0.000000000,0.000000000,1774267598.979048252,0.010723114,0.337705930,0.068083836,640,480,rgb8
2721,images/002721.jpg,1774267599.023119926,1774267599.015823841,0.007296085,0.000000000,0.000000000,1774267599.019050360,0.004069567,0.364800905,0.020840247,640,480,rgb8
2722,images/002722.jpg,1774267599.056468010,1774267599.055815220,0.000652790,0.000000000,0.000000000,1774267599.039042711,0.017425299,0.364802665,0.010793266,640,480,rgb8
2723,images/002723.jpg,1774267599.089816093,1774267599.075821400,0.013994694,0.000000000,0.000000000,1774267599.079047918,0.010768175,0.333363414,0.006710217,640,480,rgb8
2724,images/002724.jpg,1774267599.123164415,1774267599.115826368,0.007338047,0.000000000,0.000000000,1774267599.119080067,0.004084349,0.262894501,0.004039371,640,480,rgb8
2725,images/002725.jpg,1774267599.156512260,1774267599.155816317,0.000695944,0.000000000,0.000000000,1774267599.139011860,0.017500401,0.172478875,0.000919900,640,480,rgb8
2726,images/002726.jpg,1774267599.189860106,1774267599.175848246,0.014011860,0.400611320,0.000000000,1774267599.179047585,0.010812521,0.076504039,0.009314236,640,480,rgb8
2727,images/002727.jpg,1774267599.223207951,1774267599.215821505,0.007386446,0.405000000,0.000000000,1774267599.219043016,0.004164934,0.069674935,0.003629101,640,480,rgb8
2728,images/002728.jpg,1774267599.256555796,1774267599.255836725,0.000719070,0.405000000,0.000000000,1774267599.239063501,0.017492294,0.026543343,-0.005154141,640,480,rgb8
2729,images/002729.jpg,1774267599.289903879,1774267599.275837898,0.014065981,0.405000000,0.000000000,1774267599.279066801,0.010837078,0.019455569,0.013204684,640,480,rgb8
2730,images/002730.jpg,1774267599.323251724,1774267599.315840244,0.007411480,0.405000000,0.000000000,1774267599.319041729,0.004209995,0.062836897,0.010449987,640,480,rgb8
2731,images/002731.jpg,1774267599.356607914,1774267599.355861425,0.000746489,0.405000000,0.000000000,1774267599.339090347,0.017517567,0.059565253,0.010449987,640,480,rgb8
2732,images/002732.jpg,1774267599.389963865,1774267599.375836611,0.014127254,0.405000000,0.000000000,1774267599.379069090,0.010894775,0.138602490,0.008574088,640,480,rgb8
2733,images/002733.jpg,1774267599.423320055,1774267599.415779352,0.007540703,0.405000000,0.000000000,1774267599.419465065,0.003854990,0.234924616,0.001239294,640,480,rgb8
2734,images/002734.jpg,1774267599.489997864,1774267599.475833893,0.014163971,0.405000000,0.000000000,1774267599.479272604,0.010725260,0.271338709,0.001473071,640,480,rgb8
2735,images/002735.jpg,1774267599.523336411,1774267599.515826225,0.007510185,0.405000000,0.000000000,1774267599.519027710,0.004308701,0.366499328,-0.017246545,640,480,rgb8
2736,images/002736.jpg,1774267599.556674719,1774267599.555826664,0.000848055,0.405000000,0.000000000,1774267599.539021730,0.017652988,0.383483125,-0.023733201,640,480,rgb8
2737,images/002737.jpg,1774267599.590013266,1774267599.575833321,0.014179945,0.405000000,0.000000000,1774267599.579061747,0.010951519,0.398720878,0.006110809,640,480,rgb8
2738,images/002738.jpg,1774267599.623351336,1774267599.615828276,0.007523060,0.405000000,0.000000000,1774267599.619045019,0.004306316,0.406212895,-0.010921970,640,480,rgb8
2739,images/002739.jpg,1774267599.656689405,1774267599.655835390,0.000854015,0.405000000,0.000000000,1774267599.639089823,0.017599583,0.407249227,-0.014937247,640,480,rgb8
2740,images/002740.jpg,1774267599.690027237,1774267599.675828934,0.014198303,0.405000000,0.000000000,1774267599.679156542,0.010870695,0.408966173,-0.011843983,640,480,rgb8
2741,images/002741.jpg,1774267599.723365307,1774267599.715825796,0.007539511,0.405000000,0.000000000,1774267599.719074726,0.004290581,0.408559233,-0.004613742,640,480,rgb8
2742,images/002742.jpg,1774267599.756702900,1774267599.755814552,0.000888348,0.405000000,0.000000000,1774267599.739050865,0.017652035,0.407440642,-0.010681578,640,480,rgb8
2743,images/002743.jpg,1774267599.823377609,1774267599.815815926,0.007561684,0.405000000,0.000000000,1774267599.819059610,0.004317999,0.408354440,0.001422194,640,480,rgb8
2744,images/002744.jpg,1774267599.856715202,1774267599.855815411,0.000899792,0.405000000,0.000000000,1774267599.839015722,0.017699480,0.407299309,0.002700783,640,480,rgb8
2745,images/002745.jpg,1774267599.890052319,1774267599.875850439,0.014201880,0.405000000,0.000000000,1774267599.879026413,0.011025906,0.408769994,-0.002384982,640,480,rgb8
2746,images/002746.jpg,1774267599.923389196,1774267599.915834188,0.007555008,0.405000000,0.000000000,1774267599.919040680,0.004348516,0.407231332,-0.003732833,640,480,rgb8
2747,images/002747.jpg,1774267599.956726074,1774267599.955824137,0.000901937,0.405000000,0.000000000,1774267599.939073086,0.017652988,0.408101908,0.001225052,640,480,rgb8
2748,images/002748.jpg,1774267599.990062714,1774267599.975790024,0.014272690,0.405000000,0.000000000,1774267599.979058266,0.011004448,0.407230027,0.009989038,640,480,rgb8
2749,images/002749.jpg,1774267600.023399115,1774267600.015819311,0.007579803,0.405000000,0.000000000,1774267600.019054413,0.004344702,0.407687507,0.008042331,640,480,rgb8
2750,images/002750.jpg,1774267600.056735516,1774267600.055777550,0.000957966,0.405000000,0.000000000,1774267600.039030552,0.017704964,0.404991087,0.007915151,640,480,rgb8
2751,images/002751.jpg,1774267600.090071917,1774267600.075828552,0.014243364,0.405000000,0.000000000,1774267600.079122305,0.010949612,0.406554562,0.005243243,640,480,rgb8
2752,images/002752.jpg,1774267600.123408318,1774267600.115826607,0.007581711,0.405000000,0.000000000,1774267600.119040728,0.004367590,0.394270067,-0.000447825,640,480,rgb8
2753,images/002753.jpg,1774267600.156744242,1774267600.155826569,0.000917673,0.405000000,0.000000000,1774267600.139055014,0.017689228,0.394892974,-0.000703114,640,480,rgb8
2754,images/002754.jpg,1774267600.190080166,1774267600.175825357,0.014254808,0.405000000,0.000000000,1774267600.179059744,0.011020422,0.403580987,0.000418663,640,480,rgb8
2755,images/002755.jpg,1774267600.223415852,1774267600.215828896,0.007586956,0.405000000,0.000000000,1774267600.219098568,0.004317284,0.405633092,0.005420984,640,480,rgb8
2756,images/002756.jpg,1774267600.256751537,1774267600.255820751,0.000930786,0.405000000,0.000000000,1774267600.239001751,0.017749786,0.406350421,0.008461390,640,480,rgb8
2757,images/002757.jpg,1774267600.290086985,1774267600.275832891,0.014254093,0.405000000,0.000000000,1774267600.279071808,0.011015177,0.407317427,0.012912445,640,480,rgb8
2758,images/002758.jpg,1774267600.323422432,1774267600.315816879,0.007605553,0.405000000,0.000000000,1774267600.319042206,0.004380226,0.447575389,0.015457979,640,480,rgb8
2759,images/002759.jpg,1774267600.356757641,1774267600.355818510,0.000939131,0.405000000,0.000000000,1774267600.339056015,0.017701626,0.419138811,0.010716402,640,480,rgb8
2760,images/002760.jpg,1774267600.390092611,1774267600.375829697,0.014262915,0.405000000,0.000000000,1774267600.379062891,0.011029720,0.420774194,0.003098681,640,480,rgb8
2761,images/002761.jpg,1774267600.423428059,1774267600.415827274,0.007600784,0.405000000,0.000000000,1774267600.419060230,0.004367828,0.393924616,-0.000435605,640,480,rgb8
2762,images/002762.jpg,1774267600.456782341,1774267600.455813646,0.000968695,0.405000000,0.000000000,1774267600.439138412,0.017643929,0.394409279,-0.000435605,640,480,rgb8
2763,images/002763.jpg,1774267600.490136147,1774267600.475821495,0.014314651,0.405000000,0.000000000,1774267600.479512691,0.010623455,0.403971805,-0.004879571,640,480,rgb8
2764,images/002764.jpg,1774267600.523490429,1774267600.515811920,0.007678509,0.405000000,0.000000000,1774267600.519057035,0.004433393,0.405459141,-0.005744416,640,480,rgb8
2765,images/002765.jpg,1774267600.556869745,1774267600.555831432,0.001038313,0.405000000,0.000000000,1774267600.539063454,0.017806292,0.406050299,-0.001466655,640,480,rgb8
2766,images/002766.jpg,1774267600.590249300,1774267600.575817347,0.014431953,0.405000000,0.000000000,1774267600.579033375,0.011215925,0.406469646,0.009282022,640,480,rgb8
2767,images/002767.jpg,1774267600.623628855,1774267600.615811348,0.007817507,0.405000000,0.000000000,1774267600.619025707,0.004603148,0.472002734,0.010400408,640,480,rgb8
2768,images/002768.jpg,1774267600.657008648,1774267600.655812025,0.001196623,0.405000000,0.000000000,1774267600.639032602,0.017976046,0.431436022,0.013758528,640,480,rgb8
2769,images/002769.jpg,1774267600.690388441,1774267600.675825119,0.014563322,0.405000000,0.000000000,1774267600.679039001,0.011349440,0.412530466,0.014657736,640,480,rgb8
2770,images/002770.jpg,1774267600.723768473,1774267600.715825319,0.007943153,0.405000000,0.000000000,1774267600.719042301,0.004726171,0.413718289,0.007833899,640,480,rgb8
2771,images/002771.jpg,1774267600.757148743,1774267600.755840540,0.001308203,0.405000000,0.000000000,1774267600.739086866,0.018061876,0.404811705,0.008031650,640,480,rgb8
2772,images/002772.jpg,1774267600.790529013,1774267600.775818348,0.014710665,0.405000000,0.000000000,1774267600.779029369,0.011499643,0.405374874,0.006338555,640,480,rgb8
2773,images/002773.jpg,1774267600.823909521,1774267600.815820694,0.008088827,0.405000000,0.000000000,1774267600.819050789,0.004858732,0.351305849,-0.000711268,640,480,rgb8
2774,images/002774.jpg,1774267600.857290030,1774267600.855814219,0.001475811,0.405000000,0.000000000,1774267600.839037180,0.018252850,0.351113471,-0.002829425,640,480,rgb8
2775,images/002775.jpg,1774267600.924051762,1774267600.915812492,0.008239269,0.405000000,0.000000000,1774267600.919048309,0.005003452,0.406352452,-0.013721640,640,480,rgb8
2776,images/002776.jpg,1774267600.957432508,1774267600.955825806,0.001606703,0.405000000,0.000000000,1774267600.939449787,0.017982721,0.406830226,-0.013245081,640,480,rgb8
2777,images/002777.jpg,1774267600.990813971,1774267600.975816965,0.014997005,0.405000000,0.000000000,1774267600.979003191,0.011810780,0.406250343,-0.000348924,640,480,rgb8
2778,images/002778.jpg,1774267601.024195194,1774267601.015813589,0.008381605,0.405000000,0.000000000,1774267601.019003630,0.005191565,0.407043464,0.000637720,640,480,rgb8
2779,images/002779.jpg,1774267601.057576656,1774267601.055822134,0.001754522,0.405000000,0.000000000,1774267601.039019346,0.018557310,0.407492493,-0.001750439,640,480,rgb8
2780,images/002780.jpg,1774267601.090958357,1774267601.075830936,0.015127420,0.405000000,0.000000000,1774267601.079061985,0.011896372,0.408157630,-0.001868064,640,480,rgb8
2781,images/002781.jpg,1774267601.124340057,1774267601.115832567,0.008507490,0.405000000,0.000000000,1774267601.119075298,0.005264759,0.408727358,-0.009421417,640,480,rgb8
2782,images/002782.jpg,1774267601.157721996,1774267601.155832529,0.001889467,0.405000000,0.000000000,1774267601.139052153,0.018669844,0.409168815,-0.006500726,640,480,rgb8
2783,images/002783.jpg,1774267601.191103935,1774267601.175816059,0.015287876,0.405000000,0.000000000,1774267601.179022312,0.012081623,0.409009720,0.002105293,640,480,rgb8
2784,images/002784.jpg,1774267601.224486113,1774267601.215817213,0.008668900,0.405000000,0.000000000,1774267601.218990088,0.005496025,0.408333001,-0.005450547,640,480,rgb8
2785,images/002785.jpg,1774267601.257868290,1774267601.255827427,0.002040863,0.405000000,0.000000000,1774267601.239063501,0.018804789,0.408744843,-0.006834092,640,480,rgb8
2786,images/002786.jpg,1774267601.291250944,1774267601.275833130,0.015417814,0.405000000,0.000000000,1774267601.279040575,0.012210369,0.408795463,-0.005248004,640,480,rgb8
2787,images/002787.jpg,1774267601.324633598,1774267601.315820694,0.008812904,0.405000000,0.000000000,1774267601.319025278,0.005608320,0.407748177,-0.005787897,640,480,rgb8
2788,images/002788.jpg,1774267601.358016014,1774267601.355820417,0.002195597,0.405000000,0.000000000,1774267601.339035749,0.018980265,0.408126855,-0.002389256,640,480,rgb8
2789,images/002789.jpg,1774267601.391399145,1774267601.375831604,0.015567541,0.405000000,0.000000000,1774267601.379056454,0.012342691,0.407856383,0.004197372,640,480,rgb8
2790,images/002790.jpg,1774267601.424782276,1774267601.415827513,0.008954763,0.405000000,0.000000000,1774267601.419095039,0.005687237,0.407735574,0.002024518,640,480,rgb8
2791,images/002791.jpg,1774267601.458165169,1774267601.455820799,0.002344370,0.405000000,0.000000000,1774267601.439128399,0.019036770,0.408092046,0.001567433,640,480,rgb8
2792,images/002792.jpg,1774267601.491548538,1774267601.475835800,0.015712738,0.405000000,0.000000000,1774267601.479078770,0.012469769,0.407876262,0.006525726,640,480,rgb8
2793,images/002793.jpg,1774267601.524931431,1774267601.515818596,0.009112835,0.405000000,0.000000000,1774267601.519042730,0.005888700,0.407095323,0.010179876,640,480,rgb8
2794,images/002794.jpg,1774267601.558287621,1774267601.555824518,0.002463102,0.405000000,0.000000000,1774267601.539058685,0.019228935,0.407422591,0.009102403,640,480,rgb8
2795,images/002795.jpg,1774267601.591644049,1774267601.575841904,0.015802145,0.405000000,0.000000000,1774267601.579056978,0.012587070,0.408260091,0.007879363,640,480,rgb8
2796,images/002796.jpg,1774267601.658341169,1774267601.655825853,0.002515316,0.405000000,0.000000000,1774267601.639058113,0.019283056,0.406912948,0.010626737,640,480,rgb8
2797,images/002797.jpg,1774267601.691689491,1774267601.675823212,0.015866280,0.405000000,0.000000000,1774267601.679030180,0.012659311,0.341321550,0.000373091,640,480,rgb8
2798,images/002798.jpg,1774267601.725037813,1774267601.715829849,0.009207964,0.405000000,0.000000000,1774267601.719043255,0.005994558,0.380856378,-0.000808954,640,480,rgb8
2799,images/002799.jpg,1774267601.758385897,1774267601.755832672,0.002553225,0.405000000,0.000000000,1774267601.739070415,0.019315481,0.380847993,0.006733479,640,480,rgb8
2800,images/002800.jpg,1774267601.791734219,1774267601.775834084,0.015900135,0.405000000,0.000000000,1774267601.779054403,0.012679815,0.326993546,0.011394479,640,480,rgb8
2801,images/002801.jpg,1774267601.825082302,1774267601.815841198,0.009241104,0.405000000,0.000000000,1774267601.819069862,0.006012440,0.401184243,0.017850745,640,480,rgb8
2802,images/002802.jpg,1774267601.858430147,1774267601.855821371,0.002608776,0.405000000,0.000000000,1774267601.839104414,0.019325733,0.401440404,0.019106885,640,480,rgb8
2803,images/002803.jpg,1774267601.891777992,1774267601.875825167,0.015952826,0.405000000,0.000000000,1774267601.879071236,0.012706757,0.406155941,0.012777486,640,480,rgb8
2804,images/002804.jpg,1774267601.925126076,1774267601.915829897,0.009296179,0.405000000,0.000000000,1774267601.919036150,0.006089926,0.407415413,0.006895980,640,480,rgb8
2805,images/002805.jpg,1774267601.958473682,1774267601.955823421,0.002650261,0.405000000,0.000000000,1774267601.939032316,0.019441366,0.407730184,0.006342773,640,480,rgb8
2806,images/002806.jpg,1774267602.025168657,1774267602.015921354,0.009247303,0.405000000,0.000000000,1774267602.019062281,0.006106377,0.408588519,-0.020018125,640,480,rgb8
2807,images/002807.jpg,1774267602.058516026,1774267602.055819511,0.002696514,0.405000000,0.000000000,1774267602.039031029,0.019484997,0.408898468,-0.007923645,640,480,rgb8
2808,images/002808.jpg,1774267602.091863632,1774267602.075818062,0.016045570,0.405000000,0.000000000,1774267602.079037905,0.012825727,0.407205642,0.020348996,640,480,rgb8
2809,images/002809.jpg,1774267602.125210762,1774267602.115812778,0.009397984,0.405000000,0.000000000,1774267602.119033098,0.006177664,0.406425952,0.014901089,640,480,rgb8
2810,images/002810.jpg,1774267602.158557892,1774267602.155825615,0.002732277,0.405000000,0.000000000,1774267602.139199495,0.019358397,0.406693608,0.011396601,640,480,rgb8
2811,images/002811.jpg,1774267602.191905022,1774267602.155825615,0.036079407,0.405000000,0.000000000,1774267602.179052353,0.012852669,0.407385679,0.005429971,640,480,rgb8
2812,images/002812.jpg,1774267602.225251913,1774267602.215826988,0.009424925,0.405000000,0.000000000,1774267602.219037056,0.006214857,0.405610296,0.005346953,640,480,rgb8
2813,images/002813.jpg,1774267602.258598804,1774267602.255899191,0.002699614,0.405000000,0.000000000,1774267602.239125490,0.019473314,0.405850722,0.009213291,640,480,rgb8
2814,images/002814.jpg,1774267602.291945696,1774267602.275815964,0.016129732,0.405000000,0.000000000,1774267602.279059410,0.012886286,0.405155068,0.016873587,640,480,rgb8
2815,images/002815.jpg,1774267602.325292587,1774267602.315813303,0.009479284,0.405000000,0.000000000,1774267602.319081545,0.006211042,0.334536359,0.016633930,640,480,rgb8
2816,images/002816.jpg,1774267602.358639240,1774267602.355811357,0.002827883,0.405000000,0.000000000,1774267602.339188814,0.019450426,0.333898971,0.012516230,640,480,rgb8
2817,images/002817.jpg,1774267602.391985655,1774267602.375811338,0.016174316,0.405000000,0.000000000,1774267602.379048109,0.012937546,0.399730889,0.007211193,640,480,rgb8
2818,images/002818.jpg,1774267602.425332069,1774267602.415781975,0.009550095,0.405000000,0.000000000,1774267602.419042587,0.006289482,0.404125066,0.005529841,640,480,rgb8
2819,images/002819.jpg,1774267602.458678484,1774267602.455818415,0.002860069,0.405000000,0.000000000,1774267602.439078808,0.019599676,0.404348790,-0.001554632,640,480,rgb8
2820,images/002820.jpg,1774267602.492024899,1774267602.475827694,0.016197205,0.405000000,0.000000000,1774267602.479054928,0.012969971,0.407368722,0.002276379,640,480,rgb8
2821,images/002821.jpg,1774267602.525371075,1774267602.515826225,0.009544849,0.405000000,0.000000000,1774267602.519078970,0.006292105,0.472503209,0.007488478,640,480,rgb8
2822,images/002822.jpg,1774267602.558717012,1774267602.555828810,0.002888203,0.405000000,0.000000000,1774267602.539071321,0.019645691,0.473542809,0.004733149,640,480,rgb8
2823,images/002823.jpg,1774267602.592063189,1774267602.575818300,0.016244888,0.405000000,0.000000000,1774267602.579066515,0.012996674,0.431997021,0.000770328,640,480,rgb8
2824,images/002824.jpg,1774267602.625418186,1774267602.615795135,0.009623051,0.405000000,0.000000000,1774267602.619050503,0.006367683,0.411696279,0.002746691,640,480,rgb8
2825,images/002825.jpg,1774267602.658773184,1774267602.655831575,0.002941608,0.405000000,0.000000000,1774267602.639126301,0.019646883,0.411957062,-0.001608372,640,480,rgb8
2826,images/002826.jpg,1774267602.692128181,1774267602.675844431,0.016283751,0.405000000,0.000000000,1774267602.679072142,0.013056040,0.406673710,-0.002030565,640,480,rgb8
2827,images/002827.jpg,1774267602.758881092,1774267602.755832911,0.003048182,0.405000000,0.000000000,1774267602.739052296,0.019828796,0.406933655,0.000898049,640,480,rgb8
2828,images/002828.jpg,1774267602.792257786,1774267602.775827408,0.016430378,0.405000000,0.000000000,1774267602.779062748,0.013195038,0.408193727,-0.005603963,640,480,rgb8
2829,images/002829.jpg,1774267602.825634480,1774267602.815813541,0.009820938,0.405000000,0.000000000,1774267602.819067478,0.006567001,0.407580333,0.000699062,640,480,rgb8
2830,images/002830.jpg,1774267602.859011412,1774267602.855818748,0.003192663,0.405000000,0.000000000,1774267602.839061975,0.019949436,0.407764475,0.000061197,640,480,rgb8
2831,images/002831.jpg,1774267602.892388582,1774267602.875835419,0.016553164,0.405000000,0.000000000,1774267602.879077435,0.013311148,0.407262745,0.000872800,640,480,rgb8
2832,images/002832.jpg,1774267602.925765753,1774267602.915894270,0.009871483,0.405000000,0.000000000,1774267602.919064045,0.006701708,0.386065042,0.003808203,640,480,rgb8
2833,images/002833.jpg,1774267602.959143400,1774267602.955826998,0.003316402,0.405000000,0.000000000,1774267602.959040880,0.000102520,0.397111355,0.004324933,640,480,rgb8
2834,images/002834.jpg,1774267602.992520809,1774267602.975819111,0.016701698,0.405000000,0.000000000,1774267602.979060173,0.013460636,0.397163927,0.004324933,640,480,rgb8
2835,images/002835.jpg,1774267603.025898218,1774267603.015811920,0.010086298,0.405000000,0.000000000,1774267603.019023180,0.006875038,0.403113686,0.008064238,640,480,rgb8
2836,images/002836.jpg,1774267603.059275866,1774267603.055809259,0.003466606,0.405000000,0.000000000,1774267603.059023380,0.000252485,0.405153447,0.008222157,640,480,rgb8
2837,images/002837.jpg,1774267603.126031637,1774267603.115828276,0.010203362,0.405000000,0.000000000,1774267603.119002819,0.007028818,0.437547020,0.009089250,640,480,rgb8
2838,images/002838.jpg,1774267603.159410000,1774267603.155819654,0.003590345,0.405000000,0.000000000,1774267603.139049768,0.020360231,0.438075243,0.006183309,640,480,rgb8
2839,images/002839.jpg,1774267603.192788363,1774267603.175822258,0.016966105,0.405000000,0.000000000,1774267603.179019213,0.013769150,0.409834082,0.006789784,640,480,rgb8
2840,images/002840.jpg,1774267603.226166725,1774267603.215830326,0.010336399,0.405000000,0.000000000,1774267603.219036818,0.007129908,0.357718852,0.009394732,640,480,rgb8
2841,images/002841.jpg,1774267603.259545088,1774267603.255831242,0.003713846,0.405000000,0.000000000,1774267603.259075880,0.000469208,0.388795425,0.011713245,640,480,rgb8
2842,images/002842.jpg,1774267603.292923927,1774267603.275835752,0.017088175,0.405000000,0.000000000,1774267603.279056311,0.013867617,0.388713284,0.010941932,640,480,rgb8
2843,images/002843.jpg,1774267603.326302528,1774267603.315838814,0.010463715,0.405000000,0.000000000,1774267603.319059134,0.007243395,0.402380808,0.014661932,640,480,rgb8
2844,images/002844.jpg,1774267603.359681368,1774267603.355833530,0.003847837,0.405000000,0.000000000,1774267603.359102964,0.000578403,0.405077181,0.012587742,640,480,rgb8
2845,images/002845.jpg,1774267603.393060446,1774267603.375828028,0.017232418,0.405000000,0.000000000,1774267603.379077673,0.013982773,0.407236857,0.009832715,640,480,rgb8
2846,images/002846.jpg,1774267603.426439762,1774267603.415818453,0.010621309,0.405000000,0.000000000,1774267603.419034243,0.007405519,0.407515429,0.005724640,640,480,rgb8
2847,images/002847.jpg,1774267603.459819078,1774267603.455813408,0.004005671,0.405000000,0.000000000,1774267603.459022522,0.000796556,0.406813124,0.005448751,640,480,rgb8
2848,images/002848.jpg,1774267603.493198395,1774267603.475817204,0.017381191,0.405000000,0.000000000,1774267603.479038239,0.014160156,0.408084485,0.002309333,640,480,rgb8
2849,images/002849.jpg,1774267603.526577950,1774267603.515814304,0.010763645,0.405000000,0.000000000,1774267603.519027472,0.007550478,0.408675378,-0.012597358,640,480,rgb8
2850,images/002850.jpg,1774267603.559957743,1774267603.555806398,0.004151344,0.405000000,0.000000000,1774267603.559047699,0.000910044,0.410340257,-0.004221721,640,480,rgb8
2851,images/002851.jpg,1774267603.593337297,1774267603.575816154,0.017521143,0.405000000,0.000000000,1774267603.579044342,0.014292955,0.410502397,0.013086201,640,480,rgb8
2852,images/002852.jpg,1774267603.626717567,1774267603.615824223,0.010893345,0.405000000,0.000000000,1774267603.619092941,0.007624626,0.409817511,0.028042209,640,480,rgb8
2853,images/002853.jpg,1774267603.660097599,1774267603.655827761,0.004269838,0.405000000,0.000000000,1774267603.659040451,0.001057148,0.409383421,0.017869103,640,480,rgb8
2854,images/002854.jpg,1774267603.693477392,1774267603.675843716,0.017633677,0.405000000,0.000000000,1774267603.679064989,0.014412403,0.409680769,0.017770355,640,480,rgb8
2855,images/002855.jpg,1774267603.726834059,1774267603.715833902,0.011000156,0.405000000,0.000000000,1774267603.719051600,0.007782459,0.409843282,0.018588529,640,480,rgb8
2856,images/002856.jpg,1774267603.760190964,1774267603.755825758,0.004365206,0.405000000,0.000000000,1774267603.759042501,0.001148462,0.410126323,0.007071201,640,480,rgb8
2857,images/002857.jpg,1774267603.793547869,1774267603.775841236,0.017706633,0.405000000,0.000000000,1774267603.779932976,0.013614893,0.409725622,0.003716011,640,480,rgb8
2858,images/002858.jpg,1774267603.860236645,1774267603.855824471,0.004412174,0.405000000,0.000000000,1774267603.859031200,0.001205444,0.409571098,0.013725880,640,480,rgb8
2859,images/002859.jpg,1774267603.893580675,1774267603.875818491,0.017762184,0.405000000,0.000000000,1774267603.879046679,0.014533997,0.408730292,0.015876721,640,480,rgb8
2860,images/002860.jpg,1774267603.926924467,1774267603.915819168,0.011105299,0.405000000,0.000000000,1774267603.919043541,0.007880926,0.408959573,0.004388367,640,480,rgb8
2861,images/002861.jpg,1774267603.960268497,1774267603.955826283,0.004442215,0.405000000,0.000000000,1774267603.959045887,0.001222610,0.407636541,-0.001461882,640,480,rgb8
2862,images/002862.jpg,1774267603.993612528,1774267603.975830793,0.017781734,0.405000000,0.000000000,1774267603.979058266,0.014554262,0.406600567,-0.001439846,640,480,rgb8
2863,images/002863.jpg,1774267604.026956320,1774267604.015820026,0.011136293,0.405000000,0.000000000,1774267604.019048214,0.007908106,0.406240948,-0.001093030,640,480,rgb8
2864,images/002864.jpg,1774267604.060299873,1774267604.055841208,0.004458666,0.405000000,0.000000000,1774267604.059177160,0.001122713,0.407562378,0.003005946,640,480,rgb8
2865,images/002865.jpg,1774267604.093643427,1774267604.075812340,0.017831087,0.405000000,0.000000000,1774267604.079070807,0.014572620,0.407651946,0.001026944,640,480,rgb8
2866,images/002866.jpg,1774267604.126986742,1774267604.115810394,0.011176348,0.405000000,0.000000000,1774267604.119047165,0.007939577,0.406290969,-0.003959885,640,480,rgb8
2867,images/002867.jpg,1774267604.160330057,1774267604.155824900,0.004505157,0.405000000,0.000000000,1774267604.159018278,0.001311779,0.353661828,-0.009228145,640,480,rgb8
2868,images/002868.jpg,1774267604.260359526,1774267604.255830765,0.004528761,0.405000000,0.000000000,1774267604.259005547,0.001353979,0.396735346,-0.001492356,640,480,rgb8
2869,images/002869.jpg,1774267604.293702602,1774267604.275828838,0.017873764,0.405000000,0.000000000,1774267604.279034853,0.014667749,0.403031754,-0.007682341,640,480,rgb8
2870,images/002870.jpg,1774267604.327045441,1774267604.315835476,0.011209965,0.405000000,0.000000000,1774267604.319038630,0.008006811,0.405960403,-0.009578233,640,480,rgb8
2871,images/002871.jpg,1774267604.360388279,1774267604.355833530,0.004554749,0.405000000,0.000000000,1774267604.359047890,0.001340389,0.406118452,-0.002579521,640,480,rgb8
2872,images/002872.jpg,1774267604.393730640,1774267604.375828743,0.017901897,0.405000000,0.000000000,1774267604.379065037,0.014665604,0.448803977,0.001847437,640,480,rgb8
2873,images/002873.jpg,1774267604.427073240,1774267604.415833473,0.011239767,0.405000000,0.000000000,1774267604.419053555,0.008019686,0.412167216,0.008796809,640,480,rgb8
2874,images/002874.jpg,1774267604.460415840,1774267604.455831766,0.004584074,0.405000000,0.000000000,1774267604.459055901,0.001359940,0.409215019,0.010468188,640,480,rgb8
2875,images/002875.jpg,1774267604.493757963,1774267604.475835800,0.017922163,0.405000000,0.000000000,1774267604.479044199,0.014713764,0.409309500,0.011221964,640,480,rgb8
2876,images/002876.jpg,1774267604.527100086,1774267604.515818357,0.011281729,0.405000000,0.000000000,1774267604.519017935,0.008082151,0.408897646,0.012575495,640,480,rgb8
2877,images/002877.jpg,1774267604.560442448,1774267604.555819988,0.004622459,0.405000000,0.000000000,1774267604.559025288,0.001417160,0.407747869,0.010153314,640,480,rgb8
2878,images/002878.jpg,1774267604.593784332,1774267604.575822830,0.017961502,0.405000000,0.000000000,1774267604.579032183,0.014752150,0.367752060,0.007240154,640,480,rgb8
2879,images/002879.jpg,1774267604.627126217,1774267604.615824223,0.011301994,0.405000000,0.000000000,1774267604.619056225,0.008069992,0.366919607,0.007488202,640,480,rgb8
2880,images/002880.jpg,1774267604.660468102,1774267604.655827284,0.004640818,0.405000000,0.000000000,1774267604.659051180,0.001416922,0.394387160,0.009407803,640,480,rgb8
2881,images/002881.jpg,1774267604.693809748,1774267604.675827026,0.017982721,0.405000000,0.000000000,1774267604.679006815,0.014802933,0.404753837,0.008323982,640,480,rgb8
2882,images/002882.jpg,1774267604.727151394,1774267604.715823889,0.011327505,0.405000000,0.000000000,1774267604.719062090,0.008089304,0.405494279,0.011467180,640,480,rgb8
2883,images/002883.jpg,1774267604.760492802,1774267604.755820274,0.004672527,0.405000000,0.000000000,1774267604.759064674,0.001428127,0.405796372,0.013933082,640,480,rgb8
2884,images/002884.jpg,1774267604.793834686,1774267604.775817633,0.018017054,0.405000000,0.000000000,1774267604.779078007,0.014756680,0.405857313,0.013933082,640,480,rgb8
2885,images/002885.jpg,1774267604.827189922,1774267604.815835714,0.011354208,0.405000000,0.000000000,1774267604.819057226,0.008132696,0.407498086,0.011005395,640,480,rgb8
2886,images/002886.jpg,1774267604.860545397,1774267604.855819702,0.004725695,0.405000000,0.000000000,1774267604.859042883,0.001502514,0.407491473,0.013030236,640,480,rgb8
2887,images/002887.jpg,1774267604.893900633,1774267604.875839233,0.018061399,0.405000000,0.000000000,1774267604.879072666,0.014827967,0.407410047,0.014548592,640,480,rgb8
2888,images/002888.jpg,1774267604.927256346,1774267604.915828228,0.011428118,0.405000000,0.000000000,1774267604.919038773,0.008217573,0.407560400,0.008241158,640,480,rgb8
2889,images/002889.jpg,1774267604.960612059,1774267604.957408428,0.003203630,0.405000000,0.000000000,1774267604.959311724,0.001300335,0.408246747,0.000826193,640,480,rgb8
2890,images/002890.jpg,1774267604.993967772,1774267604.975815058,0.018152714,0.405000000,0.000000000,1774267604.979029655,0.014938116,0.412325517,-0.001172229,640,480,rgb8
2891,images/002891.jpg,1774267605.027323484,1774267605.015826702,0.011496782,0.405000000,0.000000000,1774267605.019050598,0.008272886,0.414508986,-0.013334733,640,480,rgb8
2892,images/002892.jpg,1774267605.060679197,1774267605.055840492,0.004838705,0.405000000,0.000000000,1774267605.059056520,0.001622677,0.415214071,-0.017150806,640,480,rgb8
2893,images/002893.jpg,1774267605.094034910,1774267605.075824022,0.018210888,0.405000000,0.000000000,1774267605.079065084,0.014969826,0.415373508,-0.007554806,640,480,rgb8
2894,images/002894.jpg,1774267605.127390623,1774267605.115808010,0.011582613,0.405000000,0.000000000,1774267605.119041920,0.008348703,0.417098076,0.015839945,640,480,rgb8
2895,images/002895.jpg,1774267605.160746574,1774267605.155825615,0.004920959,0.405000000,0.000000000,1774267605.159025192,0.001721382,0.416231473,0.027752046,640,480,rgb8
2896,images/002896.jpg,1774267605.194102287,1774267605.175825834,0.018276453,0.405000000,0.000000000,1774267605.179069042,0.015033245,0.415741709,0.027616089,640,480,rgb8
2897,images/002897.jpg,1774267605.227458000,1774267605.215829134,0.011628866,0.405000000,0.000000000,1774267605.219014883,0.008443117,0.409550401,0.018518809,640,480,rgb8
2898,images/002898.jpg,1774267605.260813951,1774267605.255814791,0.004999161,0.405000000,0.000000000,1774267605.259015083,0.001798868,0.408075530,0.012692743,640,480,rgb8
2899,images/002899.jpg,1774267605.294169664,1774267605.275824547,0.018345118,0.405000000,0.000000000,1774267605.279047489,0.015122175,0.408130647,0.009525619,640,480,rgb8
2900,images/002900.jpg,1774267605.360881329,1774267605.355817080,0.005064249,0.405000000,0.000000000,1774267605.359046936,0.001834393,0.406397824,-0.000803620,640,480,rgb8
2901,images/002901.jpg,1774267605.394237280,1774267605.375817537,0.018419743,0.405000000,0.000000000,1774267605.379037619,0.015199661,0.407700036,-0.000806005,640,480,rgb8
2902,images/002902.jpg,1774267605.427592993,1774267605.415818930,0.011774063,0.405000000,0.000000000,1774267605.419069529,0.008523464,0.407795836,0.004649155,640,480,rgb8
2903,images/002903.jpg,1774267605.460948944,1774267605.455815792,0.005133152,0.000000000,-0.810000000,1774267605.459043026,0.001905918,0.343397204,0.006024952,640,480,rgb8
2904,images/002904.jpg,1774267605.494304895,1774267605.475843430,0.018461466,0.000000000,-0.810000000,1774267605.479074955,0.015229940,0.384826402,0.001428744,640,480,rgb8
2905,images/002905.jpg,1774267605.527660847,1774267605.515820026,0.011840820,0.000000000,-0.810000000,1774267605.519046783,0.008614063,0.398238092,-0.023621850,640,480,rgb8
2906,images/002906.jpg,1774267605.561016798,1774267605.555821657,0.005195141,0.000000000,-0.810000000,1774267605.559051037,0.001965761,0.370639763,-0.144672224,640,480,rgb8
2907,images/002907.jpg,1774267605.594372511,1774267605.575827360,0.018545151,0.000000000,-0.810000000,1774267605.579177141,0.015195370,0.370255323,-0.254112584,640,480,rgb8
2908,images/002908.jpg,1774267605.627728462,1774267605.615813732,0.011914730,0.000000000,-0.810000000,1774267605.619055986,0.008672476,0.285192387,-0.374903292,640,480,rgb8
2909,images/002909.jpg,1774267605.661084414,1774267605.655811310,0.005273104,0.000000000,-0.810000000,1774267605.659044504,0.002039909,0.206591536,-0.464853630,640,480,rgb8
2910,images/002910.jpg,1774267605.694440603,1774267605.675816059,0.018624544,0.000000000,-0.309886275,1774267605.679057360,0.015383244,0.141256292,-0.466231878,640,480,rgb8
2911,images/002911.jpg,1774267605.727796555,1774267605.715813398,0.011983156,0.000000000,0.000000000,1774267605.719043016,0.008753538,0.135032816,-0.533175527,640,480,rgb8
2912,images/002912.jpg,1774267605.761152506,1774267605.755816460,0.005336046,0.000000000,0.000000000,1774267605.759029388,0.002123117,0.058859290,-0.313075954,640,480,rgb8
2913,images/002913.jpg,1774267605.794508457,1774267605.775824547,0.018683910,0.000000000,0.000000000,1774267605.779049635,0.015458822,0.034454589,-0.114827026,640,480,rgb8
2914,images/002914.jpg,1774267605.827864408,1774267605.815818787,0.012045622,0.000000000,0.000000000,1774267605.819044590,0.008819818,0.013699620,-0.017453554,640,480,rgb8
2915,images/002915.jpg,1774267605.861220598,1774267605.855830669,0.005389929,0.000000000,0.000000000,1774267605.859030962,0.002189636,0.002525318,-0.024392102,640,480,rgb8
2916,images/002916.jpg,1774267605.894576550,1774267605.875841379,0.018735170,0.000000000,0.000000000,1774267605.879040003,0.015536547,-0.001862086,-0.013576710,640,480,rgb8
2917,images/002917.jpg,1774267605.927932024,1774267605.915834427,0.012097597,0.000000000,0.000000000,1774267605.919064522,0.008867502,-0.002533722,0.015241269,640,480,rgb8
2918,images/002918.jpg,1774267605.961287737,1774267605.955826998,0.005460739,0.405000000,0.000000000,1774267605.959051371,0.002236366,0.001192456,0.010990181,640,480,rgb8
2919,images/002919.jpg,1774267606.028031111,1774267606.015842199,0.012188911,0.405000000,0.000000000,1774267606.019002914,0.009028196,-0.004641231,-0.054247252,640,480,rgb8
2920,images/002920.jpg,1774267606.061402798,1774267606.055834293,0.005568504,0.405000000,0.000000000,1774267606.059027910,0.002374887,-0.003002275,-0.003920738,640,480,rgb8
2921,images/002921.jpg,1774267606.094775200,1774267606.075879574,0.018895626,0.405000000,0.000000000,1774267606.079034328,0.015740871,0.041331075,0.002374710,640,480,rgb8
2922,images/002922.jpg,1774267606.128147364,1774267606.115820646,0.012326717,0.405000000,0.000000000,1774267606.119068146,0.009079218,0.126138629,-0.005740869,640,480,rgb8
2923,images/002923.jpg,1774267606.161519766,1774267606.155822039,0.005697727,0.405000000,0.000000000,1774267606.159039259,0.002480507,0.121678381,-0.011569193,640,480,rgb8
2924,images/002924.jpg,1774267606.194892645,1774267606.175868273,0.019024372,0.405000000,0.000000000,1774267606.179065466,0.015827179,0.293080981,-0.013029476,640,480,rgb8
2925,images/002925.jpg,1774267606.228265285,1774267606.215839386,0.012425900,0.405000000,0.000000000,1774267606.219053030,0.009212255,0.330138320,0.005772145,640,480,rgb8
2926,images/002926.jpg,1774267606.261638641,1774267606.255820036,0.005818605,0.405000000,0.000000000,1774267606.259058475,0.002580166,0.378781542,-0.006183839,640,480,rgb8
2927,images/002927.jpg,1774267606.295011997,1774267606.275857687,0.019154310,0.405000000,0.000000000,1774267606.279030561,0.015981436,0.379705469,-0.012633472,640,480,rgb8
2928,images/002928.jpg,1774267606.328385353,1774267606.315815687,0.012569666,0.405000000,0.000000000,1774267606.319040298,0.009345055,0.402294077,-0.022388917,640,480,rgb8
2929,images/002929.jpg,1774267606.361758947,1774267606.355813026,0.005945921,0.405000000,0.000000000,1774267606.359021902,0.002737045,0.414304985,0.029880453,640,480,rgb8
2930,images/002930.jpg,1774267606.395133018,1774267606.375820875,0.019312143,0.405000000,0.000000000,1774267606.379045486,0.016087532,0.415597687,0.029880453,640,480,rgb8
2931,images/002931.jpg,1774267606.428507090,1774267606.415818453,0.012688637,0.405000000,0.000000000,1774267606.419027567,0.009479523,0.413876513,-0.008642443,640,480,rgb8
2932,images/002932.jpg,1774267606.461881399,1774267606.455813408,0.006067991,0.405000000,0.000000000,1774267606.459047556,0.002833843,0.416354855,0.001360056,640,480,rgb8
2933,images/002933.jpg,1774267606.495255947,1774267606.475812435,0.019443512,0.405000000,0.000000000,1774267606.479035616,0.016220331,0.410916176,0.011892417,640,480,rgb8
2934,images/002934.jpg,1774267606.528630257,1774267606.515810966,0.012819290,0.405000000,0.000000000,1774267606.519024134,0.009606123,0.408932495,0.010738548,640,480,rgb8
2935,images/002935.jpg,1774267606.562005281,1774267606.555842876,0.006162405,0.405000000,0.000000000,1774267606.559075117,0.002930164,0.406781026,0.001252586,640,480,rgb8
2936,images/002936.jpg,1774267606.595380306,1774267606.575833321,0.019546986,0.405000000,0.000000000,1774267606.579055786,0.016324520,0.407831622,0.001252586,640,480,rgb8
2937,images/002937.jpg,1774267606.628755569,1774267606.615896463,0.012859106,0.405000000,0.000000000,1774267606.619089365,0.009666204,0.342851846,-0.002429297,640,480,rgb8
2938,images/002938.jpg,1774267606.662131071,1774267606.655853510,0.006277561,0.405000000,0.000000000,1774267606.659114599,0.003016472,0.389961292,0.000721513,640,480,rgb8
2939,images/002939.jpg,1774267606.695506811,1774267606.675833941,0.019672871,0.405000000,0.000000000,1774267606.679064989,0.016441822,0.390769047,0.000872161,640,480,rgb8
2940,images/002940.jpg,1774267606.728882551,1774267606.715816021,0.013066530,0.405000000,0.000000000,1774267606.719034195,0.009848356,0.396535686,-0.002498198,640,480,rgb8
2941,images/002941.jpg,1774267606.762258768,1774267606.755813360,0.006445408,0.405000000,0.000000000,1774267606.759043932,0.003214836,0.398272488,-0.000418463,640,480,rgb8
2942,images/002942.jpg,1774267606.795634985,1774267606.775807142,0.019827843,0.405000000,0.000000000,1774267606.779057264,0.016577721,0.404623701,-0.000785478,640,480,rgb8
2943,images/002943.jpg,1774267606.829011440,1774267606.815812349,0.013199091,0.405000000,0.000000000,1774267606.819047213,0.009964228,0.447979083,-0.002432430,640,480,rgb8
2944,images/002944.jpg,1774267606.862387896,1774267606.855805635,0.006582260,0.405000000,0.000000000,1774267606.859041929,0.003345966,0.418390756,0.005600138,640,480,rgb8
2945,images/002945.jpg,1774267606.895764828,1774267606.875814199,0.019950628,0.405000000,0.000000000,1774267606.879060268,0.016704559,0.419435329,0.008668853,640,480,rgb8
2946,images/002946.jpg,1774267606.929141760,1774267606.915824175,0.013317585,0.405000000,0.000000000,1774267606.919049740,0.010092020,0.439342442,0.005500421,640,480,rgb8
2947,images/002947.jpg,1774267606.962518692,1774267606.955831528,0.006687164,0.405000000,0.000000000,1774267606.959045887,0.003472805,0.411897431,0.010267256,640,480,rgb8
2948,images/002948.jpg,1774267606.995877266,1774267606.995810986,0.000066280,0.405000000,0.000000000,1774267606.979049921,0.016827345,0.359409911,0.012474784,640,480,rgb8
2949,images/002949.jpg,1774267607.029235840,1774267607.015818596,0.013417244,0.405000000,0.000000000,1774267607.019115210,0.010120630,0.359863123,0.015879802,640,480,rgb8
2950,images/002950.jpg,1774267607.062594175,1774267607.055827618,0.006766558,0.405000000,0.000000000,1774267607.059031725,0.003562450,0.389089442,0.016935036,640,480,rgb8
2951,images/002951.jpg,1774267607.095946312,1774267607.095817089,0.000129223,0.405000000,0.000000000,1774267607.079062939,0.016883373,0.399693053,0.017885755,640,480,rgb8
2952,images/002952.jpg,1774267607.129298449,1774267607.115823984,0.013474464,0.405000000,0.000000000,1774267607.119019747,0.010278702,0.405775832,0.007511133,640,480,rgb8
2953,images/002953.jpg,1774267607.162650108,1774267607.155815840,0.006834269,0.405000000,0.000000000,1774267607.159018993,0.003631115,0.407280667,-0.012085790,640,480,rgb8
2954,images/002954.jpg,1774267607.196002245,1774267607.195820808,0.000181437,0.405000000,0.000000000,1774267607.179027081,0.016975164,0.406531048,-0.017188867,640,480,rgb8
2955,images/002955.jpg,1774267607.229353905,1774267607.215823174,0.013530731,0.405000000,0.000000000,1774267607.219044924,0.010308981,0.427011546,-0.014197281,640,480,rgb8
2956,images/002956.jpg,1774267607.262705803,1774267607.255827188,0.006878614,0.405000000,0.000000000,1774267607.259048700,0.003657103,0.418227952,-0.007657884,640,480,rgb8
2957,images/002957.jpg,1774267607.296057940,1774267607.295799494,0.000258446,0.405000000,0.000000000,1774267607.279046059,0.017011881,0.419057435,-0.000031622,640,480,rgb8
2958,images/002958.jpg,1774267607.329409599,1774267607.315818071,0.013591528,0.405000000,0.000000000,1774267607.319074869,0.010334730,0.412660585,0.006149601,640,480,rgb8
2959,images/002959.jpg,1774267607.362761497,1774267607.355818510,0.006942987,0.405000000,0.000000000,1774267607.359094143,0.003667355,0.409783977,0.004699969,640,480,rgb8
2960,images/002960.jpg,1774267607.396113396,1774267607.395815611,0.000297785,0.405000000,0.000000000,1774267607.379047632,0.017065763,0.408180494,-0.004145080,640,480,rgb8
2961,images/002961.jpg,1774267607.429465055,1774267607.415812016,0.013653040,0.405000000,0.000000000,1774267607.419014931,0.010450125,0.409677815,-0.009536994,640,480,rgb8
2962,images/002962.jpg,1774267607.462816715,1774267607.455823898,0.006992817,0.405000000,0.000000000,1774267607.459018230,0.003798485,0.410425356,-0.011160217,640,480,rgb8
2963,images/002963.jpg,1774267607.562871933,1774267607.555830717,0.007041216,0.405000000,0.000000000,1774267607.559047222,0.003824711,0.408251908,-0.015295759,640,480,rgb8
2964,images/002964.jpg,1774267607.596223593,1774267607.595822811,0.000400782,0.405000000,0.000000000,1774267607.579074621,0.017148972,0.408300321,-0.017617462,640,480,rgb8
2965,images/002965.jpg,1774267607.629575253,1774267607.615823746,0.013751507,0.405000000,0.000000000,1774267607.619036198,0.010539055,0.409452316,-0.015362983,640,480,rgb8
2966,images/002966.jpg,1774267607.662926674,1774267607.655812025,0.007114649,0.405000000,0.000000000,1774267607.659039259,0.003887415,0.408982720,-0.004837143,640,480,rgb8
2967,images/002967.jpg,1774267607.696278334,1774267607.695824623,0.000453711,0.405000000,0.000000000,1774267607.679046869,0.017231464,0.406916815,-0.004949255,640,480,rgb8
2968,images/002968.jpg,1774267607.729629993,1774267607.715825081,0.013804913,0.405000000,0.000000000,1774267607.719048977,0.010581017,0.406083025,-0.013916132,640,480,rgb8
2969,images/002969.jpg,1774267607.762981415,1774267607.755835056,0.007146358,0.405000000,0.000000000,1774267607.759093046,0.003888369,0.407088145,-0.011514753,640,480,rgb8
2970,images/002970.jpg,1774267607.796333075,1774267607.795821905,0.000511169,0.405000000,0.000000000,1774267607.779097080,0.017235994,0.408246338,-0.007771166,640,480,rgb8
2971,images/002971.jpg,1774267607.829684496,1774267607.815826416,0.013858080,0.405000000,0.000000000,1774267607.819012165,0.010672331,0.408159898,0.002954712,640,480,rgb8
2972,images/002972.jpg,1774267607.863036156,1774267607.855829000,0.007207155,0.405000000,0.000000000,1774267607.859029531,0.004006624,0.407905703,0.006549328,640,480,rgb8
2973,images/002973.jpg,1774267607.896387339,1774267607.895824194,0.000563145,0.405000000,0.000000000,1774267607.879032850,0.017354488,0.408387015,0.006916992,640,480,rgb8
2974,images/002974.jpg,1774267607.929738998,1774267607.915823698,0.013915300,0.405000000,0.000000000,1774267607.919032574,0.010706425,0.408245872,0.000151972,640,480,rgb8
2975,images/002975.jpg,1774267607.963090420,1774267607.955825806,0.007264614,0.405000000,0.000000000,1774267607.959032059,0.004058361,0.408998461,0.004583160,640,480,rgb8
2976,images/002976.jpg,1774267607.996441841,1774267607.995839119,0.000602722,0.405000000,0.000000000,1774267607.979038715,0.017403126,0.407171815,0.006619889,640,480,rgb8
2977,images/002977.jpg,1774267608.029793262,1774267608.015830040,0.013963223,0.405000000,0.000000000,1774267608.019038439,0.010754824,0.406156631,0.001656735,640,480,rgb8
2978,images/002978.jpg,1774267608.063144684,1774267608.055842876,0.007301807,0.405000000,0.000000000,1774267608.059040070,0.004104614,0.406986133,0.002150829,640,480,rgb8
2979,images/002979.jpg,1774267608.096503019,1774267608.095839977,0.000663042,0.405000000,0.000000000,1774267608.079069376,0.017433643,0.384360207,0.001572524,640,480,rgb8
2980,images/002980.jpg,1774267608.129861116,1774267608.115846634,0.014014482,0.405000000,0.000000000,1774267608.119030952,0.010830164,0.394517312,-0.004776344,640,480,rgb8
2981,images/002981.jpg,1774267608.196569920,1774267608.195834160,0.000735760,0.405000000,0.000000000,1774267608.179052591,0.017517328,0.465505451,0.000396920,640,480,rgb8
2982,images/002982.jpg,1774267608.229923964,1774267608.215829372,0.014094591,0.405000000,0.000000000,1774267608.219014645,0.010909319,0.419376047,-0.001328921,640,480,rgb8
2983,images/002983.jpg,1774267608.263278246,1774267608.255818367,0.007459879,0.405000000,0.000000000,1774267608.259025574,0.004252672,0.412609925,0.000083502,640,480,rgb8
2984,images/002984.jpg,1774267608.296632290,1774267608.295816898,0.000815392,0.405000000,0.000000000,1774267608.279046535,0.017585754,0.408492600,0.002602861,640,480,rgb8
2985,images/002985.jpg,1774267608.329986572,1774267608.315813780,0.014172792,0.405000000,0.000000000,1774267608.319061756,0.010924816,0.409244692,-0.001454121,640,480,rgb8
2986,images/002986.jpg,1774267608.363340855,1774267608.355842113,0.007498741,0.405000000,0.000000000,1774267608.359041929,0.004298925,0.407411690,-0.000171889,640,480,rgb8
2987,images/002987.jpg,1774267608.396694899,1774267608.395825148,0.000869751,0.405000000,0.000000000,1774267608.379069567,0.017625332,0.385724592,0.002771619,640,480,rgb8
2988,images/002988.jpg,1774267608.430048943,1774267608.415825605,0.014223337,0.405000000,0.000000000,1774267608.419034243,0.011014700,0.395912516,0.009766870,640,480,rgb8
2989,images/002989.jpg,1774267608.463402987,1774267608.455827236,0.007575750,0.405000000,0.000000000,1774267608.459042788,0.004360199,0.465656750,0.009929120,640,480,rgb8
2990,images/002990.jpg,1774267608.496757030,1774267608.495815754,0.000941277,0.405000000,0.000000000,1774267608.479032993,0.017724037,0.466706750,0.014226178,640,480,rgb8
2991,images/002991.jpg,1774267608.530110836,1774267608.515814781,0.014296055,0.405000000,0.000000000,1774267608.519009590,0.011101246,0.429603833,0.016340221,640,480,rgb8
2992,images/002992.jpg,1774267608.563464880,1774267608.555808306,0.007656574,0.405000000,0.000000000,1774267608.559025049,0.004439831,0.416408400,0.024814696,640,480,rgb8
2993,images/002993.jpg,1774267608.596818924,1774267608.595812082,0.001006842,0.405000000,0.000000000,1774267608.579042673,0.017776251,0.416815057,0.024814696,640,480,rgb8
2994,images/002994.jpg,1774267608.663526535,1774267608.655828238,0.007698298,0.405000000,0.000000000,1774267608.659085274,0.004441261,0.383680698,-0.000267017,640,480,rgb8
2995,images/002995.jpg,1774267608.696880341,1774267608.695811272,0.001069069,0.405000000,0.000000000,1774267608.679064512,0.017815828,0.383672619,-0.010442916,640,480,rgb8
2996,images/002996.jpg,1774267608.730234146,1774267608.715811968,0.014422178,0.405000000,0.000000000,1774267608.719037294,0.011196852,0.334741205,-0.016550286,640,480,rgb8
2997,images/002997.jpg,1774267608.763587952,1774267608.755782127,0.007805824,0.405000000,0.000000000,1774267608.759112835,0.004475117,0.382053104,-0.016459436,640,480,rgb8
2998,images/002998.jpg,1774267608.796941757,1774267608.795820713,0.001121044,0.405000000,0.000000000,1774267608.779015541,0.017926216,0.382038408,-0.011279723,640,480,rgb8
2999,images/002999.jpg,1774267608.830295086,1774267608.815826893,0.014468193,0.405000000,0.000000000,1774267608.819112539,0.011182547,0.401481647,0.001361164,640,480,rgb8
3000,images/003000.jpg,1774267608.863648891,1774267608.855822802,0.007826090,0.405000000,0.000000000,1774267608.859029055,0.004619837,0.408455544,0.005167473,640,480,rgb8
3001,images/003001.jpg,1774267608.897002459,1774267608.895817041,0.001185417,0.405000000,0.000000000,1774267608.879367590,0.017634869,0.408890859,0.011157985,640,480,rgb8
3002,images/003002.jpg,1774267608.930356026,1774267608.915815115,0.014540911,0.405000000,0.000000000,1774267608.919012785,0.011343241,0.409483806,0.000923639,640,480,rgb8
3003,images/003003.jpg,1774267608.963709354,1774267608.955815554,0.007893801,0.405000000,0.000000000,1774267608.959042072,0.004667282,0.408533121,-0.007184141,640,480,rgb8
3004,images/003004.jpg,1774267608.997062922,1774267608.995808363,0.001254559,0.405000000,0.000000000,1774267608.979056835,0.018006086,0.406029665,-0.009055480,640,480,rgb8
3005,images/003005.jpg,1774267609.030416489,1774267609.015812159,0.014604330,0.405000000,0.000000000,1774267609.019039392,0.011377096,0.406269543,-0.008788994,640,480,rgb8
3006,images/003006.jpg,1774267609.063770056,1774267609.055816174,0.007953882,0.405000000,0.000000000,1774267609.059035063,0.004734993,0.406262741,-0.014800425,640,480,rgb8
3007,images/003007.jpg,1774267609.097123384,1774267609.095816612,0.001306772,0.405000000,0.000000000,1774267609.079082966,0.018040419,0.406500681,-0.014740787,640,480,rgb8
3008,images/003008.jpg,1774267609.130476713,1774267609.115821838,0.014654875,0.405000000,0.000000000,1774267609.119060755,0.011415958,0.407838332,-0.012226084,640,480,rgb8
3009,images/003009.jpg,1774267609.163834572,1774267609.155827284,0.008007288,0.405000000,0.000000000,1774267609.159047127,0.004787445,0.406799336,-0.007357459,640,480,rgb8
3010,images/003010.jpg,1774267609.197192192,1774267609.195832968,0.001359224,0.405000000,0.000000000,1774267609.179244757,0.017947435,0.406008703,-0.002349932,640,480,rgb8
3011,images/003011.jpg,1774267609.230549812,1774267609.215836525,0.014713287,0.405000000,0.000000000,1774267609.219057560,0.011492252,0.406440468,-0.002123121,640,480,rgb8
3012,images/003012.jpg,1774267609.297263145,1774267609.295825958,0.001437187,0.405000000,0.000000000,1774267609.279064655,0.018198490,0.399835490,-0.000762493,640,480,rgb8
3013,images/003013.jpg,1774267609.330619812,1774267609.315825701,0.014794111,0.405000000,0.000000000,1774267609.319076061,0.011543751,0.352619803,0.002080236,640,480,rgb8
3014,images/003014.jpg,1774267609.363976240,1774267609.355829716,0.008146524,0.405000000,0.000000000,1774267609.359027386,0.004948854,0.384461743,0.001872998,640,480,rgb8
3015,images/003015.jpg,1774267609.397332907,1774267609.395820618,0.001512289,0.405000000,0.000000000,1774267609.379040718,0.018292189,0.384423998,0.001173835,640,480,rgb8
3016,images/003016.jpg,1774267609.430689335,1774267609.415814161,0.014875174,0.405000000,0.000000000,1774267609.419016838,0.011672497,0.402836354,0.002305161,640,480,rgb8
3017,images/003017.jpg,1774267609.464046240,1774267609.455829144,0.008217096,0.405000000,0.000000000,1774267609.459042072,0.005004168,0.405046192,0.006562283,640,480,rgb8
3018,images/003018.jpg,1774267609.497402668,1774267609.495829344,0.001573324,0.405000000,0.000000000,1774267609.479035854,0.018366814,0.407227116,0.006517833,640,480,rgb8
3019,images/003019.jpg,1774267609.530759096,1774267609.515815973,0.014943123,0.405000000,0.000000000,1774267609.519022942,0.011736155,0.409566664,0.007716224,640,480,rgb8
3020,images/003020.jpg,1774267609.564115524,1774267609.555812597,0.008302927,0.405000000,0.000000000,1774267609.559035301,0.005080223,0.410074672,0.004186784,640,480,rgb8
3021,images/003021.jpg,1774267609.597472191,1774267609.595813513,0.001658678,0.405000000,0.000000000,1774267609.579032898,0.018439293,0.387516537,0.004071825,640,480,rgb8
3022,images/003022.jpg,1774267609.630828619,1774267609.615824938,0.015003681,0.405000000,0.000000000,1774267609.619055986,0.011772633,0.347580623,0.008199861,640,480,rgb8
3023,images/003023.jpg,1774267609.664184809,1774267609.655813456,0.008371353,0.405000000,0.000000000,1774267609.659046173,0.005138636,0.385017637,0.000726979,640,480,rgb8
3024,images/003024.jpg,1774267609.697541237,1774267609.695829391,0.001711845,0.405000000,0.000000000,1774267609.679031134,0.018510103,0.384980109,0.003003523,640,480,rgb8
3025,images/003025.jpg,1774267609.764254093,1774267609.755817175,0.008436918,0.405000000,0.000000000,1774267609.759044409,0.005209684,0.405636515,0.009371804,640,480,rgb8
3026,images/003026.jpg,1774267609.797610283,1774267609.795809269,0.001801014,0.405000000,0.000000000,1774267609.779013872,0.018596411,0.405969763,0.005344767,640,480,rgb8
3027,images/003027.jpg,1774267609.830966711,1774267609.815817833,0.015148878,0.405000000,0.000000000,1774267609.819087744,0.011878967,0.406388543,-0.000897167,640,480,rgb8
3028,images/003028.jpg,1774267609.864322901,1774267609.855818748,0.008504152,0.405000000,0.000000000,1774267609.859030008,0.005292892,0.407037784,0.003702378,640,480,rgb8
3029,images/003029.jpg,1774267609.897679329,1774267609.895820618,0.001858711,0.405000000,0.000000000,1774267609.879059076,0.018620253,0.407249602,0.003152168,640,480,rgb8
3030,images/003030.jpg,1774267609.931035757,1774267609.915820122,0.015215635,0.405000000,0.000000000,1774267609.919066429,0.011969328,0.406773841,0.005674712,640,480,rgb8
3031,images/003031.jpg,1774267609.964391947,1774267609.955835342,0.008556604,0.405000000,0.000000000,1774267609.959204197,0.005187750,0.406754952,0.015255276,640,480,rgb8
3032,images/003032.jpg,1774267609.997748137,1774267609.995834589,0.001913548,0.405000000,0.000000000,1774267609.979115963,0.018632174,0.406949500,0.017635648,640,480,rgb8
3033,images/003033.jpg,1774267610.031104326,1774267610.015828371,0.015275955,0.405000000,0.000000000,1774267610.019058228,0.012046099,0.410240518,0.016008872,640,480,rgb8
3034,images/003034.jpg,1774267610.064460516,1774267610.055818319,0.008642197,0.405000000,0.000000000,1774267610.059043884,0.005416632,0.409954975,0.016234172,640,480,rgb8
3035,images/003035.jpg,1774267610.097816706,1774267610.095829964,0.001986742,0.405000000,0.000000000,1774267610.079162359,0.018654346,0.410177522,0.023836940,640,480,rgb8
3036,images/003036.jpg,1774267610.131172895,1774267610.115815401,0.015357494,0.405000000,0.000000000,1774267610.119008303,0.012164593,0.411049722,0.028174742,640,480,rgb8
3037,images/003037.jpg,1774267610.164528847,1774267610.155822515,0.008706331,0.405000000,0.000000000,1774267610.159028292,0.005500555,0.411503292,0.022638274,640,480,rgb8
3038,images/003038.jpg,1774267610.197885036,1774267610.195778608,0.002106428,0.405000000,0.000000000,1774267610.179031849,0.018853188,0.345327640,0.007737990,640,480,rgb8
3039,images/003039.jpg,1774267610.231241226,1774267610.215817451,0.015423775,0.405000000,0.000000000,1774267610.219064474,0.012176752,0.383505505,0.001744608,640,480,rgb8
3040,images/003040.jpg,1774267610.264598608,1774267610.255830765,0.008767843,0.405000000,0.000000000,1774267610.259040117,0.005558491,0.357736616,0.000882969,640,480,rgb8
3041,images/003041.jpg,1774267610.297955751,1774267610.295830250,0.002125502,0.405000000,0.000000000,1774267610.279073715,0.018882036,0.357311175,-0.003922866,640,480,rgb8
3042,images/003042.jpg,1774267610.331313133,1774267610.315833330,0.015479803,0.405000000,0.000000000,1774267610.319099188,0.012213945,0.400001294,-0.008218665,640,480,rgb8
3043,images/003043.jpg,1774267610.398025751,1774267610.395837545,0.002188206,0.405000000,0.000000000,1774267610.379019022,0.019006729,0.403038486,0.003211318,640,480,rgb8
3044,images/003044.jpg,1774267610.431381702,1774267610.415817738,0.015563965,0.405000000,0.000000000,1774267610.419022322,0.012359381,0.404959294,-0.004669615,640,480,rgb8
3045,images/003045.jpg,1774267610.464737892,1774267610.455830812,0.008907080,0.405000000,0.000000000,1774267610.459034204,0.005703688,0.407345481,-0.000628515,640,480,rgb8
3046,images/003046.jpg,1774267610.498093843,1774267610.495827436,0.002266407,0.405000000,0.000000000,1774267610.479056597,0.019037247,0.408059188,-0.000634229,640,480,rgb8
3047,images/003047.jpg,1774267610.531449795,1774267610.515829325,0.015620470,0.405000000,0.000000000,1774267610.519067764,0.012382030,0.407202507,-0.002668680,640,480,rgb8
3048,images/003048.jpg,1774267610.564805746,1774267610.555836201,0.008969545,0.405000000,0.000000000,1774267610.559084415,0.005721331,0.407555912,-0.002348385,640,480,rgb8
3049,images/003049.jpg,1774267610.598161697,1774267610.595819950,0.002341747,0.405000000,0.000000000,1774267610.579133034,0.019028664,0.386573483,-0.000639793,640,480,rgb8
3050,images/003050.jpg,1774267610.631517649,1774267610.615823030,0.015694618,0.405000000,0.000000000,1774267610.619064569,0.012453079,0.398479536,0.001038345,640,480,rgb8
3051,images/003051.jpg,1774267610.664873362,1774267610.655818462,0.009054899,0.405000000,0.000000000,1774267610.659044266,0.005829096,0.408029280,-0.000717932,640,480,rgb8
3052,images/003052.jpg,1774267610.698229313,1774267610.695811987,0.002417326,0.405000000,0.000000000,1774267610.679038286,0.019191027,0.408216141,0.000463936,640,480,rgb8
3053,images/003053.jpg,1774267610.731585026,1774267610.715812206,0.015772820,0.405000000,0.000000000,1774267610.719045639,0.012539387,0.410180193,0.006773806,640,480,rgb8
3054,images/003054.jpg,1774267610.764940739,1774267610.755795240,0.009145498,0.405000000,0.000000000,1774267610.759034395,0.005906343,0.411466332,-0.003339002,640,480,rgb8
3055,images/003055.jpg,1774267610.798296452,1774267610.795821428,0.002475023,0.405000000,0.000000000,1774267610.779011965,0.019284487,0.409915557,-0.004039865,640,480,rgb8
3056,images/003056.jpg,1774267610.831652164,1774267610.815849781,0.015802383,0.405000000,0.000000000,1774267610.819074631,0.012577534,0.410306121,-0.006456075,640,480,rgb8
3057,images/003057.jpg,1774267610.865007877,1774267610.855820417,0.009187460,0.405000000,0.000000000,1774267610.859016180,0.005991697,0.407135502,-0.001805545,640,480,rgb8
3058,images/003058.jpg,1774267610.898363590,1774267610.895812273,0.002551317,0.405000000,0.000000000,1774267610.879018307,0.019345284,0.407287385,-0.000742159,640,480,rgb8
3059,images/003059.jpg,1774267610.931719065,1774267610.915816784,0.015902281,0.405000000,0.000000000,1774267610.919110775,0.012608290,0.406824517,0.004878156,640,480,rgb8
3060,images/003060.jpg,1774267610.965074539,1774267610.955818415,0.009256124,0.405000000,0.000000000,1774267610.959039450,0.006035089,0.407515400,0.002061739,640,480,rgb8
3061,images/003061.jpg,1774267610.998430252,1774267610.996027946,0.002402306,0.405000000,0.000000000,1774267610.979090691,0.019339561,0.407663231,0.001304501,640,480,rgb8
3062,images/003062.jpg,1774267611.031785727,1774267611.015831947,0.015953779,0.405000000,0.000000000,1774267611.019080877,0.012704849,0.406859998,-0.002671338,640,480,rgb8
3063,images/003063.jpg,1774267611.065140963,1774267611.055831194,0.009309769,0.405000000,0.000000000,1774267611.059076786,0.006064177,0.407696227,0.006502561,640,480,rgb8
3064,images/003064.jpg,1774267611.098496437,1774267611.095807791,0.002688646,0.405000000,0.000000000,1774267611.079035521,0.019460917,0.408848495,0.004922859,640,480,rgb8
3065,images/003065.jpg,1774267611.131851912,1774267611.115808487,0.016043425,0.405000000,0.000000000,1774267611.119033098,0.012818813,0.409155538,-0.000957584,640,480,rgb8
3066,images/003066.jpg,1774267611.165207148,1774267611.155822277,0.009384871,0.000000000,0.810000000,1774267611.159067631,0.006139517,0.419463136,-0.000122556,640,480,rgb8
3067,images/003067.jpg,1774267611.198562384,1774267611.195815802,0.002746582,0.000000000,0.810000000,1774267611.179027557,0.019534826,0.419728295,-0.003209006,640,480,rgb8
3068,images/003068.jpg,1774267611.231917620,1774267611.215819359,0.016098261,0.000000000,0.810000000,1774267611.219020844,0.012896776,0.409610983,-0.001492424,640,480,rgb8
3069,images/003069.jpg,1774267611.265272856,1774267611.255821705,0.009451151,0.405000000,0.000000000,1774267611.259027719,0.006245136,0.381712995,0.120252349,640,480,rgb8
3070,images/003070.jpg,1774267611.298628092,1774267611.295818090,0.002810001,0.405000000,0.000000000,1774267611.279052973,0.019575119,0.381504366,0.235684418,640,480,rgb8
3071,images/003071.jpg,1774267611.331983328,1774267611.315827131,0.016156197,0.405000000,0.000000000,1774267611.319029093,0.012954235,0.317708067,0.361266402,640,480,rgb8
3072,images/003072.jpg,1774267611.365340233,1774267611.355820417,0.009519815,0.405000000,0.000000000,1774267611.359055519,0.006284714,0.264318182,0.363840695,640,480,rgb8
3073,images/003073.jpg,1774267611.398697138,1774267611.395834923,0.002862215,0.405000000,0.000000000,1774267611.379075766,0.019621372,0.239548220,0.363179396,640,480,rgb8
3074,images/003074.jpg,1774267611.432054043,1774267611.415831089,0.016222954,0.405000000,0.000000000,1774267611.419023275,0.013030767,0.235807103,0.208153112,640,480,rgb8
3075,images/003075.jpg,1774267611.498762846,1774267611.495823622,0.002939224,0.004896240,0.000000000,1774267611.479044199,0.019718647,0.248350447,0.117173666,640,480,rgb8
3076,images/003076.jpg,1774267611.532117367,1774267611.515822887,0.016294479,0.000000000,0.000000000,1774267611.519048452,0.013068914,0.297374293,0.063352752,640,480,rgb8
3077,images/003077.jpg,1774267611.565472126,1774267611.555822611,0.009649515,0.000000000,0.000000000,1774267611.559048891,0.006423235,0.361751319,0.031904354,640,480,rgb8
3078,images/003078.jpg,1774267611.598826647,1774267611.595823526,0.003003120,0.000000000,0.000000000,1774267611.579113245,0.019713402,0.361544898,0.026289430,640,480,rgb8
3079,images/003079.jpg,1774267611.632181168,1774267611.615828991,0.016352177,0.000000000,0.000000000,1774267611.619042158,0.013139009,0.376380522,0.025685570,640,480,rgb8
3080,images/003080.jpg,1774267611.665535688,1774267611.655817986,0.009717703,0.000000000,0.000000000,1774267611.659048796,0.006486893,0.326169923,0.019330510,640,480,rgb8
3081,images/003081.jpg,1774267611.698890448,1774267611.695828915,0.003061533,0.000000000,0.000000000,1774267611.679092169,0.019798279,0.325531257,0.010863674,640,480,rgb8
3082,images/003082.jpg,1774267611.732244968,1774267611.716071606,0.016173363,0.000000000,0.000000000,1774267611.719037056,0.013207912,0.230092560,-0.007437599,640,480,rgb8
3083,images/003083.jpg,1774267611.765599251,1774267611.755827665,0.009771585,0.405000000,0.000000000,1774267611.759034634,0.006564617,0.101345412,0.027042345,640,480,rgb8
3084,images/003084.jpg,1774267611.798954010,1774267611.795808315,0.003145695,0.405000000,0.000000000,1774267611.779024363,0.019929647,0.061155937,0.025289352,640,480,rgb8
3085,images/003085.jpg,1774267611.832308531,1774267611.815816641,0.016491890,0.405000000,0.000000000,1774267611.819052696,0.013255835,0.053627163,-0.010798431,640,480,rgb8
3086,images/003086.jpg,1774267611.865663290,1774267611.855814219,0.009849072,0.405000000,0.000000000,1774267611.859024286,0.006639004,0.020242323,-0.028039390,640,480,rgb8
3087,images/003087.jpg,1774267611.932372570,1774267611.915807962,0.016564608,0.405000000,0.000000000,1774267611.919040442,0.013332129,0.121353318,-0.012589796,640,480,rgb8
3088,images/003088.jpg,1774267611.965727329,1774267611.955813885,0.009913445,0.405000000,0.000000000,1774267611.959025860,0.006701469,0.210337787,0.005085428,640,480,rgb8
3089,images/003089.jpg,1774267611.999081850,1774267611.995808840,0.003273010,0.405000000,0.000000000,1774267611.999006271,0.000075579,0.207222051,0.008741552,640,480,rgb8
3090,images/003090.jpg,1774267612.032436609,1774267612.015813112,0.016623497,0.405000000,0.000000000,1774267612.019039631,0.013396978,0.296492559,0.006039657,640,480,rgb8
3091,images/003091.jpg,1774267612.065791368,1774267612.055832148,0.009959221,0.405000000,0.000000000,1774267612.059084892,0.006706476,0.383375123,-0.001975701,640,480,rgb8
3092,images/003092.jpg,1774267612.099145889,1774267612.095833778,0.003312111,0.405000000,0.000000000,1774267612.099052668,0.000093222,0.397923517,0.007458497,640,480,rgb8
3093,images/003093.jpg,1774267612.132500410,1774267612.115834951,0.016665459,0.405000000,0.000000000,1774267612.119091272,0.013409138,0.398701489,0.029264710,640,480,rgb8
3094,images/003094.jpg,1774267612.165855169,1774267612.155822039,0.010033131,0.405000000,0.000000000,1774267612.159051657,0.006803513,0.344212698,0.008496571,640,480,rgb8
3095,images/003095.jpg,1774267612.199209929,1774267612.195812702,0.003397226,0.405000000,0.000000000,1774267612.199025393,0.000184536,0.387806587,0.011022411,640,480,rgb8
3096,images/003096.jpg,1774267612.232564688,1774267612.215816498,0.016748190,0.405000000,0.000000000,1774267612.219049931,0.013514757,0.400976581,0.015177318,640,480,rgb8
3097,images/003097.jpg,1774267612.265919447,1774267612.255817175,0.010102272,0.405000000,0.000000000,1774267612.259000301,0.006919146,0.404458935,0.017501049,640,480,rgb8
3098,images/003098.jpg,1774267612.299274206,1774267612.295808077,0.003466129,0.405000000,0.000000000,1774267612.299078703,0.000195503,0.407346630,-0.020306153,640,480,rgb8
3099,images/003099.jpg,1774267612.332628965,1774267612.315809488,0.016819477,0.405000000,0.000000000,1774267612.319043159,0.013585806,0.408159150,-0.020306153,640,480,rgb8
3100,images/003100.jpg,1774267612.365983725,1774267612.355827332,0.010156393,0.405000000,0.000000000,1774267612.359132528,0.006851196,0.408921368,-0.000015469,640,480,rgb8
3101,images/003101.jpg,1774267612.399338484,1774267612.395830631,0.003507853,0.405000000,0.000000000,1774267612.399045467,0.000293016,0.410496589,0.018353937,640,480,rgb8
3102,images/003102.jpg,1774267612.432693243,1774267612.415833235,0.016860008,0.405000000,0.000000000,1774267612.419011831,0.013681412,0.411298264,0.001834869,640,480,rgb8
3103,images/003103.jpg,1774267612.466050386,1774267612.455830336,0.010220051,0.405000000,0.000000000,1774267612.459028959,0.007021427,0.411786240,-0.001112830,640,480,rgb8
3104,images/003104.jpg,1774267612.499407530,1774267612.495822906,0.003584623,0.405000000,0.000000000,1774267612.499016047,0.000391483,0.410798118,0.005358687,640,480,rgb8
3105,images/003105.jpg,1774267612.532764435,1774267612.515829086,0.016935349,0.405000000,0.000000000,1774267612.519072533,0.013691902,0.408454596,0.001921314,640,480,rgb8
3106,images/003106.jpg,1774267612.566109419,1774267612.555832863,0.010276556,0.405000000,0.000000000,1774267612.559068441,0.007040977,0.407166952,-0.001201091,640,480,rgb8
3107,images/003107.jpg,1774267612.599454403,1774267612.595828056,0.003626347,0.405000000,0.000000000,1774267612.599408865,0.000045538,0.407997135,-0.003516876,640,480,rgb8
3108,images/003108.jpg,1774267612.632799387,1774267612.615818739,0.016980648,0.405000000,0.000000000,1774267612.619031429,0.013767958,0.408665150,0.001616487,640,480,rgb8
3109,images/003109.jpg,1774267612.666144133,1774267612.655826807,0.010317326,0.405000000,0.000000000,1774267612.659036398,0.007107735,0.410246331,-0.006652298,640,480,rgb8
3110,images/003110.jpg,1774267612.699488640,1774267612.695821762,0.003666878,0.405000000,0.000000000,1774267612.699034691,0.000453949,0.377600098,-0.004669153,640,480,rgb8
3111,images/003111.jpg,1774267612.732833147,1774267612.715826035,0.017007113,0.405000000,0.000000000,1774267612.719063759,0.013769388,0.393267500,0.003946492,640,480,rgb8
3112,images/003112.jpg,1774267612.766177654,1774267612.755829096,0.010348558,0.405000000,0.000000000,1774267612.759053707,0.007123947,0.394199850,0.007675653,640,480,rgb8
3113,images/003113.jpg,1774267612.799521923,1774267612.795847178,0.003674746,0.405000000,0.000000000,1774267612.799073219,0.000448704,0.404108719,-0.005377688,640,480,rgb8
3114,images/003114.jpg,1774267612.832866192,1774267612.815826893,0.017039299,0.405000000,0.000000000,1774267612.819022417,0.013843775,0.406387736,-0.005106893,640,480,rgb8
3115,images/003115.jpg,1774267612.866210461,1774267612.855822086,0.010388374,0.405000000,0.000000000,1774267612.859029055,0.007181406,0.405881426,-0.002824405,640,480,rgb8
3116,images/003116.jpg,1774267612.899554491,1774267612.895814657,0.003739834,0.405000000,0.000000000,1774267612.898999929,0.000554562,0.436382925,-0.003597367,640,480,rgb8
3117,images/003117.jpg,1774267612.932898521,1774267612.915815592,0.017082930,0.405000000,0.000000000,1774267612.919004440,0.013894081,0.437308344,-0.002585482,640,480,rgb8
3118,images/003118.jpg,1774267612.966242075,1774267612.955918074,0.010324001,0.405000000,0.000000000,1774267612.959020376,0.007221699,0.410979435,0.002911355,640,480,rgb8
3119,images/003119.jpg,1774267613.032929659,1774267613.015815258,0.017114401,0.405000000,0.000000000,1774267613.019012451,0.013917208,0.359155002,0.004950122,640,480,rgb8
3120,images/003120.jpg,1774267613.066273212,1774267613.055819750,0.010453463,0.405000000,0.000000000,1774267613.059031248,0.007241964,0.388765936,0.004360782,640,480,rgb8
3121,images/003121.jpg,1774267613.099616766,1774267613.095816851,0.003799915,0.405000000,0.000000000,1774267613.099017620,0.000599146,0.403087934,-0.006207371,640,480,rgb8
3122,images/003122.jpg,1774267613.132959843,1774267613.115829945,0.017129898,0.405000000,0.000000000,1774267613.119051218,0.013908625,0.406299184,-0.004509279,640,480,rgb8
3123,images/003123.jpg,1774267613.166303158,1774267613.155839682,0.010463476,0.405000000,0.000000000,1774267613.159043550,0.007259607,0.406322090,0.005346435,640,480,rgb8
3124,images/003124.jpg,1774267613.199646235,1774267613.195819378,0.003826857,0.405000000,0.000000000,1774267613.199013233,0.000633001,0.407278437,0.009166171,640,480,rgb8
3125,images/003125.jpg,1774267613.232989311,1774267613.215817451,0.017171860,0.405000000,0.000000000,1774267613.219020844,0.013968468,0.428368252,0.009458439,640,480,rgb8
3126,images/003126.jpg,1774267613.266332388,1774267613.255834341,0.010498047,0.405000000,0.000000000,1774267613.259032726,0.007299662,0.419449193,0.009721705,640,480,rgb8
3127,images/003127.jpg,1774267613.299674988,1774267613.295811415,0.003863573,0.405000000,0.000000000,1774267613.299027443,0.000647545,0.413203470,0.007945932,640,480,rgb8
3128,images/003128.jpg,1774267613.333017826,1774267613.315829039,0.017188787,0.405000000,0.000000000,1774267613.319031715,0.013986111,0.413712199,0.009098121,640,480,rgb8
3129,images/003129.jpg,1774267613.366360664,1774267613.355837822,0.010522842,0.405000000,0.000000000,1774267613.359036684,0.007323980,0.409774686,0.012041020,640,480,rgb8
3130,images/003130.jpg,1774267613.399703026,1774267613.395828962,0.003874063,0.405000000,0.000000000,1774267613.399040222,0.000662804,0.407588804,0.005840195,640,480,rgb8
3131,images/003131.jpg,1774267613.433045387,1774267613.415826082,0.017219305,0.405000000,0.000000000,1774267613.419030905,0.014014482,0.408189741,-0.000778851,640,480,rgb8
3132,images/003132.jpg,1774267613.466387987,1774267613.455835581,0.010552406,0.405000000,0.000000000,1774267613.459067106,0.007320881,0.409019022,-0.003909247,640,480,rgb8
3133,images/003133.jpg,1774267613.499729872,1774267613.495819807,0.003910065,0.405000000,0.000000000,1774267613.499025583,0.000704288,0.407217794,0.001430568,640,480,rgb8
3134,images/003134.jpg,1774267613.533072472,1774267613.515817165,0.017255306,0.405000000,0.000000000,1774267613.519042492,0.014029980,0.406673084,0.013491166,640,480,rgb8
3135,images/003135.jpg,1774267613.566427946,1774267613.555817604,0.010610342,0.405000000,0.000000000,1774267613.559027195,0.007400751,0.407727714,0.026944321,640,480,rgb8
3136,images/003136.jpg,1774267613.599783421,1774267613.595824718,0.003958702,0.405000000,0.000000000,1774267613.599646330,0.000137091,0.408180825,0.026418920,640,480,rgb8
3137,images/003137.jpg,1774267613.666516781,1774267613.655809164,0.010707617,0.405000000,0.000000000,1774267613.659048796,0.007467985,0.406495039,0.017024122,640,480,rgb8
3138,images/003138.jpg,1774267613.699883461,1774267613.695816755,0.004066706,0.405000000,0.000000000,1774267613.699038267,0.000845194,0.405886502,0.016935612,640,480,rgb8
3139,images/003139.jpg,1774267613.733250380,1774267613.715812683,0.017437696,0.405000000,0.000000000,1774267613.719028473,0.014221907,0.406340622,0.010794991,640,480,rgb8
3140,images/003140.jpg,1774267613.766617775,1774267613.755816698,0.010801077,0.405000000,0.000000000,1774267613.759046078,0.007571697,0.406989217,0.001257795,640,480,rgb8
3141,images/003141.jpg,1774267613.799984694,1774267613.795814037,0.004170656,0.405000000,0.000000000,1774267613.799206018,0.000778675,0.406079767,0.001418694,640,480,rgb8
3142,images/003142.jpg,1774267613.833351851,1774267613.815854311,0.017497540,0.405000000,0.000000000,1774267613.819100618,0.014251232,0.406383664,0.005683880,640,480,rgb8
3143,images/003143.jpg,1774267613.866719246,1774267613.855827093,0.010892153,0.405000000,0.000000000,1774267613.859041691,0.007677555,0.343376893,0.019353878,640,480,rgb8
3144,images/003144.jpg,1774267613.900086641,1774267613.895816326,0.004270315,0.405000000,0.000000000,1774267613.899009943,0.001076698,0.383958933,0.024095430,640,480,rgb8
3145,images/003145.jpg,1774267613.933454037,1774267613.915813208,0.017640829,0.405000000,0.000000000,1774267613.919005156,0.014448881,0.383993673,0.011851788,640,480,rgb8
3146,images/003146.jpg,1774267613.966821671,1774267613.955830336,0.010991335,0.405000000,0.000000000,1774267613.959014177,0.007807493,0.398596670,0.001494061,640,480,rgb8
3147,images/003147.jpg,1774267614.000189543,1774267613.995830297,0.004359245,0.405000000,0.000000000,1774267613.999002934,0.001186609,0.403830298,0.003207638,640,480,rgb8
3148,images/003148.jpg,1774267614.033557177,1774267614.015832424,0.017724752,0.405000000,0.000000000,1774267614.019013405,0.014543772,0.404097567,0.001157990,640,480,rgb8
3149,images/003149.jpg,1774267614.066925049,1774267614.055821419,0.011103630,0.405000000,0.000000000,1774267614.059027910,0.007897139,0.407339233,-0.005540013,640,480,rgb8
3150,images/003150.jpg,1774267614.133661032,1774267614.116078615,0.017582417,0.405000000,0.000000000,1774267614.119060040,0.014600992,0.418266549,-0.003841838,640,480,rgb8
3151,images/003151.jpg,1774267614.167029619,1774267614.155826807,0.011202812,0.405000000,0.000000000,1774267614.159019947,0.008009672,0.413581771,-0.005846833,640,480,rgb8
3152,images/003152.jpg,1774267614.200397730,1774267614.195819855,0.004577875,0.405000000,0.000000000,1774267614.199069977,0.001327753,0.411715804,-0.003430957,640,480,rgb8
3153,images/003153.jpg,1774267614.233766079,1774267614.215823650,0.017942429,0.405000000,0.000000000,1774267614.219051838,0.014714241,0.412026384,0.002312061,640,480,rgb8
3154,images/003154.jpg,1774267614.267134666,1774267614.255823612,0.011311054,0.405000000,0.000000000,1774267614.259056807,0.008077860,0.339588270,0.009473262,640,480,rgb8
3155,images/003155.jpg,1774267614.300503254,1774267614.295817614,0.004685640,0.405000000,0.000000000,1774267614.299045563,0.001457691,0.400823549,0.005122410,640,480,rgb8
3156,images/003156.jpg,1774267614.333872080,1774267614.315839052,0.018033028,0.405000000,0.000000000,1774267614.319070101,0.014801979,0.405474619,0.005068551,640,480,rgb8
3157,images/003157.jpg,1774267614.367240667,1774267614.355825186,0.011415482,0.405000000,0.000000000,1774267614.359050989,0.008189678,0.405955203,0.006715851,640,480,rgb8
3158,images/003158.jpg,1774267614.400609732,1774267614.395814419,0.004795313,0.405000000,0.000000000,1774267614.399040222,0.001569510,0.406824529,0.008146589,640,480,rgb8
3159,images/003159.jpg,1774267614.433978796,1774267614.415820837,0.018157959,0.405000000,0.000000000,1774267614.419031382,0.014947414,0.407005227,0.008108650,640,480,rgb8
3160,images/003160.jpg,1774267614.467347860,1774267614.455827713,0.011520147,0.405000000,0.000000000,1774267614.459038496,0.008309364,0.407082907,0.011277613,640,480,rgb8
3161,images/003161.jpg,1774267614.500716925,1774267614.495824099,0.004892826,0.405000000,0.000000000,1774267614.499041796,0.001675129,0.407561579,0.005291605,640,480,rgb8
3162,images/003162.jpg,1774267614.534086466,1774267614.515818119,0.018268347,0.405000000,0.000000000,1774267614.519019604,0.015066862,0.408205449,0.005595976,640,480,rgb8
3163,images/003163.jpg,1774267614.567455769,1774267614.555826902,0.011628866,0.405000000,0.000000000,1774267614.559028149,0.008427620,0.386016430,0.005592238,640,480,rgb8
3164,images/003164.jpg,1774267614.600824833,1774267614.595835209,0.004989624,0.405000000,0.000000000,1774267614.599058628,0.001766205,0.396167469,0.005569822,640,480,rgb8
3165,images/003165.jpg,1774267614.634182215,1774267614.615830898,0.018351316,0.405000000,0.000000000,1774267614.619077206,0.015105009,0.396263151,0.005511733,640,480,rgb8
3166,images/003166.jpg,1774267614.667539120,1774267614.655839682,0.011699438,0.405000000,0.000000000,1774267614.659085751,0.008453369,0.404207049,0.004703505,640,480,rgb8
3167,images/003167.jpg,1774267614.700896025,1774267614.695830107,0.005065918,0.405000000,0.000000000,1774267614.699196100,0.001699924,0.406005931,0.001049733,640,480,rgb8
3168,images/003168.jpg,1774267614.767650366,1774267614.755852699,0.011797667,0.405000000,0.000000000,1774267614.759034395,0.008615971,0.407340586,0.003794451,640,480,rgb8
3169,images/003169.jpg,1774267614.801027775,1774267614.795819283,0.005208492,0.405000000,0.000000000,1774267614.799009800,0.002017975,0.409232450,0.003813487,640,480,rgb8
3170,images/003170.jpg,1774267614.834405184,1774267614.815813065,0.018592119,0.405000000,0.000000000,1774267614.819022179,0.015383005,0.408095871,0.002697285,640,480,rgb8
3171,images/003171.jpg,1774267614.867782831,1774267614.855815649,0.011967182,0.405000000,0.000000000,1774267614.859065771,0.008717060,0.408018655,0.007644737,640,480,rgb8
3172,images/003172.jpg,1774267614.901160240,1774267614.895824432,0.005335808,0.405000000,0.000000000,1774267614.899045706,0.002114534,0.407665310,0.011245790,640,480,rgb8
3173,images/003173.jpg,1774267614.934537888,1774267614.915822744,0.018715143,0.405000000,0.000000000,1774267614.919053316,0.015484571,0.407865129,0.011089489,640,480,rgb8
3174,images/003174.jpg,1774267614.967915535,1774267614.955835342,0.012080193,0.405000000,0.000000000,1774267614.959079027,0.008836508,0.408514410,0.006719661,640,480,rgb8
3175,images/003175.jpg,1774267615.001293421,1774267614.995823145,0.005470276,0.405000000,0.000000000,1774267614.999042273,0.002251148,0.407557360,-0.000503245,640,480,rgb8
3176,images/003176.jpg,1774267615.034671307,1774267615.015818834,0.018852472,0.405000000,0.000000000,1774267615.019024849,0.015646458,0.406981797,0.001592523,640,480,rgb8
3177,images/003177.jpg,1774267615.068049431,1774267615.055821180,0.012228251,0.405000000,0.000000000,1774267615.059030533,0.009018898,0.407336114,0.034661199,640,480,rgb8
3178,images/003178.jpg,1774267615.101427555,1774267615.095833540,0.005594015,0.405000000,0.000000000,1774267615.099019289,0.002408266,0.407626730,0.035554932,640,480,rgb8
3179,images/003179.jpg,1774267615.134805679,1774267615.115812302,0.018993378,0.405000000,0.000000000,1774267615.119025707,0.015779972,0.406280295,0.004234984,640,480,rgb8
3180,images/003180.jpg,1774267615.168184042,1774267615.155816793,0.012367249,0.405000000,0.000000000,1774267615.159043550,0.009140491,0.406008771,-0.003404266,640,480,rgb8
3181,images/003181.jpg,1774267615.234941006,1774267615.215821266,0.019119740,0.405000000,0.000000000,1774267615.219028234,0.015912771,0.405505588,0.000164758,640,480,rgb8
3182,images/003182.jpg,1774267615.268319368,1774267615.255823612,0.012495756,0.405000000,0.000000000,1774267615.259039402,0.009279966,0.405922782,0.003124947,640,480,rgb8
3183,images/003183.jpg,1774267615.301697969,1774267615.295816183,0.005881786,0.405000000,0.000000000,1774267615.299031258,0.002666712,0.404960636,0.001435273,640,480,rgb8
3184,images/003184.jpg,1774267615.335076571,1774267615.315840244,0.019236326,0.405000000,0.000000000,1774267615.319062710,0.016013861,0.405577925,0.003660795,640,480,rgb8
3185,images/003185.jpg,1774267615.368455648,1774267615.355822086,0.012633562,0.405000000,0.000000000,1774267615.359044075,0.009411573,0.405841106,0.003660795,640,480,rgb8
3186,images/003186.jpg,1774267615.401834488,1774267615.395820379,0.006014109,0.405000000,0.000000000,1774267615.399050474,0.002784014,0.407925590,-0.002200996,640,480,rgb8
3187,images/003187.jpg,1774267615.435213327,1774267615.415828466,0.019384861,0.405000000,0.000000000,1774267615.419111013,0.016102314,0.407748474,-0.003282389,640,480,rgb8
3188,images/003188.jpg,1774267615.468592644,1774267615.455827475,0.012765169,0.405000000,0.000000000,1774267615.459079504,0.009513140,0.407790022,-0.001829336,640,480,rgb8
3189,images/003189.jpg,1774267615.501971722,1774267615.495832920,0.006138802,0.405000000,0.000000000,1774267615.499033451,0.002938271,0.407342080,-0.001867549,640,480,rgb8
3190,images/003190.jpg,1774267615.535351038,1774267615.515815496,0.019535542,0.405000000,0.000000000,1774267615.519031525,0.016319513,0.407479292,0.000820650,640,480,rgb8
3191,images/003191.jpg,1774267615.568730116,1774267615.555815220,0.012914896,0.405000000,0.000000000,1774267615.559044123,0.009685993,0.407821684,0.002304692,640,480,rgb8
3192,images/003192.jpg,1774267615.602109909,1774267615.595814466,0.006295443,0.405000000,0.000000000,1774267615.599046230,0.003063679,0.406070925,-0.003024626,640,480,rgb8
3193,images/003193.jpg,1774267615.635489225,1774267615.615814209,0.019675016,0.405000000,0.000000000,1774267615.619028330,0.016460896,0.406184323,-0.001453044,640,480,rgb8
3194,images/003194.jpg,1774267615.668868780,1774267615.655816555,0.013052225,0.405000000,0.000000000,1774267615.659047604,0.009821177,0.406164208,-0.001347899,640,480,rgb8
3195,images/003195.jpg,1774267615.702248096,1774267615.695830584,0.006417513,0.405000000,0.000000000,1774267615.699029922,0.003218174,0.407863146,-0.001994033,640,480,rgb8
3196,images/003196.jpg,1774267615.735606432,1774267615.715822935,0.019783497,0.405000000,0.000000000,1774267615.719278574,0.016327858,0.407993213,0.001103782,640,480,rgb8
3197,images/003197.jpg,1774267615.768964767,1774267615.755818605,0.013146162,0.405000000,0.000000000,1774267615.759048939,0.009915829,0.407502080,0.000645340,640,480,rgb8
3198,images/003198.jpg,1774267615.802323103,1774267615.795822620,0.006500483,0.405000000,0.000000000,1774267615.799058437,0.003264666,0.407470563,-0.002188413,640,480,rgb8
3199,images/003199.jpg,1774267615.869018555,1774267615.855833054,0.013185501,0.405000000,0.000000000,1774267615.859201908,0.009816647,0.376277040,0.005639604,640,480,rgb8
3200,images/003200.jpg,1774267615.902366161,1774267615.895825386,0.006540775,0.405000000,0.000000000,1774267615.899039745,0.003326416,0.455384187,0.007500337,640,480,rgb8
3201,images/003201.jpg,1774267615.935713768,1774267615.915824652,0.019889116,0.405000000,0.000000000,1774267615.919061184,0.016652584,0.456109479,0.008953704,640,480,rgb8
3202,images/003202.jpg,1774267615.969061375,1774267615.955821276,0.013240099,0.405000000,0.000000000,1774267615.959088087,0.009973288,0.419020241,0.009788637,640,480,rgb8
3203,images/003203.jpg,1774267616.002408743,1774267615.995826483,0.006582260,0.405000000,0.000000000,1774267615.999052048,0.003356695,0.413406857,0.011775940,640,480,rgb8
3204,images/003204.jpg,1774267616.035756111,1774267616.015830755,0.019925356,0.405000000,0.000000000,1774267616.019147635,0.016608477,0.413589366,0.007235832,640,480,rgb8
3205,images/003205.jpg,1774267616.069103241,1774267616.055829525,0.013273716,0.405000000,0.000000000,1774267616.059072495,0.010030746,0.409740606,0.009379827,640,480,rgb8
3206,images/003206.jpg,1774267616.102450371,1774267616.095841646,0.006608725,0.405000000,0.000000000,1774267616.099077940,0.003372431,0.408220190,0.003673177,640,480,rgb8
3207,images/003207.jpg,1774267616.135797501,1774267616.115821838,0.019975662,0.405000000,0.000000000,1774267616.119068623,0.016728878,0.408329703,0.003602300,640,480,rgb8
3208,images/003208.jpg,1774267616.169144630,1774267616.155818939,0.013325691,0.405000000,0.000000000,1774267616.159023046,0.010121584,0.366017171,0.002705587,640,480,rgb8
3209,images/003209.jpg,1774267616.202491760,1774267616.195819378,0.006672382,0.405000000,0.000000000,1774267616.198973894,0.003517866,0.354126270,0.009523954,640,480,rgb8
3210,images/003210.jpg,1774267616.235838413,1774267616.235828161,0.000010252,0.405000000,0.000000000,1774267616.219019413,0.016819000,0.353576004,0.010129903,640,480,rgb8
3211,images/003211.jpg,1774267616.269185305,1774267616.255813837,0.013371468,0.405000000,0.000000000,1774267616.259051561,0.010133743,0.387585642,0.008351104,640,480,rgb8
3212,images/003212.jpg,1774267616.335878611,1774267616.335824013,0.000054598,0.405000000,0.000000000,1774267616.319123507,0.016755104,0.402550169,0.014384877,640,480,rgb8
3213,images/003213.jpg,1774267616.369225264,1774267616.355824709,0.013400555,0.405000000,0.000000000,1774267616.359040022,0.010185242,0.407163237,0.012100225,640,480,rgb8
3214,images/003214.jpg,1774267616.402571678,1774267616.395817995,0.006753683,0.405000000,0.000000000,1774267616.399028301,0.003543377,0.408938303,0.014896876,640,480,rgb8
3215,images/003215.jpg,1774267616.435918331,1774267616.435832024,0.000086308,0.405000000,0.000000000,1774267616.419018507,0.016899824,0.409075200,0.017415835,640,480,rgb8
3216,images/003216.jpg,1774267616.469264746,1774267616.455820322,0.013444424,0.405000000,0.000000000,1774267616.459027767,0.010236979,0.408219336,0.004000530,640,480,rgb8
3217,images/003217.jpg,1774267616.502610922,1774267616.495821953,0.006788969,0.405000000,0.000000000,1774267616.499043703,0.003567219,0.407596188,-0.010225267,640,480,rgb8
3218,images/003218.jpg,1774267616.535957098,1774267616.535815954,0.000141144,0.405000000,0.000000000,1774267616.519018412,0.016938686,0.407708244,-0.015020555,640,480,rgb8
3219,images/003219.jpg,1774267616.569303274,1774267616.555827379,0.013475895,0.405000000,0.000000000,1774267616.559058428,0.010244846,0.407069747,-0.004350248,640,480,rgb8
3220,images/003220.jpg,1774267616.602649212,1774267616.595815420,0.006833792,0.405000000,0.000000000,1774267616.599035263,0.003613949,0.407959368,0.048576676,640,480,rgb8
3221,images/003221.jpg,1774267616.635995388,1774267616.635815382,0.000180006,0.405000000,0.000000000,1774267616.619051695,0.016943693,0.408069486,0.049376904,640,480,rgb8
3222,images/003222.jpg,1774267616.669341087,1774267616.655817986,0.013523102,0.405000000,0.000000000,1774267616.659039497,0.010301590,0.407119448,0.001717688,640,480,rgb8
3223,images/003223.jpg,1774267616.702687025,1774267616.695811987,0.006875038,0.405000000,0.000000000,1774267616.699030638,0.003656387,0.406000106,0.006007532,640,480,rgb8
3224,images/003224.jpg,1774267616.736032724,1774267616.735813856,0.000218868,0.405000000,0.000000000,1774267616.719042540,0.016990185,0.406080257,0.006007532,640,480,rgb8
3225,images/003225.jpg,1774267616.769378424,1774267616.755822182,0.013556242,0.405000000,0.000000000,1774267616.759055138,0.010323286,0.405747634,-0.005207196,640,480,rgb8
3226,images/003226.jpg,1774267616.802724361,1774267616.795822859,0.006901503,0.405000000,0.000000000,1774267616.799035311,0.003689051,0.405895490,-0.008598176,640,480,rgb8
3227,images/003227.jpg,1774267616.836081505,1774267616.835816383,0.000265121,0.405000000,0.000000000,1774267616.819067717,0.017013788,0.405401159,-0.008567324,640,480,rgb8
3228,images/003228.jpg,1774267616.869438648,1774267616.855820656,0.013617992,0.405000000,0.000000000,1774267616.859075069,0.010363579,0.405122419,-0.006452210,640,480,rgb8
3229,images/003229.jpg,1774267616.902796030,1774267616.895827293,0.006968737,0.405000000,0.000000000,1774267616.899030447,0.003765583,0.406745501,0.010298836,640,480,rgb8
3230,images/003230.jpg,1774267616.936135054,1774267616.935819864,0.000315189,0.405000000,0.000000000,1774267616.919110060,0.017024994,0.406826042,0.010298836,640,480,rgb8
3231,images/003231.jpg,1774267616.969473839,1774267616.955813169,0.013660669,0.405000000,0.000000000,1774267616.959049463,0.010424376,0.406731596,0.006010634,640,480,rgb8
3232,images/003232.jpg,1774267617.002812386,1774267616.995816946,0.006995440,0.405000000,0.000000000,1774267616.999043703,0.003768682,0.406538714,-0.011973133,640,480,rgb8
3233,images/003233.jpg,1774267617.036151171,1774267617.035816193,0.000334978,0.405000000,0.000000000,1774267617.019044638,0.017106533,0.406611714,-0.010732734,640,480,rgb8
3234,images/003234.jpg,1774267617.069489241,1774267617.055779457,0.013709784,0.405000000,0.000000000,1774267617.059068680,0.010420561,0.408317414,-0.008940936,640,480,rgb8
3235,images/003235.jpg,1774267617.102827549,1774267617.095827103,0.007000446,0.405000000,0.000000000,1774267617.099052429,0.003775120,0.395922503,-0.009361615,640,480,rgb8
3236,images/003236.jpg,1774267617.136165619,1774267617.135835886,0.000329733,0.405000000,0.000000000,1774267617.119066000,0.017099619,0.395871580,-0.012903166,640,480,rgb8
3237,images/003237.jpg,1774267617.169503450,1774267617.155832291,0.013671160,0.405000000,0.000000000,1774267617.159278154,0.010225296,0.402800979,-0.006287968,640,480,rgb8
3238,images/003238.jpg,1774267617.202841282,1774267617.195813894,0.007027388,0.405000000,0.000000000,1774267617.199038744,0.003802538,0.407056690,-0.007345728,640,480,rgb8
3239,images/003239.jpg,1774267617.236178637,1774267617.235814333,0.000364304,0.405000000,0.000000000,1774267617.219042301,0.017136335,0.407142639,-0.010583578,640,480,rgb8
3240,images/003240.jpg,1774267617.269516230,1774267617.255814791,0.013701439,0.405000000,0.000000000,1774267617.259032488,0.010483742,0.407171639,-0.008919508,640,480,rgb8
3241,images/003241.jpg,1774267617.302853584,1774267617.295818567,0.007035017,0.405000000,0.000000000,1774267617.299008608,0.003844976,0.407178477,-0.000823287,640,480,rgb8
3242,images/003242.jpg,1774267617.336190462,1774267617.335814476,0.000375986,0.405000000,0.000000000,1774267617.319015265,0.017175198,0.407260784,-0.000897287,640,480,rgb8
3243,images/003243.jpg,1774267617.369527578,1774267617.355817080,0.013710499,0.405000000,0.000000000,1774267617.359015942,0.010511637,0.407786064,-0.000606377,640,480,rgb8
3244,images/003244.jpg,1774267617.402864218,1774267617.396016598,0.006847620,0.405000000,0.000000000,1774267617.399107933,0.003756285,0.395686496,0.002944495,640,480,rgb8
3245,images/003245.jpg,1774267617.436200857,1774267617.435811996,0.000388861,0.405000000,0.000000000,1774267617.419054031,0.017146826,0.395632408,0.001479410,640,480,rgb8
3246,images/003246.jpg,1774267617.469537258,1774267617.455817223,0.013720036,0.405000000,0.000000000,1774267617.459024906,0.010512352,0.402879262,0.004859798,640,480,rgb8
3247,images/003247.jpg,1774267617.502873898,1774267617.495819330,0.007054567,0.405000000,0.000000000,1774267617.499015570,0.003858328,0.407497638,0.011527542,640,480,rgb8
3248,images/003248.jpg,1774267617.536209822,1774267617.535818338,0.000391483,0.405000000,0.000000000,1774267617.519017220,0.017192602,0.407588674,0.002141934,640,480,rgb8
3249,images/003249.jpg,1774267617.569545984,1774267617.555835247,0.013710737,0.405000000,0.000000000,1774267617.559053659,0.010492325,0.408370737,0.002104386,640,480,rgb8
3250,images/003250.jpg,1774267617.602881670,1774267617.595819473,0.007062197,0.405000000,0.000000000,1774267617.599047899,0.003833771,0.440314157,0.005473071,640,480,rgb8
3251,images/003251.jpg,1774267617.636217356,1774267617.635825634,0.000391722,0.405000000,0.000000000,1774267617.619137287,0.017080069,0.440791079,0.005473071,640,480,rgb8
3252,images/003252.jpg,1774267617.669553041,1774267617.655832052,0.013720989,0.405000000,0.000000000,1774267617.659048080,0.010504961,0.412084479,-0.001511127,640,480,rgb8
3253,images/003253.jpg,1774267617.702888250,1774267617.695831299,0.007056952,0.405000000,0.000000000,1774267617.699053764,0.003834486,0.412318204,0.008559119,640,480,rgb8
3254,images/003254.jpg,1774267617.736223459,1774267617.735821724,0.000401735,0.405000000,0.000000000,1774267617.719057560,0.017165899,0.409667860,0.008547053,640,480,rgb8
3255,images/003255.jpg,1774267617.769558668,1774267617.755815506,0.013743162,0.405000000,0.000000000,1774267617.759011030,0.010547638,0.408543910,0.009498954,640,480,rgb8
3256,images/003256.jpg,1774267617.802893639,1774267617.795816898,0.007076740,0.405000000,0.000000000,1774267617.799056530,0.003837109,0.408678834,0.008104937,640,480,rgb8
3257,images/003257.jpg,1774267617.836228371,1774267617.835811853,0.000416517,0.405000000,0.000000000,1774267617.819046259,0.017182112,0.409545568,0.009969260,640,480,rgb8
3258,images/003258.jpg,1774267617.869562626,1774267617.855825424,0.013737202,0.405000000,0.000000000,1774267617.859039545,0.010523081,0.407432523,0.011414048,640,480,rgb8
3259,images/003259.jpg,1774267617.902897596,1774267617.895832777,0.007064819,0.405000000,0.000000000,1774267617.899068117,0.003829479,0.406835305,0.012724715,640,480,rgb8
3260,images/003260.jpg,1774267617.936252594,1774267617.935829878,0.000422716,0.405000000,0.000000000,1774267617.919173479,0.017079115,0.406876538,0.013559514,640,480,rgb8
3261,images/003261.jpg,1774267617.969607353,1774267617.955821514,0.013785839,0.405000000,0.000000000,1774267617.959038019,0.010569334,0.407843331,0.002115455,640,480,rgb8
3262,images/003262.jpg,1774267618.036391973,1774267618.035837650,0.000554323,0.405000000,0.000000000,1774267618.019067764,0.017324209,0.407128658,-0.021675164,640,480,rgb8
3263,images/003263.jpg,1774267618.069784880,1774267618.055820227,0.013964653,0.405000000,0.000000000,1774267618.059053659,0.010731220,0.406733750,-0.008895055,640,480,rgb8
3264,images/003264.jpg,1774267618.103177786,1774267618.095820189,0.007357597,0.405000000,0.000000000,1774267618.099034071,0.004143715,0.406804143,0.023477153,640,480,rgb8
3265,images/003265.jpg,1774267618.136570930,1774267618.135828495,0.000742435,0.405000000,0.000000000,1774267618.119136572,0.017434359,0.408241692,0.036257470,640,480,rgb8
3266,images/003266.jpg,1774267618.169964552,1774267618.155826569,0.014137983,0.405000000,0.000000000,1774267618.159032106,0.010932446,0.407768696,0.042148429,640,480,rgb8
3267,images/003267.jpg,1774267618.203358412,1774267618.195829391,0.007529020,0.405000000,0.000000000,1774267618.199059248,0.004299164,0.406664234,0.026349368,640,480,rgb8
3268,images/003268.jpg,1774267618.236752510,1774267618.235842943,0.000909567,0.405000000,0.000000000,1774267618.219064236,0.017688274,0.406694713,0.013395715,640,480,rgb8
3269,images/003269.jpg,1774267618.270146847,1774267618.255826712,0.014320135,0.405000000,0.000000000,1774267618.259068966,0.011077881,0.407136875,0.009992384,640,480,rgb8
3270,images/003270.jpg,1774267618.303541422,1774267618.295833111,0.007708311,0.405000000,0.000000000,1774267618.299108744,0.004432678,0.407304663,0.000667309,640,480,rgb8
3271,images/003271.jpg,1774267618.336936235,1774267618.335815430,0.001120806,0.405000000,0.000000000,1774267618.319048405,0.017887831,0.405612967,-0.004385722,640,480,rgb8
3272,images/003272.jpg,1774267618.370331526,1774267618.355819225,0.014512300,0.405000000,0.000000000,1774267618.359026909,0.011304617,0.405643416,-0.003493484,640,480,rgb8
3273,images/003273.jpg,1774267618.403727055,1774267618.395812273,0.007914782,0.405000000,0.000000000,1774267618.399036646,0.004690409,0.405025964,-0.001140302,640,480,rgb8
3274,images/003274.jpg,1774267618.437122583,1774267618.435810089,0.001312494,0.405000000,0.000000000,1774267618.419044256,0.018078327,0.406295898,0.012490983,640,480,rgb8
3275,images/003275.jpg,1774267618.503914833,1774267618.495828390,0.008086443,0.405000000,0.000000000,1774267618.499083042,0.004831791,0.406355697,0.022425916,640,480,rgb8
3276,images/003276.jpg,1774267618.537311554,1774267618.535819292,0.001492262,0.405000000,0.000000000,1774267618.519043922,0.018267632,0.406378139,0.009903458,640,480,rgb8
3277,images/003277.jpg,1774267618.570708275,1774267618.555824518,0.014883757,0.405000000,0.000000000,1774267618.559073210,0.011635065,0.408038825,-0.005975692,640,480,rgb8
3278,images/003278.jpg,1774267618.604105234,1774267618.595830917,0.008274317,0.405000000,0.000000000,1774267618.599042177,0.005063057,0.408648424,-0.004487504,640,480,rgb8
3279,images/003279.jpg,1774267618.637502670,1774267618.635838509,0.001664162,0.405000000,0.000000000,1774267618.619081974,0.018420696,0.407615706,-0.006450292,640,480,rgb8
3280,images/003280.jpg,1774267618.670900106,1774267618.655830622,0.015069485,0.405000000,0.000000000,1774267618.659055233,0.011844873,0.407685872,-0.013984450,640,480,rgb8
3281,images/003281.jpg,1774267618.704298019,1774267618.695908785,0.008389235,0.405000000,0.000000000,1774267618.699067831,0.005230188,0.407358797,-0.014658817,640,480,rgb8
3282,images/003282.jpg,1774267618.737696171,1774267618.735836267,0.001859903,0.405000000,0.000000000,1774267618.719159126,0.018537045,0.407591568,-0.013080667,640,480,rgb8
3283,images/003283.jpg,1774267618.771094799,1774267618.755836248,0.015258551,0.405000000,0.000000000,1774267618.759100914,0.011993885,0.407086403,-0.010866350,640,480,rgb8
3284,images/003284.jpg,1774267618.804493427,1774267618.795817852,0.008675575,0.405000000,0.000000000,1774267618.799034834,0.005458593,0.406697435,-0.003162679,640,480,rgb8
3285,images/003285.jpg,1774267618.837892294,1774267618.835815668,0.002076626,0.405000000,0.000000000,1774267618.819040060,0.018852234,0.406717684,-0.002430959,640,480,rgb8
3286,images/003286.jpg,1774267618.871291637,1774267618.855831385,0.015460253,0.405000000,0.000000000,1774267618.859055996,0.012235641,0.407626741,-0.002877329,640,480,rgb8
3287,images/003287.jpg,1774267618.904691219,1774267618.895784378,0.008906841,0.405000000,0.000000000,1774267618.899037361,0.005653858,0.407960693,-0.004753094,640,480,rgb8
3288,images/003288.jpg,1774267618.938090801,1774267618.935826540,0.002264261,0.405000000,0.000000000,1774267618.919050932,0.019039869,0.406778192,-0.004573589,640,480,rgb8
3289,images/003289.jpg,1774267618.971489906,1774267618.955837488,0.015652418,0.405000000,0.000000000,1774267618.959042549,0.012447357,0.405927150,0.003243757,640,480,rgb8
3290,images/003290.jpg,1774267619.004848957,1774267618.995839119,0.009009838,0.405000000,0.000000000,1774267618.999061584,0.005787373,0.405943822,0.005231185,640,480,rgb8
3291,images/003291.jpg,1774267619.038208008,1774267619.035834074,0.002373934,0.405000000,0.000000000,1774267619.019062757,0.019145250,0.361689535,0.003421281,640,480,rgb8
3292,images/003292.jpg,1774267619.071566820,1774267619.055838823,0.015727997,0.405000000,0.000000000,1774267619.059077740,0.012489080,0.383378115,0.002592242,640,480,rgb8
3293,images/003293.jpg,1774267619.138273716,1774267619.135822773,0.002450943,0.405000000,0.000000000,1774267619.119192362,0.019081354,0.397943963,0.005925920,640,480,rgb8
3294,images/003294.jpg,1774267619.171627283,1774267619.155818701,0.015808582,0.405000000,0.000000000,1774267619.159022093,0.012605190,0.470082612,0.005206530,640,480,rgb8
3295,images/003295.jpg,1774267619.204980612,1774267619.195824862,0.009155750,0.405000000,0.000000000,1774267619.199044466,0.005936146,0.432765067,0.003280652,640,480,rgb8
3296,images/003296.jpg,1774267619.238333941,1774267619.235824585,0.002509356,0.405000000,0.000000000,1774267619.219045401,0.019288540,0.433091603,0.004832840,640,480,rgb8
3297,images/003297.jpg,1774267619.271687269,1774267619.255838871,0.015848398,0.405000000,0.000000000,1774267619.259255409,0.012431860,0.412293723,0.008482244,640,480,rgb8
3298,images/003298.jpg,1774267619.305040598,1774267619.295832634,0.009207964,0.405000000,0.000000000,1774267619.299051285,0.005989313,0.410883975,0.018160775,640,480,rgb8
3299,images/003299.jpg,1774267619.338393688,1774267619.335829735,0.002563953,0.405000000,0.000000000,1774267619.319067717,0.019325972,0.410935471,0.017802862,640,480,rgb8
3300,images/003300.jpg,1774267619.371747017,1774267619.355822802,0.015924215,0.405000000,0.000000000,1774267619.359056473,0.012690544,0.411149097,0.017945301,640,480,rgb8
3301,images/003301.jpg,1774267619.405100346,1774267619.395829678,0.009270668,0.405000000,0.000000000,1774267619.399046898,0.006053448,0.411093124,0.013578808,640,480,rgb8
3302,images/003302.jpg,1774267619.438453674,1774267619.435821295,0.002632380,0.405000000,0.000000000,1774267619.419040203,0.019413471,0.411143944,0.016902080,640,480,rgb8
3303,images/003303.jpg,1774267619.471806526,1774267619.455828190,0.015978336,0.405000000,0.000000000,1774267619.459036350,0.012770176,0.411121459,0.029077074,640,480,rgb8
3304,images/003304.jpg,1774267619.505159855,1774267619.495826960,0.009332895,0.405000000,0.000000000,1774267619.499204159,0.005955696,0.409668650,0.018756486,640,480,rgb8
3305,images/003305.jpg,1774267619.538512945,1774267619.535814285,0.002698660,0.405000000,0.000000000,1774267619.519036770,0.019476175,0.409134430,-0.001320434,640,480,rgb8
3306,images/003306.jpg,1774267619.571866035,1774267619.555783272,0.016082764,0.405000000,0.000000000,1774267619.559093237,0.012772799,0.407823206,-0.011238079,640,480,rgb8
3307,images/003307.jpg,1774267619.605218887,1774267619.595829010,0.009389877,0.405000000,0.000000000,1774267619.599165440,0.006053448,0.407837893,0.008138198,640,480,rgb8
3308,images/003308.jpg,1774267619.638571978,1774267619.635815620,0.002756357,0.405000000,0.000000000,1774267619.619012833,0.019559145,0.409535514,0.018083746,640,480,rgb8
3309,images/003309.jpg,1774267619.671925068,1774267619.655815125,0.016109943,0.405000000,0.000000000,1774267619.659022808,0.012902260,0.411504784,0.049409281,640,480,rgb8
3310,images/003310.jpg,1774267619.705277920,1774267619.695827723,0.009450197,0.405000000,0.000000000,1774267619.699018240,0.006259680,0.360301076,-0.005821906,640,480,rgb8
3311,images/003311.jpg,1774267619.738630772,1774267619.735834837,0.002795935,0.405000000,0.000000000,1774267619.719080925,0.019549847,0.359722644,-0.009261970,640,480,rgb8
3312,images/003312.jpg,1774267619.771983624,1774267619.755835772,0.016147852,0.405000000,0.000000000,1774267619.759070158,0.012913465,0.397132245,0.006582738,640,480,rgb8
3313,images/003313.jpg,1774267619.805336475,1774267619.795829058,0.009507418,0.405000000,0.000000000,1774267619.799057722,0.006278753,0.403126036,0.011267022,640,480,rgb8
3314,images/003314.jpg,1774267619.838689327,1774267619.835820913,0.002868414,0.405000000,0.000000000,1774267619.819094181,0.019595146,0.405201865,0.002910285,640,480,rgb8
3315,images/003315.jpg,1774267619.872041941,1774267619.855824471,0.016217470,0.405000000,0.000000000,1774267619.859021902,0.013020039,0.405112320,0.002808988,640,480,rgb8
3316,images/003316.jpg,1774267619.905394793,1774267619.895815611,0.009579182,0.405000000,0.000000000,1774267619.899020910,0.006373882,0.405591076,-0.006837653,640,480,rgb8
3317,images/003317.jpg,1774267619.938747644,1774267619.935826540,0.002921104,0.405000000,0.000000000,1774267619.919078350,0.019669294,0.405585692,-0.000198695,640,480,rgb8
3318,images/003318.jpg,1774267619.972100258,1774267619.955828667,0.016271591,0.405000000,0.000000000,1774267619.959093571,0.013006687,0.407928905,0.007003659,640,480,rgb8
3319,images/003319.jpg,1774267620.005452871,1774267619.995818853,0.009634018,0.405000000,0.000000000,1774267619.999059439,0.006393433,0.408481302,0.018970875,640,480,rgb8
3320,images/003320.jpg,1774267620.038805723,1774267620.035831451,0.002974272,0.405000000,0.000000000,1774267620.019165277,0.019640446,0.408511107,0.005841669,640,480,rgb8
3321,images/003321.jpg,1774267620.072158098,1774267620.055848598,0.016309500,0.405000000,0.000000000,1774267620.059087276,0.013070822,0.407600221,0.001134659,640,480,rgb8
3322,images/003322.jpg,1774267620.105516911,1774267620.095833302,0.009683609,0.405000000,0.000000000,1774267620.099073887,0.006443024,0.406809402,0.000637065,640,480,rgb8
3323,images/003323.jpg,1774267620.138875246,1774267620.135836840,0.003038406,0.405000000,0.000000000,1774267620.119086981,0.019788265,0.407816370,0.000553858,640,480,rgb8
3324,images/003324.jpg,1774267620.172233582,1774267620.155842781,0.016390800,0.405000000,0.000000000,1774267620.159145594,0.013087988,0.406797433,0.000085078,640,480,rgb8
3325,images/003325.jpg,1774267620.238950968,1774267620.235818148,0.003132820,0.405000000,0.000000000,1774267620.219044685,0.019906282,0.406553468,0.001030308,640,480,rgb8
3326,images/003326.jpg,1774267620.272309542,1774267620.255824804,0.016484737,0.405000000,0.000000000,1774267620.259047747,0.013261795,0.407780002,-0.012332214,640,480,rgb8
3327,images/003327.jpg,1774267620.305668116,1774267620.295821667,0.009846449,0.405000000,0.000000000,1774267620.299029112,0.006639004,0.345063196,-0.001433399,640,480,rgb8
3328,images/003328.jpg,1774267620.339026928,1774267620.335816145,0.003210783,0.405000000,0.000000000,1774267620.319056749,0.019970179,0.344315207,0.001271474,640,480,rgb8
3329,images/003329.jpg,1774267620.372385740,1774267620.355820179,0.016565561,0.405000000,0.000000000,1774267620.359043360,0.013342381,0.383616420,0.001311407,640,480,rgb8
3330,images/003330.jpg,1774267620.405744553,1774267620.395786762,0.009957790,0.405000000,0.000000000,1774267620.399154902,0.006589651,0.398230915,0.002244102,640,480,rgb8
3331,images/003331.jpg,1774267620.439103842,1774267620.435821056,0.003282785,0.405000000,0.000000000,1774267620.439048767,0.000055075,0.405248133,0.002959045,640,480,rgb8
3332,images/003332.jpg,1774267620.472462654,1774267620.456143379,0.016319275,0.405000000,0.000000000,1774267620.459110022,0.013352633,0.406642440,-0.000854044,640,480,rgb8
3333,images/003333.jpg,1774267620.505821705,1774267620.495841026,0.009980679,0.405000000,0.000000000,1774267620.499051332,0.006770372,0.406699234,0.000211595,640,480,rgb8
3334,images/003334.jpg,1774267620.539180994,1774267620.535814047,0.003366947,0.405000000,0.000000000,1774267620.539035082,0.000145912,0.407391766,0.008606478,640,480,rgb8
3335,images/003335.jpg,1774267620.572540283,1774267620.555813789,0.016726494,0.405000000,0.000000000,1774267620.559036970,0.013503313,0.409049345,0.003165185,640,480,rgb8
3336,images/003336.jpg,1774267620.605899334,1774267620.595813990,0.010085344,0.405000000,0.000000000,1774267620.599042416,0.006856918,0.409499004,-0.000937786,640,480,rgb8
3337,images/003337.jpg,1774267620.672618151,1774267620.655775547,0.016842604,0.405000000,0.000000000,1774267620.659062624,0.013555527,0.408188626,-0.008290505,640,480,rgb8
3338,images/003338.jpg,1774267620.705977678,1774267620.695822477,0.010155201,0.405000000,0.000000000,1774267620.699024439,0.006953239,0.407573035,-0.008362639,640,480,rgb8
3339,images/003339.jpg,1774267620.739337444,1774267620.735809803,0.003527641,0.405000000,0.000000000,1774267620.739040613,0.000296831,0.408891094,-0.000258669,640,480,rgb8
3340,images/003340.jpg,1774267620.772696972,1774267620.755816221,0.016880751,0.405000000,0.000000000,1774267620.759013176,0.013683796,0.407793768,-0.000678082,640,480,rgb8
3341,images/003341.jpg,1774267620.806056738,1774267620.795825243,0.010231495,0.405000000,0.000000000,1774267620.799015284,0.007041454,0.407284949,0.004182671,640,480,rgb8
3342,images/003342.jpg,1774267620.839416504,1774267620.835816383,0.003600121,0.405000000,0.000000000,1774267620.839037657,0.000378847,0.407340312,0.011721833,640,480,rgb8
3343,images/003343.jpg,1774267620.872776031,1774267620.855943918,0.016832113,0.405000000,0.000000000,1774267620.859101772,0.013674259,0.410107284,0.009459150,640,480,rgb8
3344,images/003344.jpg,1774267620.906136036,1774267620.895824909,0.010311127,0.405000000,0.000000000,1774267620.899072409,0.007063627,0.411228314,0.006412743,640,480,rgb8
3345,images/003345.jpg,1774267620.939496040,1774267620.935817719,0.003678322,0.405000000,0.000000000,1774267620.939040422,0.000455618,0.411236054,0.015014644,640,480,rgb8
3346,images/003346.jpg,1774267620.972856045,1774267620.955827475,0.017028570,0.405000000,0.000000000,1774267620.959045887,0.013810158,0.411307498,0.015014644,640,480,rgb8
3347,images/003347.jpg,1774267621.006216049,1774267620.995830297,0.010385752,0.405000000,0.000000000,1774267620.999059677,0.007156372,0.411312123,0.015607543,640,480,rgb8
3348,images/003348.jpg,1774267621.039576530,1774267621.035835028,0.003741503,0.405000000,0.000000000,1774267621.039033890,0.000542641,0.410061284,-0.001509824,640,480,rgb8
3349,images/003349.jpg,1774267621.072936535,1774267621.055835962,0.017100573,0.405000000,0.000000000,1774267621.059034824,0.013901711,0.409218979,-0.011552916,640,480,rgb8
3350,images/003350.jpg,1774267621.106296778,1774267621.095832586,0.010464191,0.405000000,0.000000000,1774267621.099044800,0.007251978,0.409303055,-0.008339597,640,480,rgb8
3351,images/003351.jpg,1774267621.139657259,1774267621.135831594,0.003825665,0.405000000,0.000000000,1774267621.139029741,0.000627518,0.358318801,0.011320592,640,480,rgb8
3352,images/003352.jpg,1774267621.173017502,1774267621.155838728,0.017178774,0.405000000,0.000000000,1774267621.159053802,0.013963699,0.357727163,0.027652581,640,480,rgb8
3353,images/003353.jpg,1774267621.206377029,1774267621.195842505,0.010534525,0.405000000,0.000000000,1774267621.199076891,0.007300138,0.387794506,0.018160679,640,480,rgb8
3354,images/003354.jpg,1774267621.239736557,1774267621.235839844,0.003896713,0.405000000,0.000000000,1774267621.239060640,0.000675917,0.401115742,-0.008037906,640,480,rgb8
3355,images/003355.jpg,1774267621.273095846,1774267621.255846262,0.017249584,0.405000000,0.000000000,1774267621.259052992,0.014042854,0.401073313,0.000979092,640,480,rgb8
3356,images/003356.jpg,1774267621.339792490,1774267621.335825682,0.003966808,0.405000000,0.000000000,1774267621.339037180,0.000755310,0.404662287,0.010790802,640,480,rgb8
3357,images/003357.jpg,1774267621.373140574,1774267621.355826855,0.017313719,0.405000000,0.000000000,1774267621.359023094,0.014117479,0.406243378,0.001532739,640,480,rgb8
3358,images/003358.jpg,1774267621.406488657,1774267621.395825148,0.010663509,0.405000000,0.000000000,1774267621.399053574,0.007435083,0.406285588,-0.007126763,640,480,rgb8
3359,images/003359.jpg,1774267621.439836979,1774267621.435821295,0.004015684,0.405000000,0.000000000,1774267621.439040422,0.000796556,0.354378145,-0.006022872,640,480,rgb8
3360,images/003360.jpg,1774267621.473184824,1774267621.455824375,0.017360449,0.405000000,0.000000000,1774267621.459046841,0.014137983,0.353757923,-0.006022872,640,480,rgb8
3361,images/003361.jpg,1774267621.506532669,1774267621.495819092,0.010713577,0.405000000,0.000000000,1774267621.499038458,0.007494211,0.380767908,0.010365092,640,480,rgb8
3362,images/003362.jpg,1774267621.539880514,1774267621.535823584,0.004056931,0.405000000,0.000000000,1774267621.539104939,0.000775576,0.399426863,-0.000730140,640,480,rgb8
3363,images/003363.jpg,1774267621.573228359,1774267621.555822372,0.017405987,0.405000000,0.000000000,1774267621.559195280,0.014033079,0.399380974,-0.005004969,640,480,rgb8
3364,images/003364.jpg,1774267621.606575966,1774267621.595815420,0.010760546,0.405000000,0.000000000,1774267621.599040747,0.007535219,0.394102176,-0.005100924,640,480,rgb8
3365,images/003365.jpg,1774267621.639923573,1774267621.635808229,0.004115343,0.405000000,0.000000000,1774267621.639020205,0.000903368,0.393902698,-0.001571575,640,480,rgb8
3366,images/003366.jpg,1774267621.673270941,1774267621.655811787,0.017459154,0.405000000,0.000000000,1774267621.659031868,0.014239073,0.401160529,-0.002452888,640,480,rgb8
3367,images/003367.jpg,1774267621.706618309,1774267621.695814610,0.010803699,0.405000000,0.000000000,1774267621.699041843,0.007576466,0.405347556,-0.006149199,640,480,rgb8
3368,images/003368.jpg,1774267621.806660414,1774267621.795821667,0.010838747,0.405000000,0.000000000,1774267621.799028873,0.007631540,0.406875140,-0.000052422,640,480,rgb8
3369,images/003369.jpg,1774267621.840007544,1774267621.835816145,0.004191399,0.405000000,0.000000000,1774267621.839026213,0.000981331,0.408838949,0.003830939,640,480,rgb8
3370,images/003370.jpg,1774267621.873354673,1774267621.855822325,0.017532349,0.405000000,0.000000000,1774267621.859040976,0.014313698,0.407969107,0.003985536,640,480,rgb8
3371,images/003371.jpg,1774267621.906701565,1774267621.895825863,0.010875702,0.405000000,0.000000000,1774267621.899045229,0.007656336,0.408104491,0.002304453,640,480,rgb8
3372,images/003372.jpg,1774267621.940048695,1774267621.935827732,0.004220963,0.405000000,0.000000000,1774267621.939057350,0.000991344,0.408942370,0.001287213,640,480,rgb8
3373,images/003373.jpg,1774267621.973395586,1774267621.955839634,0.017555952,0.405000000,0.000000000,1774267621.959187746,0.014207840,0.409189206,0.000650881,640,480,rgb8
3374,images/003374.jpg,1774267622.006742239,1774267621.995836735,0.010905504,0.405000000,0.000000000,1774267621.999013424,0.007728815,0.410305167,-0.001246455,640,480,rgb8
3375,images/003375.jpg,1774267622.040089130,1774267622.035832405,0.004256725,0.405000000,0.000000000,1774267622.039042234,0.001046896,0.410933681,0.004742500,640,480,rgb8
3376,images/003376.jpg,1774267622.073435783,1774267622.055824757,0.017611027,0.405000000,0.000000000,1774267622.059044361,0.014391422,0.411029091,0.007705715,640,480,rgb8
3377,images/003377.jpg,1774267622.106782198,1774267622.095818758,0.010963440,0.405000000,0.000000000,1774267622.099039078,0.007743120,0.410360073,0.005120497,640,480,rgb8
3378,images/003378.jpg,1774267622.140128613,1774267622.135823488,0.004305124,0.405000000,0.000000000,1774267622.139028549,0.001100063,0.409848256,0.004250295,640,480,rgb8
3379,images/003379.jpg,1774267622.173475027,1774267622.155819416,0.017655611,0.405000000,0.000000000,1774267622.159048080,0.014426947,0.409924767,0.007293651,640,480,rgb8
3380,images/003380.jpg,1774267622.206821442,1774267622.195813656,0.011007786,0.405000000,0.000000000,1774267622.199048519,0.007772923,0.409717828,0.003103192,640,480,rgb8
3381,images/003381.jpg,1774267622.240167856,1774267622.235817671,0.004350185,0.405000000,0.000000000,1774267622.239028692,0.001139164,0.408362555,0.004658359,640,480,rgb8
3382,images/003382.jpg,1774267622.273514509,1774267622.255816460,0.017698050,0.405000000,0.000000000,1774267622.259059429,0.014455080,0.407794594,0.004641442,640,480,rgb8
3383,images/003383.jpg,1774267622.306872845,1774267622.295831203,0.011041641,0.405000000,0.000000000,1774267622.299001694,0.007871151,0.407887482,0.005383851,640,480,rgb8
3384,images/003384.jpg,1774267622.340231180,1774267622.335821629,0.004409552,0.405000000,0.000000000,1774267622.339050055,0.001181126,0.409218034,0.007528874,640,480,rgb8
3385,images/003385.jpg,1774267622.373589516,1774267622.355822563,0.017766953,0.405000000,0.000000000,1774267622.359046221,0.014543295,0.408729870,0.007417481,640,480,rgb8
3386,images/003386.jpg,1774267622.440281868,1774267622.435835361,0.004446507,0.405000000,0.000000000,1774267622.439088583,0.001193285,0.407797620,0.001150242,640,480,rgb8
3387,images/003387.jpg,1774267622.473628283,1774267622.455823898,0.017804384,0.405000000,0.000000000,1774267622.459037542,0.014590740,0.407838085,0.008796722,640,480,rgb8
3388,images/003388.jpg,1774267622.506974459,1774267622.495828867,0.011145592,0.405000000,0.000000000,1774267622.499033689,0.007940769,0.408713864,0.012227884,640,480,rgb8
3389,images/003389.jpg,1774267622.540320396,1774267622.535827398,0.004492998,0.405000000,0.000000000,1774267622.539075613,0.001244783,0.407496815,0.012016666,640,480,rgb8
3390,images/003390.jpg,1774267622.573666334,1774267622.555815458,0.017850876,0.405000000,0.000000000,1774267622.559039354,0.014626980,0.407531069,-0.001397821,640,480,rgb8
3391,images/003391.jpg,1774267622.607012272,1774267622.595832348,0.011179924,0.405000000,0.000000000,1774267622.599090338,0.007921934,0.406901279,-0.008382129,640,480,rgb8
3392,images/003392.jpg,1774267622.640357971,1774267622.635821819,0.004536152,0.405000000,0.000000000,1774267622.639060497,0.001297474,0.419134560,0.004340023,640,480,rgb8
3393,images/003393.jpg,1774267622.673703909,1774267622.655819178,0.017884731,0.405000000,0.000000000,1774267622.659090996,0.014612913,0.419299962,0.031079126,640,480,rgb8
3394,images/003394.jpg,1774267622.707049370,1774267622.695813179,0.011236191,0.405000000,0.000000000,1774267622.699033499,0.008015871,0.411512550,0.044635611,640,480,rgb8
3395,images/003395.jpg,1774267622.740395069,1774267622.735806942,0.004588127,0.405000000,0.000000000,1774267622.739032745,0.001362324,0.409466074,0.008479914,640,480,rgb8
3396,images/003396.jpg,1774267622.773740530,1774267622.755818129,0.017922401,0.405000000,0.000000000,1774267622.759031296,0.014709234,0.409505633,-0.000730886,640,480,rgb8
3397,images/003397.jpg,1774267622.807085991,1774267622.795816422,0.011269569,0.405000000,0.000000000,1774267622.799026012,0.008059978,0.408927573,0.006287213,640,480,rgb8
3398,images/003398.jpg,1774267622.840431452,1774267622.835830450,0.004601002,0.405000000,0.000000000,1774267622.839037895,0.001393557,0.407525031,0.002664944,640,480,rgb8
3399,images/003399.jpg,1774267622.873776674,1774267622.855829954,0.017946720,0.405000000,0.000000000,1774267622.859035730,0.014740944,0.407538882,0.003980035,640,480,rgb8
3400,images/003400.jpg,1774267622.907121897,1774267622.895819426,0.011302471,0.405000000,0.000000000,1774267622.899023056,0.008098841,0.407572417,-0.002664907,640,480,rgb8
3401,images/003401.jpg,1774267622.940467119,1774267622.935812712,0.004654408,0.405000000,0.000000000,1774267622.939022779,0.001444340,0.407600406,0.000904830,640,480,rgb8
3402,images/003402.jpg,1774267622.973812103,1774267622.955826044,0.017986059,0.405000000,0.000000000,1774267622.959049702,0.014762402,0.407838876,0.001018810,640,480,rgb8
3403,images/003403.jpg,1774267623.007157087,1774267622.995833158,0.011323929,0.405000000,0.000000000,1774267622.999037027,0.008120060,0.407011285,0.007237506,640,480,rgb8
3404,images/003404.jpg,1774267623.040502071,1774267623.035834551,0.004667521,0.405000000,0.000000000,1774267623.039057493,0.001444578,0.406897679,0.001054099,640,480,rgb8
3405,images/003405.jpg,1774267623.073846579,1774267623.055838585,0.018007994,0.405000000,0.000000000,1774267623.059283495,0.014563084,0.406902447,-0.000034298,640,480,rgb8
3406,images/003406.jpg,1774267623.107191563,1774267623.095818996,0.011372566,0.405000000,0.000000000,1774267623.099039078,0.008152485,0.407645177,0.002674352,640,480,rgb8
3407,images/003407.jpg,1774267623.140536308,1774267623.135831833,0.004704475,0.405000000,0.000000000,1774267623.139036179,0.001500130,0.406502357,-0.001897320,640,480,rgb8
3408,images/003408.jpg,1774267623.173880816,1774267623.155825377,0.018055439,0.405000000,0.000000000,1774267623.159028769,0.014852047,0.406501722,-0.002927370,640,480,rgb8
3409,images/003409.jpg,1774267623.207225323,1774267623.195833206,0.011392117,0.405000000,0.000000000,1774267623.199023247,0.008202076,0.395395266,-0.004982428,640,480,rgb8
3410,images/003410.jpg,1774267623.240569830,1774267623.235836744,0.004733086,0.405000000,0.000000000,1774267623.239023685,0.001546144,0.403432457,-0.009555308,640,480,rgb8
3411,images/003411.jpg,1774267623.273914337,1774267623.255834103,0.018080235,0.405000000,0.000000000,1774267623.259036064,0.014878273,0.403409424,-0.006500116,640,480,rgb8
3412,images/003412.jpg,1774267623.307258844,1774267623.295831203,0.011427641,0.405000000,0.000000000,1774267623.299027443,0.008231401,0.405764911,-0.001580625,640,480,rgb8
3413,images/003413.jpg,1774267623.340603113,1774267623.335842848,0.004760265,0.405000000,0.000000000,1774267623.339034319,0.001568794,0.406748644,-0.002160809,640,480,rgb8
3414,images/003414.jpg,1774267623.373947620,1774267623.355841160,0.018106461,0.405000000,0.000000000,1774267623.359257460,0.014690161,0.406766896,0.000053543,640,480,rgb8
3415,images/003415.jpg,1774267623.407304764,1774267623.395833969,0.011470795,0.405000000,0.000000000,1774267623.399043798,0.008260965,0.473630374,0.007467683,640,480,rgb8
3416,images/003416.jpg,1774267623.440661907,1774267623.435840130,0.004821777,0.405000000,0.000000000,1774267623.439019442,0.001642466,0.433760030,0.000339066,640,480,rgb8
3417,images/003417.jpg,1774267623.474019289,1774267623.455838203,0.018181086,0.405000000,0.000000000,1774267623.459044933,0.014974356,0.415529482,0.000044147,640,480,rgb8
3418,images/003418.jpg,1774267623.540716171,1774267623.535815001,0.004901171,0.405000000,0.000000000,1774267623.540368319,0.000347853,0.409169060,0.006366067,640,480,rgb8
3419,images/003419.jpg,1774267623.574064493,1774267623.555837393,0.018227100,0.405000000,0.000000000,1774267623.559328794,0.014735699,0.409182502,0.007197214,640,480,rgb8
3420,images/003420.jpg,1774267623.607412577,1774267623.595825195,0.011587381,0.405000000,0.000000000,1774267623.599020004,0.008392572,0.408148407,0.009713591,640,480,rgb8
3421,images/003421.jpg,1774267623.640760899,1774267623.635828733,0.004932165,0.405000000,0.000000000,1774267623.639038801,0.001722097,0.407840281,0.002450494,640,480,rgb8
3422,images/003422.jpg,1774267623.674109221,1774267623.655833483,0.018275738,0.405000000,0.000000000,1774267623.659050703,0.015058517,0.407837717,0.008969786,640,480,rgb8
3423,images/003423.jpg,1774267623.707457066,1774267623.695838690,0.011618376,0.405000000,0.000000000,1774267623.699102640,0.008354425,0.342422039,0.011981703,640,480,rgb8
3424,images/003424.jpg,1774267623.740805149,1774267623.735818863,0.004986286,0.405000000,0.000000000,1774267623.739056110,0.001749039,0.383924657,0.010092081,640,480,rgb8
3425,images/003425.jpg,1774267623.774152994,1774267623.755873442,0.018279552,0.405000000,0.000000000,1774267623.759100437,0.015052557,0.383652916,0.004051238,640,480,rgb8
3426,images/003426.jpg,1774267623.807501316,1774267623.795827627,0.011673689,0.405000000,0.000000000,1774267623.799060822,0.008440495,0.399760847,0.004291714,640,480,rgb8
3427,images/003427.jpg,1774267623.840848923,1774267623.835816622,0.005032301,0.405000000,0.000000000,1774267623.839250803,0.001598120,0.408190902,0.009290300,640,480,rgb8
3428,images/003428.jpg,1774267623.874196768,1774267623.855825186,0.018371582,0.405000000,0.000000000,1774267623.859025717,0.015171051,0.408221826,0.009429051,640,480,rgb8
3429,images/003429.jpg,1774267623.907544374,1774267623.895812511,0.011731863,0.405000000,0.000000000,1774267623.899022341,0.008522034,0.407432924,0.013000674,640,480,rgb8
3430,images/003430.jpg,1774267623.974240065,1774267623.955797911,0.018442154,0.405000000,0.000000000,1774267623.959138393,0.015101671,0.406775339,0.003464870,640,480,rgb8
3431,images/003431.jpg,1774267624.007587433,1774267623.995816469,0.011770964,0.405000000,0.000000000,1774267623.999031305,0.008556128,0.341356373,-0.000117661,640,480,rgb8
3432,images/003432.jpg,1774267624.040935040,1774267624.035827875,0.005107164,0.405000000,0.000000000,1774267624.039018393,0.001916647,0.382458366,0.001262393,640,480,rgb8
3433,images/003433.jpg,1774267624.074282408,1774267624.055833578,0.018448830,0.405000000,0.000000000,1774267624.059053659,0.015228748,0.329358076,0.000436639,640,480,rgb8
3434,images/003434.jpg,1774267624.107629776,1774267624.095827818,0.011801958,0.405000000,0.000000000,1774267624.099064112,0.008565664,0.327541262,-0.009219723,640,480,rgb8
3435,images/003435.jpg,1774267624.140977383,1774267624.135826826,0.005150557,0.405000000,0.000000000,1774267624.139039278,0.001938105,0.402971243,-0.013183929,640,480,rgb8
3436,images/003436.jpg,1774267624.174324512,1774267624.155844688,0.018479824,0.405000000,0.000000000,1774267624.159076929,0.015247583,0.402992451,0.004867773,640,480,rgb8
3437,images/003437.jpg,1774267624.207671881,1774267624.195836067,0.011835814,0.405000000,0.000000000,1774267624.199079514,0.008592367,0.460060779,0.022386485,640,480,rgb8
3438,images/003438.jpg,1774267624.241019011,1774267624.235828161,0.005190849,0.405000000,0.000000000,1774267624.239033699,0.001985312,0.416850236,0.001234905,640,480,rgb8
3439,images/003439.jpg,1774267624.274365902,1774267624.255834341,0.018531561,0.405000000,0.000000000,1774267624.259004831,0.015361071,0.417020003,-0.009786649,640,480,rgb8
3440,images/003440.jpg,1774267624.307713032,1774267624.295828581,0.011884451,0.405000000,0.000000000,1774267624.299031973,0.008681059,0.407540588,-0.005841175,640,480,rgb8
3441,images/003441.jpg,1774267624.341060162,1774267624.335834503,0.005225658,0.405000000,0.000000000,1774267624.339035034,0.002025127,0.407643227,-0.002789819,640,480,rgb8
3442,images/003442.jpg,1774267624.374407053,1774267624.355816126,0.018590927,0.405000000,0.000000000,1774267624.358991861,0.015415192,0.405793312,-0.001087062,640,480,rgb8
3443,images/003443.jpg,1774267624.407753944,1774267624.395825863,0.011928082,0.405000000,0.000000000,1774267624.399040222,0.008713722,0.405377070,0.003791578,640,480,rgb8
3444,images/003444.jpg,1774267624.441100836,1774267624.435821772,0.005279064,0.405000000,0.000000000,1774267624.439044237,0.002056599,0.406269532,0.003999418,640,480,rgb8
3445,images/003445.jpg,1774267624.474447727,1774267624.455837965,0.018609762,0.405000000,0.000000000,1774267624.459052563,0.015395164,0.406302217,0.000492523,640,480,rgb8
3446,images/003446.jpg,1774267624.507804155,1774267624.495840311,0.011963844,0.405000000,0.000000000,1774267624.499041319,0.008762836,0.407080971,-0.001648725,640,480,rgb8
3447,images/003447.jpg,1774267624.541160583,1774267624.535843372,0.005317211,0.405000000,0.000000000,1774267624.539039135,0.002121449,0.406547225,-0.006722265,640,480,rgb8
3448,images/003448.jpg,1774267624.574517012,1774267624.555839300,0.018677711,0.405000000,0.000000000,1774267624.559066296,0.015450716,0.406480014,-0.008017106,640,480,rgb8
3449,images/003449.jpg,1774267624.641206741,1774267624.635837793,0.005368948,0.405000000,0.000000000,1774267624.639058590,0.002148151,0.407360827,-0.005884813,640,480,rgb8
3450,images/003450.jpg,1774267624.674551487,1774267624.655823231,0.018728256,0.405000000,0.000000000,1774267624.659073353,0.015478134,0.406134845,-0.005067908,640,480,rgb8
3451,images/003451.jpg,1774267624.707896233,1774267624.695822954,0.012073278,0.405000000,0.000000000,1774267624.699043274,0.008852959,0.405802023,-0.004693662,640,480,rgb8
3452,images/003452.jpg,1774267624.741240740,1774267624.735818863,0.005421877,0.405000000,0.000000000,1774267624.739039183,0.002201557,0.407291887,-0.013949095,640,480,rgb8
3453,images/003453.jpg,1774267624.774585247,1774267624.755951166,0.018634081,0.405000000,0.000000000,1774267624.759067297,0.015517950,0.407331006,-0.014804185,640,480,rgb8
3454,images/003454.jpg,1774267624.807929754,1774267624.795821667,0.012108088,0.405000000,0.000000000,1774267624.799061537,0.008868217,0.407625850,-0.003149275,640,480,rgb8
3455,images/003455.jpg,1774267624.841274023,1774267624.835823536,0.005450487,0.405000000,0.000000000,1774267624.839025736,0.002248287,0.407501837,-0.002818280,640,480,rgb8
3456,images/003456.jpg,1774267624.874618053,1774267624.855863810,0.018754244,0.405000000,0.000000000,1774267624.859220266,0.015397787,0.407489031,-0.001027922,640,480,rgb8
3457,images/003457.jpg,1774267624.907962084,1774267624.895820379,0.012141705,0.405000000,0.000000000,1774267624.899039984,0.008922100,0.407565691,0.003940170,640,480,rgb8
3458,images/003458.jpg,1774267624.941306114,1774267624.935824871,0.005481243,0.405000000,0.000000000,1774267624.939027548,0.002278566,0.408777285,0.002369036,640,480,rgb8
3459,images/003459.jpg,1774267624.974650145,1774267624.955838919,0.018811226,0.405000000,0.000000000,1774267624.959043980,0.015606165,0.407719836,0.000593031,640,480,rgb8
3460,images/003460.jpg,1774267625.007993937,1774267624.995814085,0.012179852,0.405000000,0.000000000,1774267624.999036312,0.008957624,0.406968814,-0.001338048,640,480,rgb8
3461,images/003461.jpg,1774267625.041337729,1774267625.035820484,0.005517244,0.405000000,0.000000000,1774267625.041197300,0.000140429,0.407946382,0.005991209,640,480,rgb8
3462,images/003462.jpg,1774267625.074681044,1774267625.055813313,0.018867731,0.405000000,0.000000000,1774267625.059036970,0.015644073,0.407981822,0.010620818,640,480,rgb8
3463,images/003463.jpg,1774267625.108024597,1774267625.095818996,0.012205601,0.405000000,0.000000000,1774267625.099028349,0.008996248,0.407612743,0.005647198,640,480,rgb8
3464,images/003464.jpg,1774267625.141368151,1774267625.135821819,0.005546331,0.405000000,0.000000000,1774267625.139037609,0.002330542,0.407912903,-0.008187727,640,480,rgb8
3465,images/003465.jpg,1774267625.174711466,1774267625.155817986,0.018893480,0.405000000,0.000000000,1774267625.159022570,0.015688896,0.408028403,-0.008139281,640,480,rgb8
3466,images/003466.jpg,1774267625.208054781,1774267625.195829868,0.012224913,0.405000000,0.000000000,1774267625.199191093,0.008863688,0.409040952,0.002740467,640,480,rgb8
3467,images/003467.jpg,1774267625.241397858,1774267625.235823154,0.005574703,0.405000000,0.000000000,1774267625.239082575,0.002315283,0.409139886,0.009239622,640,480,rgb8
3468,images/003468.jpg,1774267625.274740934,1774267625.255821705,0.018919230,0.405000000,0.000000000,1774267625.259115934,0.015625000,0.366722078,0.009390689,640,480,rgb8
3469,images/003469.jpg,1774267625.308084011,1774267625.295818806,0.012265205,0.405000000,0.000000000,1774267625.299023867,0.009060144,0.401662287,0.007058763,640,480,rgb8
3470,images/003470.jpg,1774267625.341426849,1774267625.335814953,0.005611897,0.405000000,0.000000000,1774267625.339040756,0.002386093,0.405442636,0.008091337,640,480,rgb8
3471,images/003471.jpg,1774267625.374769449,1774267625.355829239,0.018940210,0.405000000,0.000000000,1774267625.359054089,0.015715361,0.405461539,0.005703680,640,480,rgb8
3472,images/003472.jpg,1774267625.408112288,1774267625.395835638,0.012276649,0.405000000,0.000000000,1774267625.399042130,0.009070158,0.407966000,0.007054355,640,480,rgb8
3473,images/003473.jpg,1774267625.441454887,1774267625.435821533,0.005633354,0.405000000,0.000000000,1774267625.439044952,0.002409935,0.407756337,0.012982975,640,480,rgb8
3474,images/003474.jpg,1774267625.474797249,1774267625.455830097,0.018967152,0.405000000,0.000000000,1774267625.459063292,0.015733957,0.407358492,0.011457015,640,480,rgb8
3475,images/003475.jpg,1774267625.508139610,1774267625.495839119,0.012300491,0.405000000,0.000000000,1774267625.499061584,0.009078026,0.408359668,0.012640461,640,480,rgb8
3476,images/003476.jpg,1774267625.541481972,1774267625.535832405,0.005649567,0.405000000,0.000000000,1774267625.539067984,0.002413988,0.408461310,0.017805883,640,480,rgb8
3477,images/003477.jpg,1774267625.574824572,1774267625.555832624,0.018991947,0.405000000,0.000000000,1774267625.559051275,0.015773296,0.384557163,0.019570888,640,480,rgb8
3478,images/003478.jpg,1774267625.608179331,1774267625.595830441,0.012348890,0.405000000,0.000000000,1774267625.599063635,0.009115696,0.394956353,0.011282332,640,480,rgb8
3479,images/003479.jpg,1774267625.641534328,1774267625.635839701,0.005694628,0.405000000,0.000000000,1774267625.639061689,0.002472639,0.400754637,-0.012728777,640,480,rgb8
3480,images/003480.jpg,1774267625.674889565,1774267625.655840874,0.019048691,0.405000000,0.000000000,1774267625.659198284,0.015691280,0.400722669,-0.015856750,640,480,rgb8
3481,images/003481.jpg,1774267625.741610050,1774267625.735841990,0.005768061,0.405000000,0.000000000,1774267625.739074707,0.002535343,0.432209527,0.051460572,640,480,rgb8
3482,images/003482.jpg,1774267625.774970531,1774267625.755825281,0.019145250,0.405000000,0.000000000,1774267625.759039402,0.015931129,0.432554956,0.026466096,640,480,rgb8
3483,images/003483.jpg,1774267625.808330774,1774267625.795817852,0.012512922,0.405000000,0.000000000,1774267625.799053431,0.009277344,0.417099179,-0.015166712,640,480,rgb8
3484,images/003484.jpg,1774267625.841691256,1774267625.835826159,0.005865097,0.405000000,0.000000000,1774267625.839041471,0.002649784,0.411050729,-0.008755555,640,480,rgb8
3485,images/003485.jpg,1774267625.875051498,1774267625.855846643,0.019204855,0.405000000,0.000000000,1774267625.859096289,0.015955210,0.411122670,0.003499928,640,480,rgb8
3486,images/003486.jpg,1774267625.908411980,1774267625.895836115,0.012575865,0.405000000,0.000000000,1774267625.899070263,0.009341717,0.407106751,0.013093352,640,480,rgb8
3487,images/003487.jpg,1774267625.941772223,1774267625.935806751,0.005965471,0.405000000,0.000000000,1774267625.939068794,0.002703428,0.405591797,-0.003091471,640,480,rgb8
3488,images/003488.jpg,1774267625.975132465,1774267625.955843210,0.019289255,0.405000000,0.000000000,1774267625.959080219,0.016052246,0.407147318,-0.005835909,640,480,rgb8
3489,images/003489.jpg,1774267626.008492947,1774267625.995825052,0.012667894,0.405000000,0.000000000,1774267625.999164104,0.009328842,0.407191310,-0.003321571,640,480,rgb8
3490,images/003490.jpg,1774267626.041853428,1774267626.035819054,0.006034374,0.405000000,0.000000000,1774267626.039036989,0.002816439,0.407081161,0.005596331,640,480,rgb8
3491,images/003491.jpg,1774267626.075213909,1774267626.055816412,0.019397497,0.405000000,0.000000000,1774267626.059029579,0.016184330,0.407401665,-0.000250242,640,480,rgb8
3492,images/003492.jpg,1774267626.108574390,1774267626.095858574,0.012715816,0.405000000,0.000000000,1774267626.099053383,0.009521008,0.408267933,-0.008124575,640,480,rgb8
3493,images/003493.jpg,1774267626.141934872,1774267626.135815144,0.006119728,0.405000000,0.000000000,1774267626.139020443,0.002914429,0.408812361,-0.000984556,640,480,rgb8
3494,images/003494.jpg,1774267626.175295353,1774267626.155818939,0.019476414,0.405000000,0.000000000,1774267626.159017563,0.016277790,0.408851974,-0.003718202,640,480,rgb8
3495,images/003495.jpg,1774267626.208655834,1774267626.195814848,0.012840986,0.405000000,0.000000000,1774267626.199043989,0.009611845,0.407385232,-0.002256271,640,480,rgb8
3496,images/003496.jpg,1774267626.242016315,1774267626.235818148,0.006198168,0.405000000,0.000000000,1774267626.239034176,0.002982140,0.407036977,-0.000223511,640,480,rgb8
3497,images/003497.jpg,1774267626.275377035,1774267626.255812883,0.019564152,0.405000000,0.000000000,1774267626.259052038,0.016324997,0.408445184,-0.005099440,640,480,rgb8
3498,images/003498.jpg,1774267626.308737516,1774267626.295821190,0.012916327,0.405000000,0.000000000,1774267626.299034595,0.009702921,0.408511891,-0.001547747,640,480,rgb8
3499,images/003499.jpg,1774267626.342098236,1774267626.335830688,0.006267548,0.405000000,0.000000000,1774267626.339057446,0.003040791,0.408594637,-0.002544963,640,480,rgb8
3500,images/003500.jpg,1774267626.375458717,1774267626.355833054,0.019625664,0.405000000,0.000000000,1774267626.359208584,0.016250134,0.408628760,-0.001637932,640,480,rgb8
3501,images/003501.jpg,1774267626.408819437,1774267626.395817518,0.013001919,0.405000000,0.000000000,1774267626.399055481,0.009763956,0.346630954,0.001856613,640,480,rgb8
3502,images/003502.jpg,1774267626.442179918,1774267626.435819387,0.006360531,0.405000000,0.000000000,1774267626.439026594,0.003153324,0.387295472,0.005332774,640,480,rgb8
3503,images/003503.jpg,1774267626.475540638,1774267626.455813169,0.019727468,0.405000000,0.000000000,1774267626.459034920,0.016505718,0.387085472,0.001708520,640,480,rgb8
3504,images/003504.jpg,1774267626.508901119,1774267626.495809793,0.013091326,0.405000000,0.000000000,1774267626.499040127,0.009860992,0.400732031,-0.004049536,640,480,rgb8
3505,images/003505.jpg,1774267626.542262077,1774267626.535816908,0.006445169,0.405000000,0.000000000,1774267626.539005995,0.003256083,0.406766453,0.002333975,640,480,rgb8
3506,images/003506.jpg,1774267626.575622559,1774267626.555825233,0.019797325,0.405000000,0.000000000,1774267626.559025288,0.016597271,0.406799550,0.003118438,640,480,rgb8
3507,images/003507.jpg,1774267626.608983517,1774267626.595818520,0.013164997,0.405000000,0.000000000,1774267626.599019051,0.009964466,0.432140281,0.012116304,640,480,rgb8
3508,images/003508.jpg,1774267626.642343998,1774267626.635814667,0.006529331,0.405000000,0.000000000,1774267626.639040947,0.003303051,0.419618380,0.010923914,640,480,rgb8
3509,images/003509.jpg,1774267626.675704479,1774267626.655831099,0.019873381,0.405000000,0.000000000,1774267626.659029007,0.016675472,0.419792868,0.002392467,640,480,rgb8
3510,images/003510.jpg,1774267626.709059715,1774267626.695816994,0.013242722,0.405000000,0.000000000,1774267626.699082613,0.009977102,0.412519458,0.003390409,640,480,rgb8
3511,images/003511.jpg,1774267626.742414951,1774267626.735819340,0.006595612,0.405000000,0.000000000,1774267626.739056349,0.003358603,0.407991590,0.008232114,640,480,rgb8
3512,images/003512.jpg,1774267626.775770426,1774267626.755839348,0.019931078,0.405000000,0.000000000,1774267626.759078264,0.016692162,0.406940654,0.005707754,640,480,rgb8
3513,images/003513.jpg,1774267626.809146881,1774267626.795838594,0.013308287,0.405000000,0.000000000,1774267626.799064398,0.010082483,0.406963262,0.007141868,640,480,rgb8
3514,images/003514.jpg,1774267626.842523575,1774267626.835785627,0.006737947,0.405000000,0.000000000,1774267626.839040518,0.003483057,0.366596536,0.008811027,640,480,rgb8
3515,images/003515.jpg,1774267626.875900745,1774267626.875815630,0.000085115,0.405000000,0.000000000,1774267626.859053135,0.016847610,0.390979852,0.003106335,640,480,rgb8
3516,images/003516.jpg,1774267626.909277678,1774267626.895823479,0.013454199,0.405000000,0.000000000,1774267626.899066210,0.010211468,0.336814049,0.008405201,640,480,rgb8
3517,images/003517.jpg,1774267626.942654610,1774267626.935831785,0.006822824,0.405000000,0.000000000,1774267626.939038754,0.003615856,0.335159332,0.008184008,640,480,rgb8
3518,images/003518.jpg,1774267626.976031780,1774267626.975823164,0.000208616,0.405000000,0.000000000,1774267626.959064245,0.016967535,0.384987855,0.008330514,640,480,rgb8
3519,images/003519.jpg,1774267627.009408951,1774267626.995819807,0.013589144,0.405000000,0.000000000,1774267626.999140263,0.010268688,0.436077728,0.004591109,640,480,rgb8
3520,images/003520.jpg,1774267627.042786360,1774267627.035818100,0.006968260,0.405000000,0.000000000,1774267627.039093733,0.003692627,0.422568073,0.012459016,640,480,rgb8
3521,images/003521.jpg,1774267627.076164007,1774267627.075819254,0.000344753,0.405000000,0.000000000,1774267627.059069872,0.017094135,0.422798612,0.015186408,640,480,rgb8
3522,images/003522.jpg,1774267627.109541655,1774267627.095829248,0.013712406,0.405000000,0.000000000,1774267627.099067688,0.010473967,0.410653328,0.013803290,640,480,rgb8
3523,images/003523.jpg,1774267627.142919540,1774267627.135811090,0.007108450,0.405000000,0.000000000,1774267627.139030457,0.003889084,0.408513718,-0.002616311,640,480,rgb8
3524,images/003524.jpg,1774267627.243053675,1774267627.235820770,0.007232904,0.405000000,0.000000000,1774267627.239014626,0.004039049,0.375807342,0.033339331,640,480,rgb8
3525,images/003525.jpg,1774267627.276431799,1774267627.275838852,0.000592947,0.405000000,0.000000000,1774267627.259032726,0.017399073,0.402737032,0.039023639,640,480,rgb8
3526,images/003526.jpg,1774267627.309810400,1774267627.295825005,0.013985395,0.405000000,0.000000000,1774267627.299039364,0.010771036,0.404643477,0.001112700,640,480,rgb8
3527,images/003527.jpg,1774267627.343188763,1774267627.335812330,0.007376432,0.405000000,0.000000000,1774267627.339067459,0.004121304,0.406292794,-0.004566507,640,480,rgb8
3528,images/003528.jpg,1774267627.376567364,1774267627.375837564,0.000729799,0.405000000,0.000000000,1774267627.359073639,0.017493725,0.406333162,-0.001237523,640,480,rgb8
3529,images/003529.jpg,1774267627.409946203,1774267627.395829678,0.014116526,0.405000000,0.000000000,1774267627.399119616,0.010826588,0.405008429,0.003172190,640,480,rgb8
3530,images/003530.jpg,1774267627.443325043,1774267627.435786247,0.007538795,0.405000000,0.000000000,1774267627.439012766,0.004312277,0.404673516,0.015635602,640,480,rgb8
3531,images/003531.jpg,1774267627.476704121,1774267627.475825548,0.000878572,0.405000000,0.000000000,1774267627.459017992,0.017686129,0.406318870,0.010601888,640,480,rgb8
3532,images/003532.jpg,1774267627.510083199,1774267627.495824575,0.014258623,0.405000000,0.000000000,1774267627.499037266,0.011045933,0.406396203,0.005816660,640,480,rgb8
3533,images/003533.jpg,1774267627.543462515,1774267627.535817623,0.007644892,0.405000000,0.000000000,1774267627.539030790,0.004431725,0.406911117,0.005592339,640,480,rgb8
3534,images/003534.jpg,1774267627.576841831,1774267627.575828552,0.001013279,0.405000000,0.000000000,1774267627.559037685,0.017804146,0.407243125,-0.002146430,640,480,rgb8
3535,images/003535.jpg,1774267627.610221148,1774267627.595832348,0.014388800,0.405000000,0.000000000,1774267627.599053621,0.011167526,0.407433217,-0.004617843,640,480,rgb8
3536,images/003536.jpg,1774267627.643600941,1774267627.635833740,0.007767200,0.405000000,0.000000000,1774267627.639045238,0.004555702,0.408670531,0.000189110,640,480,rgb8
3537,images/003537.jpg,1774267627.676980495,1774267627.675838232,0.001142263,0.405000000,0.000000000,1774267627.659071684,0.017908812,0.408733128,0.001935836,640,480,rgb8
3538,images/003538.jpg,1774267627.710360289,1774267627.695841789,0.014518499,0.405000000,0.000000000,1774267627.699137211,0.011223078,0.407347483,-0.001257776,640,480,rgb8
3539,images/003539.jpg,1774267627.743740320,1774267627.735819578,0.007920742,0.405000000,0.000000000,1774267627.739051342,0.004688978,0.406248950,-0.001652575,640,480,rgb8
3540,images/003540.jpg,1774267627.777119875,1774267627.775846243,0.001273632,0.405000000,0.000000000,1774267627.759114742,0.018005133,0.406279058,0.000248443,640,480,rgb8
3541,images/003541.jpg,1774267627.810476780,1774267627.795824289,0.014652491,0.405000000,0.000000000,1774267627.799027205,0.011449575,0.407152448,-0.001513009,640,480,rgb8
3542,images/003542.jpg,1774267627.843833923,1774267627.835820436,0.008013487,0.405000000,0.000000000,1774267627.839044809,0.004789114,0.406857428,0.000012523,640,480,rgb8
3543,images/003543.jpg,1774267627.910535812,1774267627.895823956,0.014711857,0.405000000,0.000000000,1774267627.899073362,0.011462450,0.406870210,-0.005476711,640,480,rgb8
3544,images/003544.jpg,1774267627.943886995,1774267627.935822248,0.008064747,0.405000000,0.000000000,1774267627.939076424,0.004810572,0.408256679,0.001705121,640,480,rgb8
3545,images/003545.jpg,1774267627.977237940,1774267627.975825548,0.001412392,0.405000000,0.000000000,1774267627.959021807,0.018216133,0.408306453,-0.010526894,640,480,rgb8
3546,images/003546.jpg,1774267628.010588884,1774267627.995818377,0.014770508,0.405000000,0.000000000,1774267627.999040127,0.011548758,0.407270029,-0.009516673,640,480,rgb8
3547,images/003547.jpg,1774267628.043939590,1774267628.035830259,0.008109331,0.405000000,0.000000000,1774267628.039038658,0.004900932,0.406502059,-0.005892476,640,480,rgb8
3548,images/003548.jpg,1774267628.077290535,1774267628.075837374,0.001453161,0.405000000,0.000000000,1774267628.059067011,0.018223524,0.406528181,-0.005137146,640,480,rgb8
3549,images/003549.jpg,1774267628.110641718,1774267628.095824003,0.014817715,0.405000000,0.000000000,1774267628.099070787,0.011570930,0.395808877,0.001665449,640,480,rgb8
3550,images/003550.jpg,1774267628.143992186,1774267628.135835648,0.008156538,0.405000000,0.000000000,1774267628.139056921,0.004935265,0.395619900,0.012424139,640,480,rgb8
3551,images/003551.jpg,1774267628.177343130,1774267628.175818443,0.001524687,0.405000000,0.000000000,1774267628.159306526,0.018036604,0.402762440,0.011568573,640,480,rgb8
3552,images/003552.jpg,1774267628.210693836,1774267628.195824623,0.014869213,0.405000000,0.000000000,1774267628.199030161,0.011663675,0.405539763,-0.005634330,640,480,rgb8
3553,images/003553.jpg,1774267628.244044781,1774267628.235830545,0.008214235,0.405000000,0.000000000,1774267628.239045382,0.004999399,0.407643638,-0.000795815,640,480,rgb8
3554,images/003554.jpg,1774267628.277395248,1774267628.275830269,0.001564980,0.405000000,0.000000000,1774267628.259068489,0.018326759,0.407696425,0.000827870,640,480,rgb8
3555,images/003555.jpg,1774267628.310746193,1774267628.295830965,0.014915228,0.405000000,0.000000000,1774267628.299178600,0.011567593,0.407066045,0.007682418,640,480,rgb8
3556,images/003556.jpg,1774267628.344096661,1774267628.335821629,0.008275032,0.405000000,0.000000000,1774267628.339036703,0.005059958,0.353771746,-0.006582746,640,480,rgb8
3557,images/003557.jpg,1774267628.377447367,1774267628.375809431,0.001637936,0.405000000,0.000000000,1774267628.359016180,0.018431187,0.381521154,-0.001316706,640,480,rgb8
3558,images/003558.jpg,1774267628.410797834,1774267628.395808935,0.014988899,0.405000000,0.000000000,1774267628.399013042,0.011784792,0.380996996,0.005226081,640,480,rgb8
3559,images/003559.jpg,1774267628.444148540,1774267628.435825348,0.008323193,0.405000000,0.000000000,1774267628.439177275,0.004971266,0.397098924,0.010775301,640,480,rgb8
3560,images/003560.jpg,1774267628.477499008,1774267628.475819349,0.001679659,0.405000000,0.000000000,1774267628.459066868,0.018432140,0.403373283,0.009233945,640,480,rgb8
3561,images/003561.jpg,1774267628.510849714,1774267628.495834827,0.015014887,0.405000000,0.000000000,1774267628.499085665,0.011764050,0.406341692,0.003980106,640,480,rgb8
3562,images/003562.jpg,1774267628.544199944,1774267628.535820961,0.008378983,0.405000000,0.000000000,1774267628.539028645,0.005171299,0.408081126,-0.000678003,640,480,rgb8
3563,images/003563.jpg,1774267628.577550650,1774267628.575802803,0.001747847,0.405000000,0.000000000,1774267628.559027195,0.018523455,0.408152169,0.002941013,640,480,rgb8
3564,images/003564.jpg,1774267628.610900879,1774267628.595819712,0.015081167,0.405000000,0.000000000,1774267628.599027634,0.011873245,0.406942515,0.005520015,640,480,rgb8
3565,images/003565.jpg,1774267628.644251347,1774267628.635812283,0.008439064,0.405000000,0.000000000,1774267628.639013290,0.005238056,0.408192829,0.003429594,640,480,rgb8
3566,images/003566.jpg,1774267628.677601814,1774267628.675822020,0.001779795,0.405000000,0.000000000,1774267628.659031391,0.018570423,0.409573603,0.001339447,640,480,rgb8
3567,images/003567.jpg,1774267628.710952044,1774267628.695824385,0.015127659,0.405000000,0.000000000,1774267628.699054241,0.011897802,0.410406744,-0.002471156,640,480,rgb8
3568,images/003568.jpg,1774267628.744302511,1774267628.735823393,0.008479118,0.405000000,0.000000000,1774267628.739030600,0.005271912,0.410592453,0.011616808,640,480,rgb8
3569,images/003569.jpg,1774267628.777652740,1774267628.775831461,0.001821280,0.405000000,0.000000000,1774267628.759098530,0.018554211,0.341411857,0.039800969,640,480,rgb8
3570,images/003570.jpg,1774267628.811002970,1774267628.795831680,0.015171289,0.405000000,0.000000000,1774267628.799054623,0.011948347,0.400727385,0.024700693,640,480,rgb8
3571,images/003571.jpg,1774267628.844353437,1774267628.835829258,0.008524179,0.405000000,0.000000000,1774267628.839070320,0.005283117,0.404235805,-0.000160378,640,480,rgb8
3572,images/003572.jpg,1774267628.877710104,1774267628.875830889,0.001879215,0.405000000,0.000000000,1774267628.859089613,0.018620491,0.404270719,0.003994226,640,480,rgb8
3573,images/003573.jpg,1774267628.911066532,1774267628.895825386,0.015241146,0.405000000,0.000000000,1774267628.899074078,0.011992455,0.405973196,0.001192772,640,480,rgb8
3574,images/003574.jpg,1774267628.944423437,1774267628.935832262,0.008591175,0.405000000,0.000000000,1774267628.939052343,0.005371094,0.405053090,-0.002508319,640,480,rgb8
3575,images/003575.jpg,1774267629.044467926,1774267629.035831690,0.008636236,0.405000000,0.000000000,1774267629.039106131,0.005361795,0.405069653,0.005010774,640,480,rgb8
3576,images/003576.jpg,1774267629.077816248,1774267629.075825691,0.001990557,0.405000000,0.000000000,1774267629.059036493,0.018779755,0.407081784,0.004987472,640,480,rgb8
3577,images/003577.jpg,1774267629.111164093,1774267629.095816612,0.015347481,0.405000000,0.000000000,1774267629.099020243,0.012143850,0.407004309,0.007341953,640,480,rgb8
3578,images/003578.jpg,1774267629.144511938,1774267629.135830164,0.008681774,0.405000000,0.000000000,1774267629.139043570,0.005468369,0.407205523,-0.002152834,640,480,rgb8
3579,images/003579.jpg,1774267629.177859783,1774267629.175834179,0.002025604,0.405000000,0.000000000,1774267629.159343243,0.018516541,0.408007128,-0.002055113,640,480,rgb8
3580,images/003580.jpg,1774267629.211207867,1774267629.195837259,0.015370607,0.405000000,0.000000000,1774267629.199061155,0.012146711,0.408149148,-0.007445559,640,480,rgb8
3581,images/003581.jpg,1774267629.244555473,1774267629.235833406,0.008722067,0.405000000,0.000000000,1774267629.239039660,0.005515814,0.407043676,-0.008038704,640,480,rgb8
3582,images/003582.jpg,1774267629.277903080,1774267629.275841951,0.002061129,0.405000000,0.000000000,1774267629.259116411,0.018786669,0.406585372,-0.004861058,640,480,rgb8
3583,images/003583.jpg,1774267629.311250448,1774267629.295832634,0.015417814,0.405000000,0.000000000,1774267629.299044847,0.012205601,0.406413186,-0.001617820,640,480,rgb8
3584,images/003584.jpg,1774267629.344598055,1774267629.335825443,0.008772612,0.405000000,0.000000000,1774267629.339035511,0.005562544,0.407933992,0.000478497,640,480,rgb8
3585,images/003585.jpg,1774267629.411292791,1774267629.395825148,0.015467644,0.405000000,0.000000000,1774267629.399022341,0.012270451,0.407442673,-0.002780864,640,480,rgb8
3586,images/003586.jpg,1774267629.444640160,1774267629.435818195,0.008821964,0.405000000,0.000000000,1774267629.439031839,0.005608320,0.407359026,-0.003478932,640,480,rgb8
3587,images/003587.jpg,1774267629.477987289,1774267629.475813389,0.002173901,0.405000000,0.000000000,1774267629.459022999,0.018964291,0.408220707,0.000812406,640,480,rgb8
3588,images/003588.jpg,1774267629.511334419,1774267629.495823622,0.015510798,0.405000000,0.000000000,1774267629.499026537,0.012307882,0.408347953,0.004213859,640,480,rgb8
3589,images/003589.jpg,1774267629.544681311,1774267629.535805941,0.008875370,0.405000000,0.000000000,1774267629.539029121,0.005652189,0.473349751,0.000478521,640,480,rgb8
3590,images/003590.jpg,1774267629.578028202,1774267629.575822592,0.002205610,0.405000000,0.000000000,1774267629.559085369,0.018942833,0.432103765,-0.000399859,640,480,rgb8
3591,images/003591.jpg,1774267629.611375332,1774267629.595893860,0.015481472,0.405000000,0.000000000,1774267629.599038124,0.012337208,0.416186321,0.003656525,640,480,rgb8
3592,images/003592.jpg,1774267629.644722223,1774267629.635817528,0.008904696,0.405000000,0.000000000,1774267629.639131069,0.005591154,0.411521569,0.006338646,640,480,rgb8
3593,images/003593.jpg,1774267629.678068876,1774267629.675807953,0.002260923,0.405000000,0.000000000,1774267629.659117222,0.018951654,0.411593383,0.010079741,640,480,rgb8
3594,images/003594.jpg,1774267629.711415529,1774267629.695814133,0.015601397,0.004895020,0.500131225,1774267629.699035168,0.012380362,0.362348292,0.007877807,640,480,rgb8
3595,images/003595.jpg,1774267629.744762182,1774267629.735808611,0.008953571,0.000000000,0.810000000,1774267629.739047050,0.005715132,0.385003497,-0.001602755,640,480,rgb8
3596,images/003596.jpg,1774267629.778108597,1774267629.775806189,0.002302408,0.000000000,0.810000000,1774267629.759049892,0.019058704,0.384756608,-0.001602755,640,480,rgb8
3597,images/003597.jpg,1774267629.811455011,1774267629.795768738,0.015686274,0.000000000,0.810000000,1774267629.799066782,0.012388229,0.388817001,0.012205016,640,480,rgb8
3598,images/003598.jpg,1774267629.844801426,1774267629.835816383,0.008985043,0.000000000,0.810000000,1774267629.839057207,0.005744219,0.390430126,0.187081916,640,480,rgb8
3599,images/003599.jpg,1774267629.878147602,1774267629.875805378,0.002342224,0.000000000,0.810000000,1774267629.859067678,0.019079924,0.390262053,0.298513353,640,480,rgb8
3600,images/003600.jpg,1774267629.911494255,1774267629.895808220,0.015686035,0.000000000,0.810000000,1774267629.899055481,0.012438774,0.295405329,0.432265047,640,480,rgb8
3601,images/003601.jpg,1774267629.944840431,1774267629.935812950,0.009027481,0.000000000,0.810000000,1774267629.939057589,0.005782843,0.161978773,0.548800294,640,480,rgb8
3602,images/003602.jpg,1774267629.978196144,1774267629.975811958,0.002384186,0.000000000,0.000000000,1774267629.959096432,0.019099712,0.159078346,0.580034153,640,480,rgb8
3603,images/003603.jpg,1774267630.011551619,1774267629.995812893,0.015738726,0.000000000,0.000000000,1774267629.999077559,0.012474060,0.087358419,0.610694359,640,480,rgb8
3604,images/003604.jpg,1774267630.044907093,1774267630.035809755,0.009097338,0.000000000,0.000000000,1774267630.039062262,0.005844831,0.037276911,0.448237180,640,480,rgb8
3605,images/003605.jpg,1774267630.078262806,1774267630.075823784,0.002439022,0.400678440,0.000000000,1774267630.059103012,0.019159794,0.033048762,0.212846534,640,480,rgb8
3606,images/003606.jpg,1774267630.178301573,1774267630.175826073,0.002475500,0.405000000,0.000000000,1774267630.159088135,0.019213438,-0.002652508,0.102948165,640,480,rgb8
3607,images/003607.jpg,1774267630.211647511,1774267630.195820093,0.015827417,0.405000000,0.000000000,1774267630.199025393,0.012622118,0.047658423,0.092264550,640,480,rgb8
3608,images/003608.jpg,1774267630.244993448,1774267630.235774755,0.009218693,0.405000000,0.000000000,1774267630.239024878,0.005968571,0.040313280,0.024238554,640,480,rgb8
3609,images/003609.jpg,1774267630.278339386,1774267630.275828600,0.002510786,0.405000000,0.000000000,1774267630.259090662,0.019248724,0.106731097,0.011914468,640,480,rgb8
3610,images/003610.jpg,1774267630.311685324,1774267630.295814991,0.015870333,0.405000000,0.000000000,1774267630.299064875,0.012620449,0.195128667,0.020758175,640,480,rgb8
3611,images/003611.jpg,1774267630.345031023,1774267630.335826635,0.009204388,0.004935980,0.000000000,1774267630.339055538,0.005975485,0.275535881,0.011891102,640,480,rgb8
3612,images/003612.jpg,1774267630.378376484,1774267630.375822544,0.002553940,0.000000000,0.000000000,1774267630.359073877,0.019302607,0.274880108,0.003421759,640,480,rgb8
3613,images/003613.jpg,1774267630.411722183,1774267630.395838976,0.015883207,0.000000000,0.000000000,1774267630.399084330,0.012637854,0.358552459,0.008074027,640,480,rgb8
3614,images/003614.jpg,1774267630.445067644,1774267630.435834169,0.009233475,0.000000000,0.000000000,1774267630.439046860,0.006020784,0.372130412,0.025806303,640,480,rgb8
3615,images/003615.jpg,1774267630.511758089,1774267630.495813847,0.015944242,0.000000000,0.000000000,1774267630.499028444,0.012729645,0.327995414,0.032008113,640,480,rgb8
3616,images/003616.jpg,1774267630.545103312,1774267630.535816431,0.009286880,0.000000000,0.000000000,1774267630.539017677,0.006085634,0.300623508,-0.002489827,640,480,rgb8
3617,images/003617.jpg,1774267630.578448534,1774267630.575810194,0.002638340,0.399758100,0.000000000,1774267630.559014082,0.019434452,0.229909752,-0.004043068,640,480,rgb8
3618,images/003618.jpg,1774267630.611793518,1774267630.595831633,0.015961885,0.405000000,0.000000000,1774267630.599005699,0.012787819,0.137791175,0.018646493,640,480,rgb8
3619,images/003619.jpg,1774267630.645138264,1774267630.635828495,0.009309769,0.405000000,0.000000000,1774267630.639001608,0.006136656,0.063675417,-0.001422284,640,480,rgb8
3620,images/003620.jpg,1774267630.678483248,1774267630.675828218,0.002655029,0.405000000,0.000000000,1774267630.659009933,0.019473314,0.060534899,-0.019091667,640,480,rgb8
3621,images/003621.jpg,1774267630.711827993,1774267630.695818901,0.016009092,0.405000000,0.000000000,1774267630.699009895,0.012818098,0.047305826,-0.023929672,640,480,rgb8
3622,images/003622.jpg,1774267630.745172262,1774267630.735817194,0.009355068,0.405000000,0.000000000,1774267630.739015341,0.006156921,0.136452739,-0.017509855,640,480,rgb8
3623,images/003623.jpg,1774267630.778516769,1774267630.775827169,0.002689600,0.405000000,0.000000000,1774267630.759011030,0.019505739,0.154534315,-0.013217698,640,480,rgb8
3624,images/003624.jpg,1774267630.811861277,1774267630.795832872,0.016028404,0.405000000,0.000000000,1774267630.799005032,0.012856245,0.216198627,-0.004422066,640,480,rgb8
3625,images/003625.jpg,1774267630.845205784,1774267630.835829735,0.009376049,0.405000000,0.000000000,1774267630.839013577,0.006192207,0.214193224,-0.013347224,640,480,rgb8
3626,images/003626.jpg,1774267630.878550053,1774267630.875834703,0.002715349,0.405000000,0.000000000,1774267630.859024048,0.019526005,0.341074857,-0.007619462,640,480,rgb8
3627,images/003627.jpg,1774267630.911894321,1774267630.895833969,0.016060352,0.405000000,0.000000000,1774267630.899034262,0.012860060,0.390700580,-0.011232133,640,480,rgb8
3628,images/003628.jpg,1774267630.945238352,1774267630.935820818,0.009417534,0.405000000,0.000000000,1774267630.939048529,0.006189823,0.403316394,0.007578009,640,480,rgb8
3629,images/003629.jpg,1774267630.978582382,1774267630.975815058,0.002767324,0.405000000,0.000000000,1774267630.959030151,0.019552231,0.404585945,0.042960589,640,480,rgb8
3630,images/003630.jpg,1774267631.011925936,1774267630.995822430,0.016103506,0.405000000,0.000000000,1774267630.999125481,0.012800455,0.412099778,0.036295009,640,480,rgb8
3631,images/003631.jpg,1774267631.045269966,1774267631.035839319,0.009430647,0.405000000,0.000000000,1774267631.039050341,0.006219625,0.414312464,0.006815738,640,480,rgb8
3632,images/003632.jpg,1774267631.078613758,1774267631.075817347,0.002796412,0.405000000,0.000000000,1774267631.059067726,0.019546032,0.411814295,0.005104569,640,480,rgb8
3633,images/003633.jpg,1774267631.111968040,1774267631.095847130,0.016120911,0.405000000,0.000000000,1774267631.099042654,0.012925386,0.410434797,0.005334644,640,480,rgb8
3634,images/003634.jpg,1774267631.145322323,1774267631.135825396,0.009496927,0.405000000,0.000000000,1774267631.139058590,0.006263733,0.412897436,-0.002970315,640,480,rgb8
3635,images/003635.jpg,1774267631.178676605,1774267631.175869942,0.002806664,0.405000000,0.000000000,1774267631.159103632,0.019572973,0.407905372,-0.009715690,640,480,rgb8
3636,images/003636.jpg,1774267631.212030411,1774267631.195825815,0.016204596,0.405000000,0.000000000,1774267631.199021339,0.013009071,0.405447608,0.003331606,640,480,rgb8
3637,images/003637.jpg,1774267631.278730154,1774267631.275829077,0.002901077,0.405000000,0.000000000,1774267631.259049892,0.019680262,0.409403436,0.003705111,640,480,rgb8
3638,images/003638.jpg,1774267631.312080145,1774267631.295843124,0.016237020,0.405000000,0.000000000,1774267631.299038887,0.013041258,0.410262427,0.003860370,640,480,rgb8
3639,images/003639.jpg,1774267631.345429659,1774267631.335816622,0.009613037,0.405000000,0.000000000,1774267631.339032412,0.006397247,0.410245107,0.010505183,640,480,rgb8
3640,images/003640.jpg,1774267631.378779650,1774267631.375816345,0.002963305,0.405000000,0.000000000,1774267631.359071016,0.019708633,0.408894991,0.009168789,640,480,rgb8
3641,images/003641.jpg,1774267631.412129164,1774267631.395833492,0.016295671,0.405000000,0.000000000,1774267631.399055958,0.013073206,0.409793097,0.002888292,640,480,rgb8
3642,images/003642.jpg,1774267631.445478678,1774267631.435825348,0.009653330,0.405000000,0.000000000,1774267631.439049482,0.006429195,0.411830773,0.001354461,640,480,rgb8
3643,images/003643.jpg,1774267631.478828430,1774267631.475823879,0.003004551,0.000000000,0.810000000,1774267631.459089041,0.019739389,0.407955752,0.001377142,640,480,rgb8
3644,images/003644.jpg,1774267631.512177944,1774267631.495839834,0.016338110,0.000000000,0.810000000,1774267631.499012709,0.013165236,0.407373658,0.001062288,640,480,rgb8
3645,images/003645.jpg,1774267631.545527458,1774267631.535819054,0.009708405,0.000000000,0.810000000,1774267631.539016008,0.006511450,0.398785301,0.001539197,640,480,rgb8
3646,images/003646.jpg,1774267631.612226248,1774267631.595818758,0.016407490,0.000000000,0.810000000,1774267631.599030018,0.013196230,0.393689562,0.192591225,640,480,rgb8
3647,images/003647.jpg,1774267631.645575762,1774267631.635815859,0.009759903,0.000000000,0.810000000,1774267631.639027119,0.006548643,0.348474841,0.359968253,640,480,rgb8
3648,images/003648.jpg,1774267631.678925037,1774267631.675809145,0.003115892,0.000000000,0.810000000,1774267631.659023285,0.019901752,0.348624903,0.442725345,640,480,rgb8
3649,images/003649.jpg,1774267631.712274313,1774267631.695811749,0.016462564,0.000000000,0.810000000,1774267631.699011564,0.013262749,0.262904283,0.531490611,640,480,rgb8
3650,images/003650.jpg,1774267631.745623589,1774267631.735816717,0.009806871,0.000000000,0.000000000,1774267631.739034414,0.006589174,0.078243358,0.608549773,640,480,rgb8
3651,images/003651.jpg,1774267631.778972864,1774267631.775838375,0.003134489,0.399996840,0.000000000,1774267631.759045601,0.019927263,0.075149692,0.602604561,640,480,rgb8
3652,images/003652.jpg,1774267631.812322140,1774267631.795825958,0.016496181,0.405000000,0.000000000,1774267631.799092770,0.013229370,0.033562503,0.399083113,640,480,rgb8
3653,images/003653.jpg,1774267631.845671177,1774267631.835818768,0.009852409,0.405000000,0.000000000,1774267631.839060545,0.006610632,0.012292399,0.108693982,640,480,rgb8
3654,images/003654.jpg,1774267631.879020214,1774267631.875827789,0.003192425,0.405000000,0.000000000,1774267631.859081507,0.019938707,0.008591630,0.011809679,640,480,rgb8
3655,images/003655.jpg,1774267631.912369490,1774267631.895834208,0.016535282,0.405000000,0.000000000,1774267631.899080515,0.013288975,0.011651501,-0.039847951,640,480,rgb8
3656,images/003656.jpg,1774267631.945718527,1774267631.935825348,0.009893179,0.405000000,0.000000000,1774267631.939058542,0.006659985,0.055275205,-0.060671997,640,480,rgb8
3657,images/003657.jpg,1774267631.979067326,1774267631.975831985,0.003235340,0.405000000,0.000000000,1774267631.979036808,0.000030518,0.135920079,-0.025797068,640,480,rgb8
3658,images/003658.jpg,1774267632.012416601,1774267631.995835304,0.016581297,0.405000000,0.000000000,1774267631.999063730,0.013352871,0.133999600,-0.025797068,640,480,rgb8
3659,images/003659.jpg,1774267632.045765400,1774267632.035833836,0.009931564,0.005015980,0.000000000,1774267632.039052963,0.006712437,0.242267212,-0.029417724,640,480,rgb8
3660,images/003660.jpg,1774267632.079114199,1774267632.075821638,0.003292561,0.000000000,0.000000000,1774267632.079079390,0.000034809,0.384764480,-0.009977216,640,480,rgb8
3661,images/003661.jpg,1774267632.112463236,1774267632.095832348,0.016630888,0.000000000,0.000000000,1774267632.099062443,0.013400793,0.385916691,0.002735775,640,480,rgb8
3662,images/003662.jpg,1774267632.145812035,1774267632.135840416,0.009971619,0.000000000,0.000000000,1774267632.139055014,0.006757021,0.337347319,0.026833432,640,480,rgb8
3663,images/003663.jpg,1774267632.179160595,1774267632.175829649,0.003330946,0.000000000,0.000000000,1774267632.179051399,0.000109196,0.343072310,0.025186561,640,480,rgb8
3664,images/003664.jpg,1774267632.212509632,1774267632.195832729,0.016676903,0.000000000,0.000000000,1774267632.199060440,0.013449192,0.343662198,0.012883270,640,480,rgb8
3665,images/003665.jpg,1774267632.245863199,1774267632.235821486,0.010041714,0.000000000,0.000000000,1774267632.239069462,0.006793737,0.283927868,-0.016220386,640,480,rgb8
3666,images/003666.jpg,1774267632.279216766,1774267632.275824308,0.003392458,0.399907860,0.000000000,1774267632.279097557,0.000119209,0.197709509,0.009023822,640,480,rgb8
3667,images/003667.jpg,1774267632.312570333,1774267632.295819759,0.016750574,0.405000000,0.000000000,1774267632.299069881,0.013500452,0.096398649,0.036062632,640,480,rgb8
3668,images/003668.jpg,1774267632.379301071,1774267632.375833035,0.003468037,0.405000000,0.000000000,1774267632.379203081,0.000097990,0.060625188,-0.007040322,640,480,rgb8
3669,images/003669.jpg,1774267632.412666798,1774267632.395836830,0.016829967,0.405000000,0.000000000,1774267632.399043322,0.013623476,0.057943414,-0.012871615,640,480,rgb8
3670,images/003670.jpg,1774267632.446032524,1774267632.435816765,0.010215759,0.405000000,0.000000000,1774267632.439029217,0.007003307,0.075384010,-0.008502947,640,480,rgb8
3671,images/003671.jpg,1774267632.479398251,1774267632.475809813,0.003588438,0.405000000,0.000000000,1774267632.479056835,0.000341415,0.144354331,0.013474209,640,480,rgb8
3672,images/003672.jpg,1774267632.512764215,1774267632.495830059,0.016934156,0.405000000,0.000000000,1774267632.499111891,0.013652325,0.142824715,0.022351686,640,480,rgb8
3673,images/003673.jpg,1774267632.546130180,1774267632.535824537,0.010305643,0.405000000,0.000000000,1774267632.539045334,0.007084846,0.234186379,0.007178944,640,480,rgb8
3674,images/003674.jpg,1774267632.579496384,1774267632.575775146,0.003721237,0.405000000,0.000000000,1774267632.579048157,0.000448227,0.335209808,-0.008720200,640,480,rgb8
3675,images/003675.jpg,1774267632.612862825,1774267632.595837593,0.017025232,0.405000000,0.000000000,1774267632.600378275,0.012484550,0.336106902,-0.010394148,640,480,rgb8
3676,images/003676.jpg,1774267632.646229267,1774267632.635826826,0.010402441,0.000000000,0.810000000,1774267632.639218807,0.007010460,0.406199257,-0.000832595,640,480,rgb8
3677,images/003677.jpg,1774267632.746329308,1774267632.735816002,0.010513306,0.000000000,0.810000000,1774267632.739067316,0.007261992,0.397298445,0.113834990,640,480,rgb8
3678,images/003678.jpg,1774267632.779696226,1774267632.775823116,0.003873110,0.000000000,0.810000000,1774267632.779030800,0.000665426,0.355488322,0.279875885,640,480,rgb8
3679,images/003679.jpg,1774267632.813063383,1774267632.795824766,0.017238617,0.000000000,0.810000000,1774267632.799048662,0.014014721,0.356403166,0.376631021,640,480,rgb8
3680,images/003680.jpg,1774267632.846430779,1774267632.835820913,0.010609865,0.000000000,0.810000000,1774267632.839023829,0.007406950,0.276019395,0.464417076,640,480,rgb8
3681,images/003681.jpg,1774267632.879798174,1774267632.875831842,0.003966331,0.000000000,0.309712775,1774267632.879041195,0.000756979,0.155649055,0.578531724,640,480,rgb8
3682,images/003682.jpg,1774267632.913165569,1774267632.895839691,0.017325878,0.000000000,0.000000000,1774267632.899058819,0.014106750,0.154119934,0.599341499,640,480,rgb8
3683,images/003683.jpg,1774267632.946533203,1774267632.935828924,0.010704279,0.000000000,0.000000000,1774267632.939061642,0.007471561,0.036923967,0.596380210,640,480,rgb8
3684,images/003684.jpg,1774267632.979900837,1774267632.975825310,0.004075527,0.000000000,0.000000000,1774267632.979026794,0.000874043,0.031104063,0.238841323,640,480,rgb8
3685,images/003685.jpg,1774267633.013268709,1774267632.995833874,0.017434835,0.000000000,0.000000000,1774267632.999183178,0.014085531,0.012621366,0.048704707,640,480,rgb8
3686,images/003686.jpg,1774267633.046637058,1774267633.035826921,0.010810137,0.000000000,0.000000000,1774267633.039048433,0.007588625,0.004389403,0.034970679,640,480,rgb8
3687,images/003687.jpg,1774267633.080005169,1774267633.075828314,0.004176855,0.000000000,0.000000000,1774267633.079032898,0.000972271,0.000623309,0.037071308,640,480,rgb8
3688,images/003688.jpg,1774267633.113373280,1774267633.095829964,0.017543316,0.000000000,0.000000000,1774267633.099041939,0.014331341,-0.002475062,0.027612128,640,480,rgb8
3689,images/003689.jpg,1774267633.146741629,1774267633.135827780,0.010913849,0.000000000,0.810000000,1774267633.139063597,0.007678032,-0.000945654,0.007119933,640,480,rgb8
3690,images/003690.jpg,1774267633.180110216,1774267633.175829887,0.004280329,0.405000000,0.000000000,1774267633.179042578,0.001067638,0.002600960,0.115686437,640,480,rgb8
3691,images/003691.jpg,1774267633.213478804,1774267633.195834875,0.017643929,0.405000000,0.000000000,1774267633.199055195,0.014423609,0.003359272,0.317861471,640,480,rgb8
3692,images/003692.jpg,1774267633.246847630,1774267633.235841274,0.011006355,0.405000000,0.000000000,1774267633.239068270,0.007779360,-0.002324885,0.501863316,640,480,rgb8
3693,images/003693.jpg,1774267633.280216455,1774267633.275839567,0.004376888,0.405000000,0.000000000,1774267633.279065847,0.001150608,0.024884441,0.501571238,640,480,rgb8
3694,images/003694.jpg,1774267633.313585281,1774267633.295838594,0.017746687,0.405000000,0.000000000,1774267633.299074411,0.014510870,0.038038729,0.469240526,640,480,rgb8
3695,images/003695.jpg,1774267633.346940994,1774267633.335831642,0.011109352,0.405000000,0.000000000,1774267633.339069843,0.007871151,0.092999865,0.256116562,640,480,rgb8
3696,images/003696.jpg,1774267633.380296469,1774267633.375839233,0.004457235,0.405000000,0.000000000,1774267633.379060268,0.001236200,0.201341568,0.125685692,640,480,rgb8
3697,images/003697.jpg,1774267633.413651943,1774267633.395838022,0.017813921,0.405000000,0.000000000,1774267633.399062157,0.014589787,0.201167119,0.093309078,640,480,rgb8
3698,images/003698.jpg,1774267633.480357647,1774267633.475830078,0.004527569,0.000000000,0.000000000,1774267633.479499340,0.000858307,0.361167608,0.029956140,640,480,rgb8
3699,images/003699.jpg,1774267633.513710737,1774267633.496330976,0.017379761,0.000000000,0.000000000,1774267633.499015808,0.014694929,0.362877070,0.005853872,640,480,rgb8
3700,images/003700.jpg,1774267633.547063589,1774267633.535812855,0.011250734,0.000000000,0.000000000,1774267633.539041996,0.008021593,0.371613161,0.004472893,640,480,rgb8
3701,images/003701.jpg,1774267633.580416203,1774267633.575813770,0.004602432,0.000000000,0.000000000,1774267633.579053640,0.001362562,0.339891613,0.008342260,640,480,rgb8
3702,images/003702.jpg,1774267633.613769054,1774267633.595825672,0.017943382,0.000000000,0.000000000,1774267633.599096298,0.014672756,0.310635648,0.008337441,640,480,rgb8
3703,images/003703.jpg,1774267633.647121906,1774267633.635828733,0.011293173,0.000000000,0.000000000,1774267633.639053583,0.008068323,0.160643289,-0.010326402,640,480,rgb8
3704,images/003704.jpg,1774267633.680474281,1774267633.675827742,0.004646540,0.405000000,0.000000000,1774267633.679067373,0.001406908,0.158949629,0.014086473,640,480,rgb8
3705,images/003705.jpg,1774267633.713827133,1774267633.695820093,0.018007040,0.405000000,0.000000000,1774267633.699037075,0.014790058,0.063528793,0.023336961,640,480,rgb8
3706,images/003706.jpg,1774267633.747179747,1774267633.735832930,0.011346817,0.405000000,0.000000000,1774267633.739081383,0.008098364,0.037413017,0.011588175,640,480,rgb8
3707,images/003707.jpg,1774267633.780532360,1774267633.775822639,0.004709721,0.405000000,0.000000000,1774267633.779037952,0.001494408,0.044215707,0.001476336,640,480,rgb8
3708,images/003708.jpg,1774267633.847237587,1774267633.835824966,0.011412621,0.405000000,0.000000000,1774267633.839045525,0.008192062,0.103491000,-0.000267361,640,480,rgb8
3709,images/003709.jpg,1774267633.880590200,1774267633.875778913,0.004811287,0.405000000,0.000000000,1774267633.879273415,0.001316786,0.189443999,-0.000122581,640,480,rgb8
3710,images/003710.jpg,1774267633.913942337,1774267633.895810366,0.018131971,0.405000000,0.000000000,1774267633.899058819,0.014883518,0.189168095,-0.011508865,640,480,rgb8
3711,images/003711.jpg,1774267633.947294950,1774267633.935796022,0.011498928,0.405000000,0.000000000,1774267633.939023733,0.008271217,0.274396792,0.006167679,640,480,rgb8
3712,images/003712.jpg,1774267633.980647326,1774267633.975823402,0.004823923,0.405000000,0.000000000,1774267633.979051113,0.001596212,0.389238246,0.008053699,640,480,rgb8
3713,images/003713.jpg,1774267634.013999701,1774267633.995840549,0.018159151,0.405000000,0.000000000,1774267633.999072313,0.014927387,0.391362249,-0.005373248,640,480,rgb8
3714,images/003714.jpg,1774267634.047352076,1774267634.035830021,0.011522055,0.405000000,0.000000000,1774267634.039081812,0.008270264,0.404839718,-0.005228288,640,480,rgb8
3715,images/003715.jpg,1774267634.080704451,1774267634.075835943,0.004868507,0.405000000,0.000000000,1774267634.079072475,0.001631975,0.411150110,-0.005131698,640,480,rgb8
3716,images/003716.jpg,1774267634.114056587,1774267634.095818043,0.018238544,0.405000000,0.000000000,1774267634.099227190,0.014829397,0.413424267,-0.005131698,640,480,rgb8
3717,images/003717.jpg,1774267634.147408724,1774267634.135832071,0.011576653,0.405000000,0.000000000,1774267634.139031649,0.008377075,0.416378166,-0.004917277,640,480,rgb8
3718,images/003718.jpg,1774267634.180761099,1774267634.175834656,0.004926443,0.405000000,0.000000000,1774267634.179030418,0.001730680,0.412227703,-0.004213877,640,480,rgb8
3719,images/003719.jpg,1774267634.214113235,1774267634.195831537,0.018281698,0.405000000,0.000000000,1774267634.199043989,0.015069246,0.414364005,-0.004213877,640,480,rgb8
3720,images/003720.jpg,1774267634.247465372,1774267634.235835314,0.011630058,0.405000000,0.000000000,1774267634.239044666,0.008420706,0.408468840,-0.002716485,640,480,rgb8
3721,images/003721.jpg,1774267634.280817270,1774267634.275833845,0.004983425,0.405000000,0.000000000,1774267634.279041529,0.001775742,0.405728037,0.000091340,640,480,rgb8
3722,images/003722.jpg,1774267634.314169407,1774267634.295808554,0.018360853,0.405000000,0.000000000,1774267634.299053192,0.015116215,0.407660658,0.000091340,640,480,rgb8
3723,images/003723.jpg,1774267634.347521544,1774267634.335820913,0.011700630,0.004918700,0.500101625,1774267634.339089155,0.008432388,0.407930931,0.000415804,640,480,rgb8
3724,images/003724.jpg,1774267634.380873442,1774267634.375840425,0.005033016,0.000000000,0.810000000,1774267634.379083395,0.001790047,0.409243987,0.000843549,640,480,rgb8
3725,images/003725.jpg,1774267634.414225578,1774267634.395821095,0.018404484,0.000000000,0.810000000,1774267634.399106741,0.015118837,0.411103870,0.000843549,640,480,rgb8
3726,images/003726.jpg,1774267634.447580576,1774267634.435816050,0.011764526,0.000000000,0.810000000,1774267634.439101934,0.008478642,0.400890374,0.000984385,640,480,rgb8
3727,images/003727.jpg,1774267634.480935574,1774267634.475839853,0.005095720,0.000000000,0.810000000,1774267634.479083538,0.001852036,0.354914576,0.011282271,640,480,rgb8
3728,images/003728.jpg,1774267634.514290571,1774267634.495822191,0.018468380,0.000000000,0.810000000,1774267634.499070644,0.015219927,0.356012516,0.011282271,640,480,rgb8
3729,images/003729.jpg,1774267634.580988169,1774267634.575821161,0.005167007,0.000000000,0.310317575,1774267634.579032898,0.001955271,0.153226367,0.192985278,640,480,rgb8
3730,images/003730.jpg,1774267634.614337206,1774267634.595835209,0.018501997,0.000000000,0.000000000,1774267634.599042416,0.015294790,0.151843434,0.192985278,640,480,rgb8
3731,images/003731.jpg,1774267634.647685766,1774267634.635817766,0.011868000,0.000000000,0.000000000,1774267634.639048576,0.008637190,0.086370390,0.248036173,640,480,rgb8
3732,images/003732.jpg,1774267634.681034327,1774267634.675827742,0.005206585,0.000000000,0.000000000,1774267634.679048777,0.001985550,0.037304023,0.300577971,640,480,rgb8
3733,images/003733.jpg,1774267634.714383125,1774267634.695828199,0.018554926,0.000000000,0.000000000,1774267634.699062586,0.015320539,0.034610248,0.300577971,640,480,rgb8
3734,images/003734.jpg,1774267634.747731447,1774267634.735837936,0.011893511,0.000000000,0.000000000,1774267634.739099264,0.008632183,0.010808887,0.323097302,640,480,rgb8
3735,images/003735.jpg,1774267634.781079769,1774267634.775830269,0.005249500,0.000000000,0.000000000,1774267634.779093981,0.001985788,0.002777129,0.314529012,640,480,rgb8
3736,images/003736.jpg,1774267634.814428329,1774267634.795835257,0.018593073,0.000000000,0.000000000,1774267634.799093485,0.015334845,-0.000162403,0.314529012,640,480,rgb8
3737,images/003737.jpg,1774267634.847776413,1774267634.835816145,0.011960268,0.000000000,0.499908025,1774267634.839051008,0.008725405,0.001785602,0.230060019,640,480,rgb8
3738,images/003738.jpg,1774267634.881124496,1774267634.875789881,0.005334616,0.000000000,0.810000000,1774267634.879040718,0.002083778,0.000892025,0.198117563,640,480,rgb8
3739,images/003739.jpg,1774267634.981168747,1774267634.975818872,0.005349874,0.000000000,0.810000000,1774267634.979030848,0.002137899,0.000856311,0.183406426,640,480,rgb8
3740,images/003740.jpg,1774267635.014516592,1774267634.995818615,0.018697977,0.000000000,0.810000000,1774267634.999028206,0.015488386,-0.001762083,0.183406426,640,480,rgb8
3741,images/003741.jpg,1774267635.047864437,1774267635.035821915,0.012042522,0.405000000,0.000000000,1774267635.039028645,0.008835793,-0.000505400,0.217690949,640,480,rgb8
3742,images/003742.jpg,1774267635.081212044,1774267635.075834751,0.005377293,0.405000000,0.000000000,1774267635.079046965,0.002165079,0.000867317,0.270395280,640,480,rgb8
3743,images/003743.jpg,1774267635.114559889,1774267635.095833540,0.018726349,0.405000000,0.000000000,1774267635.099079132,0.015480757,-0.001599980,0.270395280,640,480,rgb8
3744,images/003744.jpg,1774267635.147907495,1774267635.135802984,0.012104511,0.405000000,0.000000000,1774267635.139065027,0.008842468,0.024424105,0.370366814,640,480,rgb8
3745,images/003745.jpg,1774267635.181255102,1774267635.175832510,0.005422592,0.405000000,0.000000000,1774267635.179058790,0.002196312,0.116767603,0.481975953,640,480,rgb8
3746,images/003746.jpg,1774267635.214602470,1774267635.195841551,0.018760920,0.405000000,0.000000000,1774267635.199292660,0.015309811,0.115845349,0.481975953,640,480,rgb8
3747,images/003747.jpg,1774267635.247949839,1774267635.235826492,0.012123346,0.405000000,0.000000000,1774267635.239095926,0.008853912,0.180326070,0.472618006,640,480,rgb8
3748,images/003748.jpg,1774267635.281297207,1774267635.275827408,0.005469799,0.005118380,0.000000000,1774267635.279033661,0.002263546,0.285606806,0.438320813,640,480,rgb8
3749,images/003749.jpg,1774267635.314644575,1774267635.295834303,0.018810272,0.000000000,0.000000000,1774267635.299041510,0.015603065,0.286780051,0.438320813,640,480,rgb8
3750,images/003750.jpg,1774267635.347991705,1774267635.335828304,0.012163401,0.000000000,0.000000000,1774267635.339024782,0.008966923,0.377165672,0.296620872,640,480,rgb8
3751,images/003751.jpg,1774267635.381338835,1774267635.375832558,0.005506277,0.000000000,0.000000000,1774267635.379015207,0.002323627,0.381637947,0.296620872,640,480,rgb8
3752,images/003752.jpg,1774267635.414685726,1774267635.395835638,0.018850088,0.000000000,0.000000000,1774267635.399034262,0.015651464,0.372773025,0.260609526,640,480,rgb8
3753,images/003753.jpg,1774267635.448032618,1774267635.435831070,0.012201548,0.000000000,0.000000000,1774267635.439045429,0.008987188,0.313896034,0.227778634,640,480,rgb8
3754,images/003754.jpg,1774267635.481379747,1774267635.475840807,0.005538940,0.000000000,0.000000000,1774267635.479009867,0.002369881,0.204839193,0.174763387,640,480,rgb8
3755,images/003755.jpg,1774267635.514726639,1774267635.495837212,0.018889427,0.000000000,0.000000000,1774267635.499059677,0.015666962,0.204810427,0.174763387,640,480,rgb8
3756,images/003756.jpg,1774267635.548080683,1774267635.535820723,0.012259960,0.405000000,0.000000000,1774267635.539038181,0.009042501,0.093361447,0.121786726,640,480,rgb8
3757,images/003757.jpg,1774267635.581434250,1774267635.575837851,0.005596399,0.405000000,0.000000000,1774267635.579037189,0.002397060,0.052672166,0.109114081,640,480,rgb8
3758,images/003758.jpg,1774267635.614788294,1774267635.595840693,0.018947601,0.405000000,0.000000000,1774267635.599517584,0.015270710,0.057078135,0.096925871,640,480,rgb8
3759,images/003759.jpg,1774267635.681541920,1774267635.675831795,0.005710125,0.405000000,0.000000000,1774267635.679164648,0.002377272,0.055169908,0.085502227,640,480,rgb8
3760,images/003760.jpg,1774267635.714918852,1774267635.695833206,0.019085646,0.405000000,0.000000000,1774267635.699076414,0.015842438,0.115785635,0.075121440,640,480,rgb8
3761,images/003761.jpg,1774267635.748296499,1774267635.735828876,0.012467623,0.405000000,0.000000000,1774267635.739052534,0.009243965,0.200585347,0.066010275,640,480,rgb8
3762,images/003762.jpg,1774267635.781673908,1774267635.775827169,0.005846739,0.405000000,0.000000000,1774267635.779044151,0.002629757,0.200782444,0.066010275,640,480,rgb8
3763,images/003763.jpg,1774267635.815051556,1774267635.795828819,0.019222736,0.405000000,0.000000000,1774267635.799071789,0.015979767,0.307670274,0.057821834,640,480,rgb8
3764,images/003764.jpg,1774267635.848429441,1774267635.835830688,0.012598753,0.405000000,0.000000000,1774267635.839043617,0.009385824,0.393067840,0.039278982,640,480,rgb8
3765,images/003765.jpg,1774267635.881807566,1774267635.875837564,0.005970001,0.405000000,0.000000000,1774267635.879064560,0.002743006,0.404107795,0.034919285,640,480,rgb8
3766,images/003766.jpg,1774267635.915185928,1774267635.895836592,0.019349337,0.405000000,0.000000000,1774267635.899274588,0.015911341,0.406603384,0.034919285,640,480,rgb8
3767,images/003767.jpg,1774267635.948564768,1774267635.935840845,0.012723923,0.405000000,0.000000000,1774267635.939077854,0.009486914,0.414251646,0.030551416,640,480,rgb8
3768,images/003768.jpg,1774267635.981943369,1774267635.975829363,0.006114006,0.405000000,0.499925625,1774267635.979320526,0.002622843,0.417139630,0.026608795,640,480,rgb8
3769,images/003769.jpg,1774267636.015322208,1774267635.995845079,0.019477129,0.405000000,0.810000000,1774267635.999032021,0.016290188,0.412826527,0.022895228,640,480,rgb8
3770,images/003770.jpg,1774267636.082080841,1774267636.075820446,0.006260395,0.405000000,0.810000000,1774267636.079008579,0.003072262,0.411576524,0.020240212,640,480,rgb8
3771,images/003771.jpg,1774267636.115460396,1774267636.095779419,0.019680977,0.405000000,0.810000000,1774267636.099014759,0.016445637,0.406591473,0.083918402,640,480,rgb8
3772,images/003772.jpg,1774267636.148840427,1774267636.135815620,0.013024807,0.405000000,0.810000000,1774267636.139035463,0.009804964,0.408878136,0.113045488,640,480,rgb8
3773,images/003773.jpg,1774267636.182220459,1774267636.175811768,0.006408691,0.405000000,0.810000000,1774267636.179039240,0.003181219,0.411196095,0.165390975,640,480,rgb8
3774,images/003774.jpg,1774267636.215600491,1774267636.195823908,0.019776583,0.405000000,0.810000000,1774267636.199082375,0.016518116,0.413328246,0.165390975,640,480,rgb8
3775,images/003775.jpg,1774267636.248980999,1774267636.235847712,0.013133287,0.000000000,0.000000000,1774267636.239059925,0.009921074,0.350482674,0.212394342,640,480,rgb8
3776,images/003776.jpg,1774267636.282361746,1774267636.275833845,0.006527901,0.000000000,0.000000000,1774267636.279060364,0.003301382,0.402664668,0.333704608,640,480,rgb8
3777,images/003777.jpg,1774267636.315742731,1774267636.295842171,0.019900560,0.000000000,0.000000000,1774267636.299111605,0.016631126,0.404585369,0.333704608,640,480,rgb8
3778,images/003778.jpg,1774267636.349123478,1774267636.336068153,0.013055325,0.000000000,0.000000000,1774267636.339086056,0.010037422,0.370583568,0.389000108,640,480,rgb8
3779,images/003779.jpg,1774267636.382504940,1774267636.375817776,0.006687164,0.000000000,0.000000000,1774267636.379042387,0.003462553,0.287460169,0.495192577,640,480,rgb8
3780,images/003780.jpg,1774267636.415886402,1774267636.415813923,0.000072479,0.000000000,0.000000000,1774267636.399065018,0.016821384,0.287870613,0.495192577,640,480,rgb8
3781,images/003781.jpg,1774267636.449268103,1774267636.435809851,0.013458252,0.000000000,0.000000000,1774267636.439059973,0.010208130,0.209435611,0.480047532,640,480,rgb8
3782,images/003782.jpg,1774267636.482649803,1774267636.475816250,0.006833553,0.399988480,0.499985600,1774267636.479045868,0.003603935,0.119524179,0.440512477,640,480,rgb8
3783,images/003783.jpg,1774267636.516032219,1774267636.515808821,0.000223398,0.405000000,0.810000000,1774267636.499050617,0.016981602,0.117885456,0.440512477,640,480,rgb8
3784,images/003784.jpg,1774267636.549414635,1774267636.535813570,0.013601065,0.405000000,0.810000000,1774267636.539055347,0.010359287,0.052600155,0.384627168,640,480,rgb8
3785,images/003785.jpg,1774267636.582796812,1774267636.575828314,0.006968498,0.405000000,0.810000000,1774267636.579065800,0.003731012,0.050002707,0.332898791,640,480,rgb8
3786,images/003786.jpg,1774267636.616179228,1774267636.615833521,0.000345707,0.405000000,0.810000000,1774267636.599096537,0.017082691,0.047642142,0.332898791,640,480,rgb8
3787,images/003787.jpg,1774267636.649536133,1774267636.635829449,0.013706684,0.405000000,0.810000000,1774267636.639117002,0.010419130,0.107618083,0.239648164,640,480,rgb8
3788,images/003788.jpg,1774267636.682893276,1774267636.675839424,0.007053852,0.405000000,0.810000000,1774267636.679058552,0.003834724,0.104494958,0.239648164,640,480,rgb8
3789,images/003789.jpg,1774267636.716250181,1774267636.715820551,0.000429630,0.405000000,0.810000000,1774267636.699097157,0.017153025,0.182130342,0.259664578,640,480,rgb8
3790,images/003790.jpg,1774267636.782971144,1774267636.775844812,0.007126331,0.405000000,0.810000000,1774267636.779078245,0.003892899,0.347173791,0.364926466,640,480,rgb8
3791,images/003791.jpg,1774267636.816331625,1774267636.815826654,0.000504971,0.405000000,0.810000000,1774267636.799047470,0.017284155,0.348583468,0.364926466,640,480,rgb8
3792,images/003792.jpg,1774267636.849692106,1774267636.835832357,0.013859749,0.405000000,0.810000000,1774267636.839056253,0.010635853,0.392143706,0.428190920,640,480,rgb8
3793,images/003793.jpg,1774267636.883052588,1774267636.875831127,0.007221460,0.004791340,0.309739175,1774267636.879018545,0.004034042,0.409803281,0.521886394,640,480,rgb8
3794,images/003794.jpg,1774267636.916413069,1774267636.915842295,0.000570774,0.000000000,0.000000000,1774267636.899006605,0.017406464,0.411919668,0.555418412,640,480,rgb8
3795,images/003795.jpg,1774267636.949773788,1774267636.935869217,0.013904572,0.000000000,0.000000000,1774267636.939030170,0.010743618,0.416068370,0.555418412,640,480,rgb8
3796,images/003796.jpg,1774267636.983134270,1774267636.975833416,0.007300854,0.000000000,0.000000000,1774267636.979104757,0.004029512,0.416642711,0.585922186,640,480,rgb8
3797,images/003797.jpg,1774267637.016495228,1774267637.015833139,0.000662088,0.000000000,0.000000000,1774267636.999021530,0.017473698,0.386774187,0.610082351,640,480,rgb8
3798,images/003798.jpg,1774267637.049855709,1774267637.035833359,0.014022350,0.000000000,0.000000000,1774267637.039085150,0.010770559,0.322075948,0.610602569,640,480,rgb8
3799,images/003799.jpg,1774267637.083216667,1774267637.075822115,0.007394552,0.000000000,0.000000000,1774267637.079019308,0.004197359,0.323704512,0.610602569,640,480,rgb8
3800,images/003800.jpg,1774267637.116577148,1774267637.115819693,0.000757456,0.000000000,0.000000000,1774267637.099038124,0.017539024,0.227117589,0.581487245,640,480,rgb8
3801,images/003801.jpg,1774267637.216659784,1774267637.215815306,0.000844479,0.000000000,0.000000000,1774267637.199057579,0.017602205,0.071019180,0.426320887,640,480,rgb8
3802,images/003802.jpg,1774267637.250020504,1774267637.235827684,0.014192820,0.000000000,0.000000000,1774267637.239032984,0.010987520,0.039257484,0.378076805,640,480,rgb8
3803,images/003803.jpg,1774267637.283381462,1774267637.275827885,0.007553577,0.000000000,0.000000000,1774267637.279042006,0.004339457,0.008896330,0.289526391,640,480,rgb8
3804,images/003804.jpg,1774267637.316742420,1774267637.315821648,0.000920773,0.000000000,0.000000000,1774267637.299082041,0.017660379,0.001706742,0.253302411,640,480,rgb8
3805,images/003805.jpg,1774267637.350103378,1774267637.335829496,0.014273882,0.000000000,0.000000000,1774267637.339061975,0.011041403,-0.002370210,0.220008697,640,480,rgb8
3806,images/003806.jpg,1774267637.383464336,1774267637.375831604,0.007632732,0.000000000,0.000000000,1774267637.379012585,0.004451752,-0.000884229,0.148603241,640,480,rgb8
3807,images/003807.jpg,1774267637.416825533,1774267637.415845633,0.000979900,0.405000000,0.000000000,1774267637.399091005,0.017734528,-0.003667221,0.148603241,640,480,rgb8
3808,images/003808.jpg,1774267637.450186491,1774267637.435828209,0.014358282,0.405000000,0.000000000,1774267637.439078331,0.011108160,-0.000577212,0.103017330,640,480,rgb8
3809,images/003809.jpg,1774267637.483547688,1774267637.475831747,0.007715940,0.405000000,0.000000000,1774267637.479056358,0.004491329,-0.003431605,0.091691042,640,480,rgb8
3810,images/003810.jpg,1774267637.516908646,1774267637.515812397,0.001096249,0.405000000,0.000000000,1774267637.499032021,0.017876625,-0.006064392,0.091691042,640,480,rgb8
3811,images/003811.jpg,1774267637.550269842,1774267637.535831928,0.014437914,0.405000000,0.000000000,1774267637.539038897,0.011230946,0.015376200,0.081358610,640,480,rgb8
3812,images/003812.jpg,1774267637.583631039,1774267637.575816154,0.007814884,0.405000000,0.000000000,1774267637.579015493,0.004615545,0.082152751,0.072367424,640,480,rgb8
3813,images/003813.jpg,1774267637.616992235,1774267637.615828276,0.001163960,0.405000000,0.000000000,1774267637.599008560,0.017983675,0.171475161,0.064675893,640,480,rgb8
3814,images/003814.jpg,1774267637.650353432,1774267637.635827541,0.014525890,0.405000000,0.000000000,1774267637.639006615,0.011346817,0.268597984,0.058246496,640,480,rgb8
3815,images/003815.jpg,1774267637.683714867,1774267637.675826550,0.007888317,0.000000000,0.000000000,1774267637.679054976,0.004659891,0.270275733,0.058246496,640,480,rgb8
3816,images/003816.jpg,1774267637.717075825,1774267637.715832472,0.001243353,0.000000000,0.000000000,1774267637.699082613,0.017993212,0.387064109,0.047473517,640,480,rgb8
3817,images/003817.jpg,1774267637.750433683,1774267637.735837460,0.014596224,0.000000000,0.000000000,1774267637.739062309,0.011371374,0.389666697,0.035824643,640,480,rgb8
3818,images/003818.jpg,1774267637.783791065,1774267637.775836468,0.007954597,0.000000000,0.000000000,1774267637.779082060,0.004709005,0.342290749,0.032445152,640,480,rgb8
3819,images/003819.jpg,1774267637.817148447,1774267637.815823078,0.001325369,0.000000000,0.000000000,1774267637.799057245,0.018091202,0.320229281,0.029543376,640,480,rgb8
3820,images/003820.jpg,1774267637.850509405,1774267637.835823536,0.014685869,0.000000000,0.000000000,1774267637.839046478,0.011462927,0.322809037,0.029543376,640,480,rgb8
3821,images/003821.jpg,1774267637.883870363,1774267637.875827312,0.008043051,0.000000000,0.000000000,1774267637.879049063,0.004821301,0.251797435,0.026797390,640,480,rgb8
3822,images/003822.jpg,1774267637.917231560,1774267637.915816069,0.001415491,0.405000000,0.000000000,1774267637.899039268,0.018192291,0.161427651,0.023978752,640,480,rgb8
3823,images/003823.jpg,1774267637.950592279,1774267637.935811281,0.014780998,0.405000000,0.000000000,1774267637.939033985,0.011558294,0.072927404,0.021588637,640,480,rgb8
3824,images/003824.jpg,1774267637.983953476,1774267637.975815058,0.008138418,0.405000000,0.000000000,1774267637.979037762,0.004915714,0.059517057,0.019938432,640,480,rgb8
3825,images/003825.jpg,1774267638.017314196,1774267638.015792370,0.001521826,0.405000000,0.000000000,1774267637.999091625,0.018222570,0.057634578,0.019938432,640,480,rgb8
3826,images/003826.jpg,1774267638.050675392,1774267638.035950422,0.014724970,0.405000000,0.000000000,1774267638.039078712,0.011596680,0.102454462,0.017938409,640,480,rgb8
3827,images/003827.jpg,1774267638.084036350,1774267638.075814486,0.008221865,0.405000000,0.000000000,1774267638.079025745,0.005010605,0.166374359,0.014331182,640,480,rgb8
3828,images/003828.jpg,1774267638.117397547,1774267638.115813255,0.001584291,0.405000000,0.000000000,1774267638.099073648,0.018323898,0.193944584,0.013772565,640,480,rgb8
3829,images/003829.jpg,1774267638.150758505,1774267638.135815620,0.014942884,0.405000000,0.000000000,1774267638.139028549,0.011729956,0.193692508,0.013772565,640,480,rgb8
3830,images/003830.jpg,1774267638.184119701,1774267638.175811291,0.008308411,0.405000000,0.000000000,1774267638.179041624,0.005078077,0.295206066,0.013560083,640,480,rgb8
3831,images/003831.jpg,1774267638.217480659,1774267638.215816736,0.001663923,0.405000000,0.000000000,1774267638.199043989,0.018436670,0.332342892,0.012837870,640,480,rgb8
3832,images/003832.jpg,1774267638.284202814,1774267638.275826693,0.008376122,0.405000000,0.000000000,1774267638.279030323,0.005172491,0.397842689,0.011377769,640,480,rgb8
3833,images/003833.jpg,1774267638.317564011,1774267638.315822363,0.001741648,0.405000000,0.000000000,1774267638.299048901,0.018515110,0.400099640,0.011377769,640,480,rgb8
3834,images/003834.jpg,1774267638.350925207,1774267638.335817575,0.015107632,0.405000000,0.000000000,1774267638.339013338,0.011911869,0.407512178,0.009113581,640,480,rgb8
3835,images/003835.jpg,1774267638.384286404,1774267638.375829458,0.008456945,0.405000000,0.000000000,1774267638.379023790,0.005262613,0.410830511,0.008555144,640,480,rgb8
3836,images/003836.jpg,1774267638.417647600,1774267638.415830612,0.001816988,0.405000000,0.000000000,1774267638.399063349,0.018584251,0.413109627,0.008555144,640,480,rgb8
3837,images/003837.jpg,1774267638.451008797,1774267638.435829639,0.015179157,0.405000000,0.000000000,1774267638.439069033,0.011939764,0.411155495,0.008411690,640,480,rgb8
3838,images/003838.jpg,1774267638.484370232,1774267638.475829124,0.008541107,0.405000000,0.000000000,1774267638.479027271,0.005342960,0.408694643,0.008776675,640,480,rgb8
3839,images/003839.jpg,1774267638.517731190,1774267638.515779734,0.001951456,0.405000000,0.000000000,1774267638.499063730,0.018667459,0.407204280,0.009484737,640,480,rgb8
3840,images/003840.jpg,1774267638.551092625,1774267638.535818100,0.015274525,0.405000000,0.000000000,1774267638.539019108,0.012073517,0.407310641,0.009915297,640,480,rgb8
3841,images/003841.jpg,1774267638.584453821,1774267638.575819016,0.008634806,0.405000000,0.000000000,1774267638.579006195,0.005447626,0.406394382,0.009877087,640,480,rgb8
3842,images/003842.jpg,1774267638.617815256,1774267638.615818262,0.001996994,0.405000000,0.000000000,1774267638.599010468,0.018804789,0.408355144,0.009877087,640,480,rgb8
3843,images/003843.jpg,1774267638.651176453,1774267638.635822773,0.015353680,0.405000000,0.000000000,1774267638.639008284,0.012168169,0.407619760,0.009082199,640,480,rgb8
3844,images/003844.jpg,1774267638.684537888,1774267638.675790787,0.008747101,0.405000000,0.000000000,1774267638.679008961,0.005528927,0.410122213,0.008790352,640,480,rgb8
3845,images/003845.jpg,1774267638.717899084,1774267638.715827465,0.002071619,0.405000000,0.000000000,1774267638.699022770,0.018876314,0.412011318,0.008790352,640,480,rgb8
3846,images/003846.jpg,1774267638.751260519,1774267638.735820532,0.015439987,0.405000000,0.000000000,1774267638.739049435,0.012211084,0.411317357,0.008460138,640,480,rgb8
3847,images/003847.jpg,1774267638.784621716,1774267638.775820732,0.008800983,0.405000000,0.000000000,1774267638.779075146,0.005546570,0.410878933,0.008306139,640,480,rgb8
3848,images/003848.jpg,1774267638.817983150,1774267638.815823555,0.002159595,0.405000000,0.000000000,1774267638.799070835,0.018912315,0.410496990,0.008065240,640,480,rgb8
3849,images/003849.jpg,1774267638.851340771,1774267638.835837126,0.015503645,0.405000000,0.000000000,1774267638.839007139,0.012333632,0.408014710,0.007575399,640,480,rgb8
3850,images/003850.jpg,1774267638.884698629,1774267638.875833511,0.008865118,0.405000000,0.000000000,1774267638.879045486,0.005653143,0.411387881,0.007575399,640,480,rgb8
3851,images/003851.jpg,1774267638.951402187,1774267638.935828686,0.015573502,0.405000000,0.000000000,1774267638.939044237,0.012357950,0.409629364,0.006104250,640,480,rgb8
3852,images/003852.jpg,1774267638.984753609,1774267638.975819588,0.008934021,0.405000000,0.000000000,1774267638.979073286,0.005680323,0.411314566,0.005517920,640,480,rgb8
3853,images/003853.jpg,1774267639.018105268,1774267639.015821934,0.002283335,0.405000000,0.000000000,1774267638.999060631,0.019044638,0.412898446,0.005517920,640,480,rgb8
3854,images/003854.jpg,1774267639.051456690,1774267639.035777092,0.015679598,0.405000000,0.000000000,1774267639.039041996,0.012414694,0.408779610,0.004279667,640,480,rgb8
3855,images/003855.jpg,1774267639.084808350,1774267639.075824738,0.008983612,0.405000000,0.000000000,1774267639.079039097,0.005769253,0.396171996,0.003151257,640,480,rgb8
3856,images/003856.jpg,1774267639.118159771,1774267639.115823984,0.002335787,0.405000000,0.000000000,1774267639.099055529,0.019104242,0.397489315,0.003151257,640,480,rgb8
3857,images/003857.jpg,1774267639.151511192,1774267639.135835409,0.015675783,0.405000000,0.000000000,1774267639.139073610,0.012437582,0.403823440,0.003245318,640,480,rgb8
3858,images/003858.jpg,1774267639.184862614,1774267639.175850868,0.009011745,0.405000000,0.000000000,1774267639.179064274,0.005798340,0.406174925,0.003334585,640,480,rgb8
3859,images/003859.jpg,1774267639.218213797,1774267639.215837479,0.002376318,0.405000000,0.000000000,1774267639.199295759,0.018918037,0.407547505,0.003334585,640,480,rgb8
3860,images/003860.jpg,1774267639.251565218,1774267639.235816002,0.015749216,0.405000000,0.000000000,1774267639.239029646,0.012535572,0.408653903,0.003659765,640,480,rgb8
3861,images/003861.jpg,1774267639.284916401,1774267639.275822878,0.009093523,0.405000000,0.000000000,1774267639.279046535,0.005869865,0.409997019,0.003934004,640,480,rgb8
3862,images/003862.jpg,1774267639.318267822,1774267639.315818071,0.002449751,0.405000000,0.000000000,1774267639.299056530,0.019211292,0.411319452,0.003934004,640,480,rgb8
3863,images/003863.jpg,1774267639.418321371,1774267639.415815592,0.002505779,0.405000000,0.000000000,1774267639.399086952,0.019234419,0.407234092,0.004729474,640,480,rgb8
3864,images/003864.jpg,1774267639.451672316,1774267639.435821772,0.015850544,0.405000000,0.000000000,1774267639.439044476,0.012627840,0.344810499,0.004972898,640,480,rgb8
3865,images/003865.jpg,1774267639.485023499,1774267639.475816965,0.009206533,0.405000000,0.000000000,1774267639.479038000,0.005985498,0.383801529,0.005444287,640,480,rgb8
3866,images/003866.jpg,1774267639.518374443,1774267639.515820265,0.002554178,0.405000000,0.000000000,1774267639.499070644,0.019303799,0.384674215,0.005444287,640,480,rgb8
3867,images/003867.jpg,1774267639.551725626,1774267639.535834551,0.015891075,0.405000000,0.000000000,1774267639.539094448,0.012631178,0.399865096,0.006100848,640,480,rgb8
3868,images/003868.jpg,1774267639.585076332,1774267639.575831413,0.009244919,0.405000000,0.000000000,1774267639.579074144,0.006002188,0.406962963,0.006500855,640,480,rgb8
3869,images/003869.jpg,1774267639.618427515,1774267639.615818024,0.002609491,0.405000000,0.000000000,1774267639.599062681,0.019364834,0.408055986,0.006500855,640,480,rgb8
3870,images/003870.jpg,1774267639.651778221,1774267639.635809898,0.015968323,0.405000000,0.000000000,1774267639.639025450,0.012752771,0.406954282,0.006662386,640,480,rgb8
3871,images/003871.jpg,1774267639.685129166,1774267639.675821781,0.009307384,0.405000000,0.000000000,1774267639.679039001,0.006090164,0.409062307,0.006662386,640,480,rgb8
3872,images/003872.jpg,1774267639.718479872,1774267639.715832233,0.002647638,0.405000000,0.000000000,1774267639.699070215,0.019409657,0.407709879,0.007443689,640,480,rgb8
3873,images/003873.jpg,1774267639.751830816,1774267639.735834360,0.015996456,0.405000000,0.000000000,1774267639.739048243,0.012782574,0.408345939,0.007932265,640,480,rgb8
3874,images/003874.jpg,1774267639.785181284,1774267639.775833368,0.009347916,0.405000000,0.000000000,1774267639.779044628,0.006136656,0.406838244,0.008564779,640,480,rgb8
3875,images/003875.jpg,1774267639.818532228,1774267639.815835476,0.002696753,0.405000000,0.000000000,1774267639.799082279,0.019449949,0.407804187,0.008564779,640,480,rgb8
3876,images/003876.jpg,1774267639.851882696,1774267639.835822105,0.016060591,0.405000000,0.000000000,1774267639.839081764,0.012800932,0.406298275,0.009176034,640,480,rgb8
3877,images/003877.jpg,1774267639.885233641,1774267639.875837326,0.009396315,0.405000000,0.000000000,1774267639.879073620,0.006160021,0.406145234,0.008667267,640,480,rgb8
3878,images/003878.jpg,1774267639.918590784,1774267639.915835857,0.002754927,0.405000000,0.000000000,1774267639.899080276,0.019510508,0.405964131,0.008228302,640,480,rgb8
3879,images/003879.jpg,1774267639.951947927,1774267639.935824156,0.016123772,0.405000000,0.000000000,1774267639.939136982,0.012810946,0.407736178,0.008228302,640,480,rgb8
3880,images/003880.jpg,1774267639.985305071,1774267639.975838661,0.009466410,0.405000000,0.000000000,1774267639.979100704,0.006204367,0.407874783,0.007841385,640,480,rgb8
3881,images/003881.jpg,1774267640.052002907,1774267640.035824060,0.016178846,0.405000000,0.000000000,1774267640.039048433,0.012954473,0.409457804,0.007843283,640,480,rgb8
3882,images/003882.jpg,1774267640.085351467,1774267640.075834990,0.009516478,0.405000000,0.000000000,1774267640.079062223,0.006289244,0.407390392,0.008311848,640,480,rgb8
3883,images/003883.jpg,1774267640.118700266,1774267640.115819454,0.002880812,0.405000000,0.000000000,1774267640.099025488,0.019674778,0.406218962,0.009680008,640,480,rgb8
3884,images/003884.jpg,1774267640.152048826,1774267640.135823965,0.016224861,0.405000000,0.000000000,1774267640.139093399,0.012955427,0.407008525,0.010194928,640,480,rgb8
3885,images/003885.jpg,1774267640.185397387,1774267640.175820827,0.009576559,0.405000000,0.000000000,1774267640.179073334,0.006324053,0.408351701,0.010576147,640,480,rgb8
3886,images/003886.jpg,1774267640.218745947,1774267640.215781450,0.002964497,0.405000000,0.810000000,1774267640.199100494,0.019645452,0.409124508,0.010576147,640,480,rgb8
3887,images/003887.jpg,1774267640.252094269,1774267640.235815525,0.016278744,0.405000000,0.810000000,1774267640.239073038,0.013021231,0.408988773,0.010801153,640,480,rgb8
3888,images/003888.jpg,1774267640.285442591,1774267640.275827169,0.009615421,0.405000000,0.810000000,1774267640.279407501,0.006035089,0.409924329,0.011747847,640,480,rgb8
3889,images/003889.jpg,1774267640.318790674,1774267640.315818310,0.002972364,0.405000000,0.810000000,1774267640.299096584,0.019694090,0.344260004,0.012117512,640,480,rgb8
3890,images/003890.jpg,1774267640.352138996,1774267640.335828066,0.016310930,0.405000000,0.810000000,1774267640.339056969,0.013082027,0.344135304,0.012117512,640,480,rgb8
3891,images/003891.jpg,1774267640.385487080,1774267640.375815392,0.009671688,0.405000000,0.810000000,1774267640.379050016,0.006437063,0.397829864,0.081927369,640,480,rgb8
3892,images/003892.jpg,1774267640.418835163,1774267640.415817738,0.003017426,0.405000000,0.810000000,1774267640.399044991,0.019790173,0.407668470,0.218819342,640,480,rgb8
3893,images/003893.jpg,1774267640.518878937,1774267640.515831232,0.003047705,0.000000000,0.000000000,1774267640.499027729,0.019851208,0.412741535,0.318289355,640,480,rgb8
3894,images/003894.jpg,1774267640.552226782,1774267640.535827637,0.016399145,0.000000000,0.000000000,1774267640.539049149,0.013177633,0.412552355,0.377624916,640,480,rgb8
3895,images/003895.jpg,1774267640.585574389,1774267640.575831413,0.009742975,0.000000000,0.000000000,1774267640.579022884,0.006551504,0.388103378,0.428990434,640,480,rgb8
3896,images/003896.jpg,1774267640.618922234,1774267640.615834951,0.003087282,0.000000000,0.000000000,1774267640.599071503,0.019850731,0.313395671,0.447612383,640,480,rgb8
3897,images/003897.jpg,1774267640.652269840,1774267640.635839701,0.016430140,0.000000000,0.000000000,1774267640.639055490,0.013214350,0.233102199,0.446991002,640,480,rgb8
3898,images/003898.jpg,1774267640.685617447,1774267640.675794840,0.009822607,0.000000000,0.000000000,1774267640.679088831,0.006528616,0.230102333,0.446991002,640,480,rgb8
3899,images/003899.jpg,1774267640.718964815,1774267640.715836287,0.003128529,0.000000000,0.000000000,1774267640.699026585,0.019938231,0.117713833,0.394249760,640,480,rgb8
3900,images/003900.jpg,1774267640.752312183,1774267640.735825539,0.016486645,0.000000000,0.000000000,1774267640.739032030,0.013280153,0.102921911,0.375410174,640,480,rgb8
3901,images/003901.jpg,1774267640.785659552,1774267640.775819302,0.009840250,0.000000000,0.000000000,1774267640.779021978,0.006637573,0.055828263,0.333754902,640,480,rgb8
3902,images/003902.jpg,1774267640.819006920,1774267640.815814495,0.003192425,0.000000000,0.000000000,1774267640.799058676,0.019948244,0.052362052,0.333754902,640,480,rgb8
3903,images/003903.jpg,1774267640.852354050,1774267640.835815668,0.016538382,0.000000000,0.000000000,1774267640.839056253,0.013297796,0.017567391,0.287211129,640,480,rgb8
3904,images/003904.jpg,1774267640.885701180,1774267640.875819206,0.009881973,0.000000000,0.000000000,1774267640.879040480,0.006660700,0.000053474,0.214048977,640,480,rgb8
3905,images/003905.jpg,1774267640.919048309,1774267640.915813208,0.003235102,0.000000000,0.000000000,1774267640.919026852,0.000021458,-0.000844700,0.143885693,640,480,rgb8
3906,images/003906.jpg,1774267640.952395201,1774267640.935825348,0.016569853,0.000000000,0.000000000,1774267640.939033747,0.013361454,-0.001526190,0.127512253,640,480,rgb8
3907,images/003907.jpg,1774267640.985742331,1774267640.975833416,0.009908915,0.000000000,0.000000000,1774267640.979060650,0.006681681,-0.009112321,0.127512253,640,480,rgb8
3908,images/003908.jpg,1774267641.019098520,1774267641.015779734,0.003318787,0.000000000,0.000000000,1774267641.019058466,0.000040054,-0.009236090,0.111436204,640,480,rgb8
3909,images/003909.jpg,1774267641.052455187,1774267641.035820007,0.016635180,0.000000000,0.000000000,1774267641.039059162,0.013396025,-0.003566841,0.085574216,640,480,rgb8
3910,images/003910.jpg,1774267641.085811377,1774267641.075819969,0.009991407,0.000000000,0.000000000,1774267641.079043627,0.006767750,-0.005108387,0.074726448,640,480,rgb8
3911,images/003911.jpg,1774267641.152525663,1774267641.135820866,0.016704798,0.000000000,0.000000000,1774267641.139076710,0.013448954,-0.009597837,0.064913246,640,480,rgb8
3912,images/003912.jpg,1774267641.185882807,1774267641.175815582,0.010067225,0.000000000,0.000000000,1774267641.179039001,0.006843805,-0.010221945,0.056074703,640,480,rgb8
3913,images/003913.jpg,1774267641.219239712,1774267641.215928078,0.003311634,0.405000000,0.000000000,1774267641.219038963,0.000200748,-0.005658154,0.041467224,640,480,rgb8
3914,images/003914.jpg,1774267641.252596855,1774267641.235823393,0.016773462,0.405000000,0.000000000,1774267641.239043474,0.013553381,-0.008891655,0.041467224,640,480,rgb8
3915,images/003915.jpg,1774267641.285953999,1774267641.275829315,0.010124683,0.405000000,0.000000000,1774267641.279051542,0.006902456,0.002532207,0.024857877,640,480,rgb8
3916,images/003916.jpg,1774267641.319311380,1774267641.315829515,0.003481865,0.405000000,0.000000000,1774267641.319038868,0.000272512,0.043182049,0.022402404,640,480,rgb8
3917,images/003917.jpg,1774267641.352668285,1774267641.335836411,0.016831875,0.405000000,0.000000000,1774267641.339066982,0.013601303,0.040740134,0.022402404,640,480,rgb8
3918,images/003918.jpg,1774267641.386025429,1774267641.375819683,0.010205746,0.405000000,0.000000000,1774267641.379067421,0.006958008,0.122763833,0.020435902,640,480,rgb8
3919,images/003919.jpg,1774267641.419382334,1774267641.415834665,0.003547668,0.405000000,0.000000000,1774267641.419066668,0.000315666,0.215619067,0.018871071,640,480,rgb8
3920,images/003920.jpg,1774267641.452739477,1774267641.435827732,0.016911745,0.405000000,0.000000000,1774267641.439021111,0.013718367,0.215401664,0.018871071,640,480,rgb8
3921,images/003921.jpg,1774267641.486096382,1774267641.475830317,0.010266066,0.405000000,0.000000000,1774267641.479025841,0.007070541,0.296566132,0.016729840,640,480,rgb8
3922,images/003922.jpg,1774267641.519453287,1774267641.515832901,0.003620386,0.405000000,0.000000000,1774267641.519011259,0.000442028,0.339805077,0.016029166,640,480,rgb8
3923,images/003923.jpg,1774267641.586167574,1774267641.575813532,0.010354042,0.005063360,0.000000000,1774267641.579027891,0.007139683,0.390226821,0.015194245,640,480,rgb8
3924,images/003924.jpg,1774267641.619524479,1774267641.615819931,0.003704548,0.000000000,0.000000000,1774267641.619033098,0.000491381,0.409066803,0.013301193,640,480,rgb8
3925,images/003925.jpg,1774267641.652881384,1774267641.635814428,0.017066956,0.000000000,0.000000000,1774267641.639015675,0.013865709,0.411071009,0.013301193,640,480,rgb8
3926,images/003926.jpg,1774267641.686238289,1774267641.675826550,0.010411739,0.000000000,0.000000000,1774267641.679046869,0.007191420,0.397614058,0.012655201,640,480,rgb8
3927,images/003927.jpg,1774267641.719595194,1774267641.715817928,0.003777266,0.000000000,0.000000000,1774267641.719066858,0.000528336,0.335689649,0.011799461,640,480,rgb8
3928,images/003928.jpg,1774267641.752952099,1774267641.735819101,0.017132998,0.000000000,0.000000000,1774267641.739060640,0.013891459,0.336685155,0.011799461,640,480,rgb8
3929,images/003929.jpg,1774267641.786309004,1774267641.775830269,0.010478735,0.000000000,0.000000000,1774267641.779094934,0.007214069,0.251294152,0.011431716,640,480,rgb8
3930,images/003930.jpg,1774267641.819665909,1774267641.815841675,0.003824234,0.000000000,0.000000000,1774267641.819039345,0.000626564,0.218654089,0.011112493,640,480,rgb8
3931,images/003931.jpg,1774267641.853023052,1774267641.835789204,0.017233849,0.399010560,0.000000000,1774267641.839027882,0.013995171,0.087104553,0.010674557,640,480,rgb8
3932,images/003932.jpg,1774267641.886379719,1774267641.875820398,0.010559320,0.405000000,0.000000000,1774267641.879056931,0.007322788,0.083004703,0.010674557,640,480,rgb8
3933,images/003933.jpg,1774267641.919736624,1774267641.915822744,0.003913879,0.405000000,0.000000000,1774267641.919044495,0.000692129,0.030298044,0.009995960,640,480,rgb8
3934,images/003934.jpg,1774267641.953093529,1774267641.935813904,0.017279625,0.405000000,0.000000000,1774267641.939064980,0.014028549,0.027663992,0.009995960,640,480,rgb8
3935,images/003935.jpg,1774267641.986450195,1774267641.975820065,0.010630131,0.405000000,0.000000000,1774267641.979059935,0.007390261,0.076803672,0.009840447,640,480,rgb8
3936,images/003936.jpg,1774267642.019807100,1774267642.015826941,0.003980160,0.405000000,0.000000000,1774267642.019055843,0.000751257,0.156499512,0.009860179,640,480,rgb8
3937,images/003937.jpg,1774267642.053163767,1774267642.035833359,0.017330408,0.405000000,0.000000000,1774267642.039092779,0.014070988,0.155548470,0.009860179,640,480,rgb8
3938,images/003938.jpg,1774267642.086520433,1774267642.075822353,0.010698080,0.405000000,0.000000000,1774267642.079071760,0.007448673,0.251039861,0.010250069,640,480,rgb8
3939,images/003939.jpg,1774267642.119876623,1774267642.115844727,0.004031897,0.405000000,0.000000000,1774267642.119069099,0.000807524,0.287495482,0.010591600,640,480,rgb8
3940,images/003940.jpg,1774267642.153232574,1774267642.135834217,0.017398357,0.405000000,0.000000000,1774267642.139095545,0.014137030,0.288149466,0.010591600,640,480,rgb8
3941,images/003941.jpg,1774267642.186588526,1774267642.175827742,0.010760784,0.405000000,0.000000000,1774267642.179057837,0.007530689,0.338241661,0.009331304,640,480,rgb8
3942,images/003942.jpg,1774267642.253283739,1774267642.235824347,0.017459393,0.405000000,0.000000000,1774267642.239543676,0.013740063,0.406461558,0.007626199,640,480,rgb8
3943,images/003943.jpg,1774267642.286631346,1774267642.275813341,0.010818005,0.405000000,0.000000000,1774267642.279041052,0.007590294,0.411632050,0.006650640,640,480,rgb8
3944,images/003944.jpg,1774267642.319978476,1774267642.315825462,0.004153013,0.405000000,0.000000000,1774267642.319027424,0.000951052,0.410200921,0.006330598,640,480,rgb8
3945,images/003945.jpg,1774267642.353325844,1774267642.335823298,0.017502546,0.405000000,0.000000000,1774267642.339063406,0.014262438,0.412158593,0.006330598,640,480,rgb8
3946,images/003946.jpg,1774267642.386673212,1774267642.375826597,0.010846615,0.405000000,0.000000000,1774267642.379062891,0.007610321,0.475515128,0.006320926,640,480,rgb8
3947,images/003947.jpg,1774267642.420020342,1774267642.415884495,0.004135847,0.405000000,0.000000000,1774267642.419060946,0.000959396,0.433195410,0.006147588,640,480,rgb8
3948,images/003948.jpg,1774267642.453367472,1774267642.435849667,0.017517805,0.405000000,0.000000000,1774267642.439081192,0.014286280,0.416139307,0.006225087,640,480,rgb8
3949,images/003949.jpg,1774267642.486714363,1774267642.475821972,0.010892391,0.405000000,0.000000000,1774267642.479064703,0.007649660,0.407560229,0.006459224,640,480,rgb8
3950,images/003950.jpg,1774267642.520061255,1774267642.515832901,0.004228354,0.405000000,0.000000000,1774267642.519055367,0.001005888,0.410984941,0.006459224,640,480,rgb8
3951,images/003951.jpg,1774267642.553408146,1774267642.535817862,0.017590284,0.405000000,0.000000000,1774267642.539049149,0.014358997,0.353448524,0.005508138,640,480,rgb8
3952,images/003952.jpg,1774267642.586754799,1774267642.575816631,0.010938168,0.405000000,0.000000000,1774267642.579060793,0.007694006,0.382033357,0.005096206,640,480,rgb8
3953,images/003953.jpg,1774267642.620101452,1774267642.615812540,0.004288912,0.405000000,0.000000000,1774267642.619044542,0.001056910,0.397462253,0.004750402,640,480,rgb8
3954,images/003954.jpg,1774267642.653448343,1774267642.635826349,0.017621994,0.405000000,0.000000000,1774267642.639061689,0.014386654,0.398928252,0.004750402,640,480,rgb8
3955,images/003955.jpg,1774267642.686794758,1774267642.675827980,0.010966778,0.405000000,0.000000000,1774267642.679082632,0.007712126,0.405335715,0.003192488,640,480,rgb8
3956,images/003956.jpg,1774267642.720141172,1774267642.715822458,0.004318714,0.405000000,0.000000000,1774267642.719027519,0.001113653,0.400715725,0.001603644,640,480,rgb8
3957,images/003957.jpg,1774267642.753487587,1774267642.735831261,0.017656326,0.405000000,0.000000000,1774267642.739078999,0.014408588,0.402132370,0.001603644,640,480,rgb8
3958,images/003958.jpg,1774267642.786833763,1774267642.775831699,0.011002064,0.405000000,0.000000000,1774267642.779084444,0.007749319,0.400302572,0.001251685,640,480,rgb8
3959,images/003959.jpg,1774267642.820179939,1774267642.815822840,0.004357100,0.405000000,0.000000000,1774267642.819052935,0.001127005,0.399936841,0.001246334,640,480,rgb8
3960,images/003960.jpg,1774267642.853526115,1774267642.835831642,0.017694473,0.405000000,0.000000000,1774267642.839081049,0.014445066,0.401257390,0.001246334,640,480,rgb8
3961,images/003961.jpg,1774267642.886872292,1774267642.875816345,0.011055946,0.405000000,0.000000000,1774267642.879128218,0.007744074,0.401035596,0.001241500,640,480,rgb8
3962,images/003962.jpg,1774267642.920218229,1774267642.915838480,0.004379749,0.405000000,0.000000000,1774267642.919088840,0.001129389,0.404768058,0.001372485,640,480,rgb8
3963,images/003963.jpg,1774267642.953564167,1774267642.935838938,0.017725229,0.405000000,0.000000000,1774267642.939089775,0.014474392,0.406066528,0.001372485,640,480,rgb8
3964,images/003964.jpg,1774267642.986909866,1774267642.975816488,0.011093378,0.405000000,0.000000000,1774267642.979048729,0.007861137,0.405927971,-0.008881856,640,480,rgb8
3965,images/003965.jpg,1774267643.020255804,1774267643.015809536,0.004446268,0.405000000,0.000000000,1774267643.019033670,0.001222134,0.407798945,-0.002213841,640,480,rgb8
3966,images/003966.jpg,1774267643.053601503,1774267643.035814047,0.017787457,0.405000000,0.000000000,1774267643.039040089,0.014561415,0.409056532,0.005858808,640,480,rgb8
3967,images/003967.jpg,1774267643.086946964,1774267643.075814009,0.011132956,0.405000000,0.000000000,1774267643.079049110,0.007897854,0.408403294,0.013517746,640,480,rgb8
3968,images/003968.jpg,1774267643.120292425,1774267643.115815163,0.004477262,0.405000000,0.000000000,1774267643.119054079,0.001238346,0.407756464,0.005298352,640,480,rgb8
3969,images/003969.jpg,1774267643.153637886,1774267643.135825157,0.017812729,0.405000000,0.000000000,1774267643.139069796,0.014568090,0.408938340,0.004212666,640,480,rgb8
3970,images/003970.jpg,1774267643.186983585,1774267643.175839901,0.011143684,0.405000000,0.000000000,1774267643.179067612,0.007915974,0.408623469,0.009196643,640,480,rgb8
3971,images/003971.jpg,1774267643.220338583,1774267643.215842247,0.004496336,0.405000000,0.000000000,1774267643.219069242,0.001269341,0.406390295,0.016234268,640,480,rgb8
3972,images/003972.jpg,1774267643.253693342,1774267643.235845089,0.017848253,0.405000000,0.000000000,1774267643.239071608,0.014621735,0.407484347,0.010047064,640,480,rgb8
3973,images/003973.jpg,1774267643.287048340,1774267643.275829315,0.011219025,0.405000000,0.000000000,1774267643.279075384,0.007972956,0.404153544,0.007154573,640,480,rgb8
3974,images/003974.jpg,1774267643.320413828,1774267643.315830231,0.004583597,0.405000000,0.500091200,1774267643.319012165,0.001401663,0.406204468,0.012311836,640,480,rgb8
3975,images/003975.jpg,1774267643.353779554,1774267643.335838556,0.017940998,0.405000000,0.810000000,1774267643.339045048,0.014734507,0.406726581,0.014931397,640,480,rgb8
3976,images/003976.jpg,1774267643.387145281,1774267643.375813007,0.011332273,0.405000000,0.810000000,1774267643.379008770,0.008136511,0.407018824,0.043819825,640,480,rgb8
3977,images/003977.jpg,1774267643.420511007,1774267643.415822983,0.004688025,0.405000000,0.810000000,1774267643.419033051,0.001477957,0.408101317,0.324822920,640,480,rgb8
3978,images/003978.jpg,1774267643.453876972,1774267643.435831308,0.018045664,0.405000000,0.810000000,1774267643.439177036,0.014699936,0.409096828,0.503454488,640,480,rgb8
3979,images/003979.jpg,1774267643.487242937,1774267643.475824594,0.011418343,0.405000000,0.810000000,1774267643.479051828,0.008191109,0.409884939,0.612658268,640,480,rgb8
3980,images/003980.jpg,1774267643.520608902,1774267643.515833616,0.004775286,0.405000000,0.810000000,1774267643.519042730,0.001566172,0.410983016,0.643233398,640,480,rgb8
3981,images/003981.jpg,1774267643.553974867,1774267643.535845757,0.018129110,0.405000000,0.810000000,1774267643.539411545,0.014563322,0.411162788,0.654599372,640,480,rgb8
3982,images/003982.jpg,1774267643.587341070,1774267643.575823307,0.011517763,0.000000000,0.000000000,1774267643.579033613,0.008307457,0.412427792,0.680680442,640,480,rgb8
3983,images/003983.jpg,1774267643.620707273,1774267643.615812540,0.004894733,0.000000000,0.000000000,1774267643.619014978,0.001692295,0.414318853,0.690844021,640,480,rgb8
3984,images/003984.jpg,1774267643.654073477,1774267643.635814667,0.018258810,0.400038400,0.000000000,1774267643.639016628,0.015056849,0.405557094,0.677102368,640,480,rgb8
3985,images/003985.jpg,1774267643.687439919,1774267643.675815821,0.011624098,0.405000000,0.000000000,1774267643.679041386,0.008398533,0.364195949,0.575338460,640,480,rgb8
3986,images/003986.jpg,1774267643.720806360,1774267643.715819359,0.004987001,0.405000000,0.000000000,1774267643.719056845,0.001749516,0.303040836,0.349327844,640,480,rgb8
3987,images/003987.jpg,1774267643.754172802,1774267643.735839844,0.018332958,0.405000000,0.000000000,1774267643.739207983,0.014964819,0.302578828,0.245036380,640,480,rgb8
3988,images/003988.jpg,1774267643.787539244,1774267643.775826931,0.011712313,0.405000000,0.000000000,1774267643.779044390,0.008494854,0.296782907,0.145612897,640,480,rgb8
3989,images/003989.jpg,1774267643.820905924,1774267643.815817595,0.005088329,0.405000000,0.000000000,1774267643.819006443,0.001899481,0.291276308,0.089341338,640,480,rgb8
3990,images/003990.jpg,1774267643.854272604,1774267643.835820675,0.018451929,0.405000000,0.000000000,1774267643.839039803,0.015232801,0.292567007,0.067939624,640,480,rgb8
3991,images/003991.jpg,1774267643.887639523,1774267643.875817299,0.011822224,0.405000000,0.000000000,1774267643.879061937,0.008577585,0.328825851,0.012269851,640,480,rgb8
3992,images/003992.jpg,1774267643.921006441,1774267643.915820122,0.005186319,0.000000000,0.000000000,1774267643.919054747,0.001951694,0.328637703,-0.034857873,640,480,rgb8
3993,images/003993.jpg,1774267643.954373121,1774267643.935814857,0.018558264,0.000000000,0.000000000,1774267643.939068317,0.015304804,0.378316081,0.001213300,640,480,rgb8
3994,images/003994.jpg,1774267643.987740040,1774267643.975828409,0.011911631,0.000000000,0.000000000,1774267643.979059219,0.008680820,0.385641354,0.060649371,640,480,rgb8
3995,images/003995.jpg,1774267644.021107197,1774267644.015827656,0.005279541,0.000000000,0.000000000,1774267644.019046068,0.002061129,0.387103378,0.067974734,640,480,rgb8
3996,images/003996.jpg,1774267644.054474115,1774267644.035818100,0.018656015,0.000000000,0.000000000,1774267644.039010763,0.015463352,0.387691416,0.059996526,640,480,rgb8
3997,images/003997.jpg,1774267644.087841272,1774267644.075808287,0.012032986,0.000000000,0.000000000,1774267644.079038620,0.008802652,0.325680777,0.024929569,640,480,rgb8
3998,images/003998.jpg,1774267644.121208668,1774267644.115812540,0.005396128,0.000000000,0.000000000,1774267644.119078636,0.002130032,0.256791012,-0.009018563,640,480,rgb8
3999,images/003999.jpg,1774267644.154575825,1774267644.135807276,0.018768549,0.399899500,0.000000000,1774267644.139054537,0.015521288,0.181523337,-0.009910071,640,480,rgb8
4000,images/004000.jpg,1774267644.187943459,1774267644.175811529,0.012131929,0.405000000,0.000000000,1774267644.179043055,0.008900404,0.094156889,0.039089955,640,480,rgb8
4001,images/004001.jpg,1774267644.221310854,1774267644.215822220,0.005488634,0.405000000,0.000000000,1774267644.219053030,0.002257824,0.049607138,0.024867449,640,480,rgb8
4002,images/004002.jpg,1774267644.254678249,1774267644.235814810,0.018863440,0.405000000,0.000000000,1774267644.239075661,0.015602589,0.046203222,0.024867449,640,480,rgb8
4003,images/004003.jpg,1774267644.288045645,1774267644.275810719,0.012234926,0.405000000,0.000000000,1774267644.279082775,0.008962870,0.077600506,0.016167839,640,480,rgb8
4004,images/004004.jpg,1774267644.321401596,1774267644.315828323,0.005573273,0.405000000,0.000000000,1774267644.319038153,0.002363443,0.165074695,0.024711447,640,480,rgb8
4005,images/004005.jpg,1774267644.354757309,1774267644.335833549,0.018923759,0.405000000,0.000000000,1774267644.339044809,0.015712500,0.195563413,0.022092722,640,480,rgb8
4006,images/004006.jpg,1774267644.421553612,1774267644.415966749,0.005586863,0.405000000,0.000000000,1774267644.419038773,0.002514839,0.276939396,-0.000510175,640,480,rgb8
4007,images/004007.jpg,1774267644.454952240,1774267644.435815334,0.019136906,0.405000000,0.000000000,1774267644.439018488,0.015933752,0.352803998,0.003185757,640,480,rgb8
4008,images/004008.jpg,1774267644.488351107,1774267644.475819588,0.012531519,0.405000000,0.000000000,1774267644.479068041,0.009283066,0.387795527,-0.004276119,640,480,rgb8
4009,images/004009.jpg,1774267644.521750212,1774267644.515819311,0.005930901,0.405000000,0.000000000,1774267644.519039392,0.002710819,0.404131675,-0.000180171,640,480,rgb8
4010,images/004010.jpg,1774267644.555149794,1774267644.535824537,0.019325256,0.405000000,0.000000000,1774267644.539067745,0.016082048,0.405309205,0.018834140,640,480,rgb8
4011,images/004011.jpg,1774267644.588549614,1774267644.575841904,0.012707710,0.405000000,0.000000000,1774267644.579185963,0.009363651,0.428480210,0.035894477,640,480,rgb8
4012,images/004012.jpg,1774267644.621949911,1774267644.615832806,0.006117105,0.405000000,0.000000000,1774267644.619063139,0.002886772,0.419537576,0.014988606,640,480,rgb8
4013,images/004013.jpg,1774267644.655350447,1774267644.635829210,0.019521236,0.405000000,0.000000000,1774267644.638979912,0.016370535,0.411666914,0.006501775,640,480,rgb8
4014,images/004014.jpg,1774267644.688750982,1774267644.675833941,0.012917042,0.405000000,0.000000000,1774267644.679065228,0.009685755,0.414009053,0.004773997,640,480,rgb8
4015,images/004015.jpg,1774267644.722151995,1774267644.715836763,0.006315231,0.405000000,0.000000000,1774267644.719045877,0.003106117,0.409251898,-0.000863323,640,480,rgb8
4016,images/004016.jpg,1774267644.755553484,1774267644.735830307,0.019723177,0.405000000,0.000000000,1774267644.739071846,0.016481638,0.406601392,-0.005621116,640,480,rgb8
4017,images/004017.jpg,1774267644.788955212,1774267644.775820732,0.013134480,0.405000000,0.000000000,1774267644.779053688,0.009901524,0.342650524,-0.007415005,640,480,rgb8
4018,images/004018.jpg,1774267644.855759859,1774267644.835814953,0.019944906,0.405000000,0.000000000,1774267644.839040279,0.016719580,0.384175531,0.003216406,640,480,rgb8
4019,images/004019.jpg,1774267644.889162302,1774267644.875818491,0.013343811,0.405000000,0.000000000,1774267644.879023075,0.010139227,0.469335649,0.005057685,640,480,rgb8
4020,images/004020.jpg,1774267644.922565460,1774267644.915817261,0.006748199,0.405000000,0.000000000,1774267644.919016361,0.003549099,0.414173703,0.003694530,640,480,rgb8
4021,images/004021.jpg,1774267644.955968618,1774267644.955828428,0.000140190,0.405000000,0.000000000,1774267644.939052820,0.016915798,0.411177574,-0.001799259,640,480,rgb8
4022,images/004022.jpg,1774267644.989372253,1774267644.975874186,0.013498068,0.405000000,0.000000000,1774267644.979043007,0.010329247,0.408083362,-0.011418574,640,480,rgb8
4023,images/004023.jpg,1774267645.022776127,1774267645.015831470,0.006944656,0.405000000,0.000000000,1774267645.019026279,0.003749847,0.409909559,0.004005750,640,480,rgb8
4024,images/004024.jpg,1774267645.056180477,1774267645.055834055,0.000346422,0.405000000,0.000000000,1774267645.039063692,0.017116785,0.407738141,0.012564763,640,480,rgb8
4025,images/004025.jpg,1774267645.089585066,1774267645.075917482,0.013667583,0.405000000,0.000000000,1774267645.079047203,0.010537863,0.343151396,0.012275295,640,480,rgb8
4026,images/004026.jpg,1774267645.122989655,1774267645.115815163,0.007174492,0.405000000,0.000000000,1774267645.119042635,0.003947020,0.392725398,0.013194345,640,480,rgb8
4027,images/004027.jpg,1774267645.156394958,1774267645.155830622,0.000564337,0.405000000,0.000000000,1774267645.139052153,0.017342806,0.393395466,0.015318979,640,480,rgb8
4028,images/004028.jpg,1774267645.189800262,1774267645.175827026,0.013973236,0.405000000,0.000000000,1774267645.179042578,0.010757685,0.401269534,0.019700226,640,480,rgb8
4029,images/004029.jpg,1774267645.223206282,1774267645.215825319,0.007380962,0.405000000,0.000000000,1774267645.219044924,0.004161358,0.404765607,0.016402039,640,480,rgb8
4030,images/004030.jpg,1774267645.256612301,1774267645.255836010,0.000776291,0.405000000,0.000000000,1774267645.239053965,0.017558336,0.405567959,0.014883434,640,480,rgb8
4031,images/004031.jpg,1774267645.290018797,1774267645.275842190,0.014176607,0.405000000,0.000000000,1774267645.279053688,0.010965109,0.407115520,0.015328437,640,480,rgb8
4032,images/004032.jpg,1774267645.323425531,1774267645.315830469,0.007595062,0.405000000,0.000000000,1774267645.319053411,0.004372120,0.406569083,0.016096737,640,480,rgb8
4033,images/004033.jpg,1774267645.356831551,1774267645.355821371,0.001010180,0.405000000,0.000000000,1774267645.339086056,0.017745495,0.405839131,0.011788794,640,480,rgb8
4034,images/004034.jpg,1774267645.390192032,1774267645.375834703,0.014357328,0.405000000,0.000000000,1774267645.379071474,0.011120558,0.405818528,0.006456491,640,480,rgb8
4035,images/004035.jpg,1774267645.423552752,1774267645.415828705,0.007724047,0.405000000,0.000000000,1774267645.419052601,0.004500151,0.407287419,0.007325916,640,480,rgb8
4036,images/004036.jpg,1774267645.456913233,1774267645.455821276,0.001091957,0.405000000,0.000000000,1774267645.439048290,0.017864943,0.408000338,0.005835410,640,480,rgb8
4037,images/004037.jpg,1774267645.557037354,1774267645.555825710,0.001211643,0.405000000,0.000000000,1774267645.539043665,0.017993689,0.407662048,0.010496128,640,480,rgb8
4038,images/004038.jpg,1774267645.590412140,1774267645.575817585,0.014594555,0.405000000,0.000000000,1774267645.579054117,0.011358023,0.408997444,0.013485754,640,480,rgb8
4039,images/004039.jpg,1774267645.623787165,1774267645.615817547,0.007969618,0.405000000,0.000000000,1774267645.619045019,0.004742146,0.409461378,0.008404748,640,480,rgb8
4040,images/004040.jpg,1774267645.657162189,1774267645.655823708,0.001338482,0.405000000,0.000000000,1774267645.639079094,0.018083096,0.345123273,0.008407161,640,480,rgb8
4041,images/004041.jpg,1774267645.690537214,1774267645.675835609,0.014701605,0.405000000,0.000000000,1774267645.679037333,0.011499882,0.384613703,0.012187004,640,480,rgb8
4042,images/004042.jpg,1774267645.723912239,1774267645.715815306,0.008096933,0.405000000,0.000000000,1774267645.719074488,0.004837751,0.403403591,0.013096366,640,480,rgb8
4043,images/004043.jpg,1774267645.757287502,1774267645.755831480,0.001456022,0.405000000,0.000000000,1774267645.739415884,0.017871618,0.403982265,0.013096366,640,480,rgb8
4044,images/004044.jpg,1774267645.790663004,1774267645.775820255,0.014842749,0.405000000,0.000000000,1774267645.779019833,0.011643171,0.406749923,0.026118710,640,480,rgb8
4045,images/004045.jpg,1774267645.824038506,1774267645.815819263,0.008219242,0.405000000,0.000000000,1774267645.819048166,0.004990339,0.458190012,0.042678251,640,480,rgb8
4046,images/004046.jpg,1774267645.857414246,1774267645.855808020,0.001606226,0.405000000,0.000000000,1774267645.839016438,0.018397808,0.431956330,0.038946464,640,480,rgb8
4047,images/004047.jpg,1774267645.890789747,1774267645.875810385,0.014979362,0.405000000,0.000000000,1774267645.879030704,0.011759043,0.433694775,0.023156002,640,480,rgb8
4048,images/004048.jpg,1774267645.990917444,1774267645.975811243,0.015106201,0.405000000,0.000000000,1774267645.979043245,0.011874199,0.382548630,0.008872170,640,480,rgb8
4049,images/004049.jpg,1774267646.024293423,1774267646.015819788,0.008473635,0.405000000,0.000000000,1774267646.019049168,0.005244255,0.328385615,0.018886980,640,480,rgb8
4050,images/004050.jpg,1774267646.057669640,1774267646.055824518,0.001845121,0.405000000,0.000000000,1774267646.039051533,0.018618107,0.327942399,0.016088870,640,480,rgb8
4051,images/004051.jpg,1774267646.091045856,1774267646.075833321,0.015212536,0.405000000,0.000000000,1774267646.079020500,0.012025356,0.396225513,0.013512122,640,480,rgb8
4052,images/004052.jpg,1774267646.124422073,1774267646.115828991,0.008593082,0.405000000,0.000000000,1774267646.119034052,0.005388021,0.401093613,0.010050655,640,480,rgb8
4053,images/004053.jpg,1774267646.157798529,1774267646.155822515,0.001976013,0.405000000,0.000000000,1774267646.139135599,0.018662930,0.456991850,0.006536177,640,480,rgb8
4054,images/004054.jpg,1774267646.191174984,1774267646.175830126,0.015344858,0.405000000,0.000000000,1774267646.179068089,0.012106895,0.459241549,0.002815235,640,480,rgb8
4055,images/004055.jpg,1774267646.224551439,1774267646.215832710,0.008718729,0.405000000,0.000000000,1774267646.219008446,0.005542994,0.417533716,-0.004590815,640,480,rgb8
4056,images/004056.jpg,1774267646.257928133,1774267646.255829811,0.002098322,0.405000000,0.000000000,1774267646.239000320,0.018927813,0.408119905,-0.007001554,640,480,rgb8
4057,images/004057.jpg,1774267646.291305065,1774267646.275836229,0.015468836,0.405000000,0.000000000,1774267646.279011726,0.012293339,0.407453795,-0.011826256,640,480,rgb8
4058,images/004058.jpg,1774267646.324681997,1774267646.315817595,0.008864403,0.405000000,0.000000000,1774267646.319013119,0.005668879,0.406498916,-0.010647641,640,480,rgb8
4059,images/004059.jpg,1774267646.358058929,1774267646.355838776,0.002220154,0.405000000,0.000000000,1774267646.339002371,0.019056559,0.406932512,-0.007373463,640,480,rgb8
4060,images/004060.jpg,1774267646.391436100,1774267646.375840425,0.015595675,0.405000000,0.000000000,1774267646.379018784,0.012417316,0.366340621,0.006699660,640,480,rgb8
4061,images/004061.jpg,1774267646.424813032,1774267646.415834665,0.008978367,0.405000000,0.000000000,1774267646.419042826,0.005770206,0.395858817,0.005614824,640,480,rgb8
4062,images/004062.jpg,1774267646.458189964,1774267646.455844164,0.002345800,0.405000000,0.000000000,1774267646.439071894,0.019118071,0.401327027,0.001699870,640,480,rgb8
4063,images/004063.jpg,1774267646.491552114,1774267646.475844622,0.015707493,0.405000000,0.000000000,1774267646.479046106,0.012506008,0.405287819,-0.006193027,640,480,rgb8
4064,images/004064.jpg,1774267646.524913788,1774267646.515829802,0.009083986,0.405000000,0.000000000,1774267646.519033670,0.005880117,0.406080381,0.004334535,640,480,rgb8
4065,images/004065.jpg,1774267646.558275938,1774267646.555840015,0.002435923,0.405000000,0.000000000,1774267646.539062262,0.019213676,0.406220104,0.006200592,640,480,rgb8
4066,images/004066.jpg,1774267646.591637850,1774267646.575820684,0.015817165,0.405000000,0.000000000,1774267646.579133034,0.012504816,0.406325820,0.004683668,640,480,rgb8
4067,images/004067.jpg,1774267646.625008106,1774267646.615877628,0.009130478,0.405000000,0.000000000,1774267646.619235277,0.005772829,0.407521999,0.009733235,640,480,rgb8
4068,images/004068.jpg,1774267646.658378601,1774267646.655831814,0.002546787,0.405000000,0.000000000,1774267646.639057159,0.019321442,0.407908433,0.013866803,640,480,rgb8
4069,images/004069.jpg,1774267646.691749096,1774267646.675811768,0.015937328,0.405000000,0.000000000,1774267646.679047823,0.012701273,0.409038751,0.010750817,640,480,rgb8
4070,images/004070.jpg,1774267646.725119591,1774267646.715829372,0.009290218,0.405000000,0.000000000,1774267646.719039440,0.006080151,0.408589761,0.011946221,640,480,rgb8
4071,images/004071.jpg,1774267646.758490086,1774267646.755823135,0.002666950,0.405000000,0.000000000,1774267646.739048243,0.019441843,0.408968861,0.015841499,640,480,rgb8
4072,images/004072.jpg,1774267646.791860819,1774267646.775829077,0.016031742,0.405000000,0.000000000,1774267646.779051304,0.012809515,0.408914442,0.004241430,640,480,rgb8
4073,images/004073.jpg,1774267646.825231552,1774267646.815838099,0.009393454,0.405000000,0.000000000,1774267646.819046497,0.006185055,0.408641327,0.007866961,640,480,rgb8
4074,images/004074.jpg,1774267646.858602285,1774267646.855823994,0.002778292,0.405000000,0.000000000,1774267646.839039564,0.019562721,0.408997917,0.010331673,640,480,rgb8
4075,images/004075.jpg,1774267646.891973257,1774267646.875819445,0.016153812,0.405000000,0.000000000,1774267646.879024029,0.012949228,0.407441809,0.012809485,640,480,rgb8
4076,images/004076.jpg,1774267646.925343990,1774267646.915822506,0.009521484,0.405000000,0.000000000,1774267646.919022799,0.006321192,0.341771950,0.008410855,640,480,rgb8
4077,images/004077.jpg,1774267646.958715200,1774267646.955821276,0.002893925,0.005019840,0.000000000,1774267646.939024925,0.019690275,0.387735068,0.008998971,640,480,rgb8
4078,images/004078.jpg,1774267646.992086172,1774267646.975898743,0.016187429,0.000000000,0.000000000,1774267646.979053259,0.013032913,0.387936866,0.006267552,640,480,rgb8
4079,images/004079.jpg,1774267647.058828354,1774267647.055814028,0.003014326,0.000000000,0.000000000,1774267647.039046526,0.019781828,0.391568901,0.008863346,640,480,rgb8
4080,images/004080.jpg,1774267647.092199802,1774267647.075819016,0.016380787,0.000000000,0.000000000,1774267647.079031706,0.013168097,0.374155568,0.029710099,640,480,rgb8
4081,images/004081.jpg,1774267647.125571012,1774267647.115827560,0.009743452,0.000000000,0.000000000,1774267647.118997097,0.006573915,0.332402227,0.031579834,640,480,rgb8
4082,images/004082.jpg,1774267647.158942461,1774267647.155810595,0.003131866,0.000000000,0.000000000,1774267647.139068842,0.019873619,0.331830948,0.027792771,640,480,rgb8
4083,images/004083.jpg,1774267647.192313671,1774267647.175814629,0.016499043,0.000000000,0.000000000,1774267647.179056406,0.013257265,0.234436972,-0.013367676,640,480,rgb8
4084,images/004084.jpg,1774267647.225685358,1774267647.215820551,0.009864807,0.000000000,0.000000000,1774267647.219065666,0.006619692,0.191362542,0.015671579,640,480,rgb8
4085,images/004085.jpg,1774267647.259056807,1774267647.255830288,0.003226519,0.399959660,-0.499949575,1774267647.239061356,0.019995451,0.189156072,0.053998012,640,480,rgb8
4086,images/004086.jpg,1774267647.292428493,1774267647.275828838,0.016599655,0.405000000,-0.810000000,1774267647.279076576,0.013351917,0.061879803,0.007985367,640,480,rgb8
4087,images/004087.jpg,1774267647.325800180,1774267647.315820694,0.009979486,0.405000000,-0.810000000,1774267647.319025040,0.006775141,0.007786203,0.014926114,640,480,rgb8
4088,images/004088.jpg,1774267647.359172106,1774267647.355829477,0.003342628,0.405000000,-0.810000000,1774267647.359010935,0.000161171,-0.000686717,-0.085357424,640,480,rgb8
4089,images/004089.jpg,1774267647.392544031,1774267647.375823021,0.016721010,0.405000000,-0.310165600,1774267647.379007816,0.013536215,0.023136247,-0.218110500,640,480,rgb8
4090,images/004090.jpg,1774267647.425915718,1774267647.415812969,0.010102749,0.405000000,0.000000000,1774267647.419014454,0.006901264,0.081754026,-0.335281089,640,480,rgb8
4091,images/004091.jpg,1774267647.459287882,1774267647.455825329,0.003462553,0.405000000,0.000000000,1774267647.459007263,0.000280619,0.149975624,-0.183050024,640,480,rgb8
4092,images/004092.jpg,1774267647.492659807,1774267647.475831747,0.016828060,0.405000000,0.000000000,1774267647.479010105,0.013649702,0.147792784,-0.113901849,640,480,rgb8
4093,images/004093.jpg,1774267647.526031971,1774267647.515815735,0.010216236,0.405000000,0.000000000,1774267647.519050837,0.006981134,0.189382259,-0.034687231,640,480,rgb8
4094,images/004094.jpg,1774267647.559404135,1774267647.555833101,0.003571033,0.405000000,0.000000000,1774267647.559041262,0.000362873,0.323898805,-0.033928140,640,480,rgb8
4095,images/004095.jpg,1774267647.592776060,1774267647.575829744,0.016946316,0.405000000,0.000000000,1774267647.579080343,0.013695717,0.323939853,-0.030361961,640,480,rgb8
4096,images/004096.jpg,1774267647.626139164,1774267647.615833998,0.010305166,0.405000000,0.000000000,1774267647.619069338,0.007069826,0.394348441,0.022382025,640,480,rgb8
4097,images/004097.jpg,1774267647.659502268,1774267647.655841351,0.003660917,0.000000000,0.000000000,1774267647.659040213,0.000462055,0.348133420,0.038241205,640,480,rgb8
4098,images/004098.jpg,1774267647.726216078,1774267647.715836048,0.010380030,0.000000000,0.000000000,1774267647.719183922,0.007032156,0.374355753,-0.009919634,640,480,rgb8
4099,images/004099.jpg,1774267647.759573221,1774267647.755818605,0.003754616,0.000000000,0.000000000,1774267647.759040833,0.000532389,0.331091532,-0.006341906,640,480,rgb8
4100,images/004100.jpg,1774267647.792930126,1774267647.775820971,0.017109156,0.000000000,0.000000000,1774267647.779036999,0.013893127,0.318390069,-0.005640555,640,480,rgb8
4101,images/004101.jpg,1774267647.826287031,1774267647.815825939,0.010461092,0.000000000,0.000000000,1774267647.819068193,0.007218838,0.318210524,0.003782637,640,480,rgb8
4102,images/004102.jpg,1774267647.859643936,1774267647.855835676,0.003808260,0.000000000,0.000000000,1774267647.859047413,0.000596523,0.249595792,-0.008600883,640,480,rgb8
4103,images/004103.jpg,1774267647.893001080,1774267647.875829220,0.017171860,0.399858560,0.000000000,1774267647.879350901,0.013650179,0.160741703,-0.002120521,640,480,rgb8
4104,images/004104.jpg,1774267647.926357985,1774267647.915830612,0.010527372,0.405000000,0.000000000,1774267647.919161797,0.007196188,0.074967509,0.009817188,640,480,rgb8
4105,images/004105.jpg,1774267647.959714651,1774267647.955828905,0.003885746,0.405000000,0.000000000,1774267647.959013462,0.000701189,0.028207742,0.002988420,640,480,rgb8
4106,images/004106.jpg,1774267647.993071556,1774267647.975833416,0.017238140,0.405000000,0.000000000,1774267647.979023218,0.014048338,0.024731043,0.000343939,640,480,rgb8
4107,images/004107.jpg,1774267648.026428461,1774267648.015825748,0.010602713,0.405000000,0.000000000,1774267648.019026279,0.007402182,0.067703942,0.004058677,640,480,rgb8
4108,images/004108.jpg,1774267648.059785128,1774267648.055829525,0.003955603,0.405000000,0.000000000,1774267648.059019566,0.000765562,0.177712630,0.004477191,640,480,rgb8
4109,images/004109.jpg,1774267648.093142033,1774267648.075892210,0.017249823,0.405000000,0.000000000,1774267648.079032898,0.014109135,0.198006033,0.006556507,640,480,rgb8
4110,images/004110.jpg,1774267648.159855366,1774267648.155834675,0.004020691,0.405000000,0.000000000,1774267648.159043074,0.000812292,0.274683875,0.008214275,640,480,rgb8
4111,images/004111.jpg,1774267648.193212509,1774267648.175887585,0.017324924,0.405000000,0.000000000,1774267648.179060459,0.014152050,0.351016002,0.006442232,640,480,rgb8
4112,images/004112.jpg,1774267648.226569176,1774267648.215831995,0.010737181,0.405000000,0.000000000,1774267648.219062090,0.007507086,0.389811474,-0.003998045,640,480,rgb8
4113,images/004113.jpg,1774267648.259925842,1774267648.255835056,0.004090786,0.405000000,0.000000000,1774267648.259052038,0.000873804,0.392188254,0.020129121,640,480,rgb8
4114,images/004114.jpg,1774267648.293282509,1774267648.275840759,0.017441750,0.405000000,0.000000000,1774267648.279078722,0.014203787,0.387546409,0.030300404,640,480,rgb8
4115,images/004115.jpg,1774267648.326639175,1774267648.315841913,0.010797262,0.405000000,0.000000000,1774267648.319105387,0.007533789,0.399624789,0.002184224,640,480,rgb8
4116,images/004116.jpg,1774267648.359995842,1774267648.355834484,0.004161358,0.405000000,0.000000000,1774267648.359055996,0.000939846,0.406729315,-0.003831452,640,480,rgb8
4117,images/004117.jpg,1774267648.393352270,1774267648.375821829,0.017530441,0.405000000,0.000000000,1774267648.379024029,0.014328241,0.408026449,0.002547561,640,480,rgb8
4118,images/004118.jpg,1774267648.426708937,1774267648.415815830,0.010893106,0.405000000,0.000000000,1774267648.419051647,0.007657290,0.408794486,0.005459933,640,480,rgb8
4119,images/004119.jpg,1774267648.460065603,1774267648.455831289,0.004234314,0.405000000,0.000000000,1774267648.459033966,0.001031637,0.408959427,0.015580663,640,480,rgb8
4120,images/004120.jpg,1774267648.493422031,1774267648.475832939,0.017589092,0.405000000,0.000000000,1774267648.479054928,0.014367104,0.406263456,0.009888208,640,480,rgb8
4121,images/004121.jpg,1774267648.526778698,1774267648.515814543,0.010964155,0.405000000,0.000000000,1774267648.519003630,0.007775068,0.408661376,-0.026743875,640,480,rgb8
4122,images/004122.jpg,1774267648.560135365,1774267648.555812597,0.004322767,0.405000000,0.000000000,1774267648.559016466,0.001118898,0.407643173,-0.020418842,640,480,rgb8
4123,images/004123.jpg,1774267648.593491793,1774267648.575816154,0.017675638,0.405000000,0.000000000,1774267648.579034328,0.014457464,0.407721231,0.000234332,640,480,rgb8
4124,images/004124.jpg,1774267648.626848221,1774267648.615818977,0.011029243,0.405000000,0.000000000,1774267648.619041681,0.007806540,0.408712260,0.027290354,640,480,rgb8
4125,images/004125.jpg,1774267648.660204887,1774267648.655816555,0.004388332,0.405000000,0.000000000,1774267648.659049511,0.001155376,0.408603210,0.023945222,640,480,rgb8
4126,images/004126.jpg,1774267648.693567514,1774267648.675838470,0.017729044,0.405000000,0.000000000,1774267648.679063320,0.014504194,0.409705468,0.006262292,640,480,rgb8
4127,images/004127.jpg,1774267648.726930141,1774267648.715822935,0.011107206,0.405000000,0.000000000,1774267648.719050169,0.007879972,0.409671845,0.009952009,640,480,rgb8
4128,images/004128.jpg,1774267648.760293007,1774267648.755819321,0.004473686,0.405000000,0.000000000,1774267648.759042501,0.001250505,0.410381278,0.007733516,640,480,rgb8
4129,images/004129.jpg,1774267648.827019215,1774267648.816054106,0.010965109,0.405000000,0.000000000,1774267648.819038868,0.007980347,0.408249431,0.009527665,640,480,rgb8
4130,images/004130.jpg,1774267648.860382557,1774267648.855806112,0.004576445,0.405000000,0.000000000,1774267648.859024286,0.001358271,0.407487886,-0.002058252,640,480,rgb8
4131,images/004131.jpg,1774267648.893745899,1774267648.875823975,0.017921925,0.405000000,0.000000000,1774267648.879018784,0.014727116,0.408448336,-0.001796303,640,480,rgb8
4132,images/004132.jpg,1774267648.927109003,1774267648.915833950,0.011275053,0.405000000,0.000000000,1774267648.919075251,0.008033752,0.408068884,-0.000496193,640,480,rgb8
4133,images/004133.jpg,1774267648.960472107,1774267648.955814123,0.004657984,0.405000000,0.000000000,1774267648.959034443,0.001437664,0.407682831,0.006199653,640,480,rgb8
4134,images/004134.jpg,1774267648.993835449,1774267648.975822449,0.018013000,0.405000000,0.000000000,1774267648.979073048,0.014762402,0.408589816,0.006285116,640,480,rgb8
4135,images/004135.jpg,1774267649.027198792,1774267649.015818357,0.011380434,0.405000000,0.000000000,1774267649.019056559,0.008142233,0.408552841,0.004138708,640,480,rgb8
4136,images/004136.jpg,1774267649.060561895,1774267649.055841446,0.004720449,0.405000000,0.000000000,1774267649.059076309,0.001485586,0.409522961,0.009051265,640,480,rgb8
4137,images/004137.jpg,1774267649.093925238,1774267649.075817585,0.018107653,0.405000000,0.000000000,1774267649.079045296,0.014879942,0.406454740,0.010040094,640,480,rgb8
4138,images/004138.jpg,1774267649.127288580,1774267649.115825415,0.011463165,0.405000000,-0.810000000,1774267649.119029045,0.008259535,0.408104906,0.003397355,640,480,rgb8
4139,images/004139.jpg,1774267649.160651922,1774267649.155811548,0.004840374,0.405000000,-0.810000000,1774267649.159035921,0.001616001,0.407430981,-0.064434446,640,480,rgb8
4140,images/004140.jpg,1774267649.194015026,1774267649.175830126,0.018184900,0.405000000,-0.810000000,1774267649.179047585,0.014967442,0.408229057,-0.238800747,640,480,rgb8
4141,images/004141.jpg,1774267649.260741711,1774267649.255825996,0.004915714,0.405000000,-0.810000000,1774267649.259040833,0.001700878,0.408703970,-0.596596202,640,480,rgb8
4142,images/004142.jpg,1774267649.294105053,1774267649.275815010,0.018290043,0.405000000,-0.810000000,1774267649.279012680,0.015092373,0.409467758,-0.625618756,640,480,rgb8
4143,images/004143.jpg,1774267649.327468157,1774267649.315816164,0.011651993,0.405000000,-0.810000000,1774267649.319030523,0.008437634,0.410723731,-0.639150565,640,480,rgb8
4144,images/004144.jpg,1774267649.360831499,1774267649.355823994,0.005007505,0.405000000,0.000000000,1774267649.359034061,0.001797438,0.413252639,-0.654035170,640,480,rgb8
4145,images/004145.jpg,1774267649.394194841,1774267649.375827551,0.018367290,0.405000000,0.000000000,1774267649.379090309,0.015104532,0.414028541,-0.650963298,640,480,rgb8
4146,images/004146.jpg,1774267649.427558422,1774267649.415833473,0.011724949,0.405000000,0.000000000,1774267649.419052839,0.008505583,0.410767714,-0.506032862,640,480,rgb8
4147,images/004147.jpg,1774267649.460921526,1774267649.455829382,0.005092144,0.405000000,0.000000000,1774267649.459025621,0.001895905,0.412197635,-0.131172297,640,480,rgb8
4148,images/004148.jpg,1774267649.494284868,1774267649.475818396,0.018466473,0.405000000,0.000000000,1774267649.479035139,0.015249729,0.411169664,-0.070786271,640,480,rgb8
4149,images/004149.jpg,1774267649.527648449,1774267649.515822887,0.011825562,0.405000000,0.000000000,1774267649.519032001,0.008616447,0.344897733,-0.033903103,640,480,rgb8
4150,images/004150.jpg,1774267649.561011791,1774267649.555813551,0.005198240,0.405000000,0.000000000,1774267649.559031248,0.001980543,0.383108561,-0.056709251,640,480,rgb8
4151,images/004151.jpg,1774267649.594375134,1774267649.575827360,0.018547773,0.405000000,0.000000000,1774267649.579029083,0.015346050,0.383447065,-0.043007243,640,480,rgb8
4152,images/004152.jpg,1774267649.627738476,1774267649.615835190,0.011903286,0.000000000,0.000000000,1774267649.619047165,0.008691311,0.402206559,-0.001004635,640,480,rgb8
4153,images/004153.jpg,1774267649.661102057,1774267649.655830622,0.005271435,0.000000000,0.000000000,1774267649.659042358,0.002059698,0.397775940,0.016525084,640,480,rgb8
4154,images/004154.jpg,1774267649.694465399,1774267649.675845146,0.018620253,0.000000000,0.000000000,1774267649.679094076,0.015371323,0.393084831,0.007374835,640,480,rgb8
4155,images/004155.jpg,1774267649.727828741,1774267649.715834618,0.011994123,0.000000000,0.000000000,1774267649.719068766,0.008759975,0.343678370,0.001223198,640,480,rgb8
4156,images/004156.jpg,1774267649.761192083,1774267649.755831480,0.005360603,0.000000000,0.000000000,1774267649.759045839,0.002146244,0.343283541,0.014187178,640,480,rgb8
4157,images/004157.jpg,1774267649.794554949,1774267649.775836945,0.018718004,0.000000000,0.000000000,1774267649.779071331,0.015483618,0.261465885,0.017782996,640,480,rgb8
4158,images/004158.jpg,1774267649.827918053,1774267649.815830708,0.012087345,0.000000000,0.000000000,1774267649.818994999,0.008923054,0.165921682,-0.001910725,640,480,rgb8
4159,images/004159.jpg,1774267649.861280680,1774267649.855828762,0.005451918,0.405000000,0.000000000,1774267649.859052658,0.002228022,0.131507390,0.022281113,640,480,rgb8
4160,images/004160.jpg,1774267649.927974939,1774267649.915832996,0.012141943,0.405000000,0.000000000,1774267649.919083118,0.008891821,0.058266201,0.027766069,640,480,rgb8
4161,images/004161.jpg,1774267649.961321831,1774267649.955833673,0.005488157,0.405000000,0.000000000,1774267649.959034204,0.002287626,0.078659160,-0.004470191,640,480,rgb8
4162,images/004162.jpg,1774267649.994668722,1774267649.975820541,0.018848181,0.405000000,0.000000000,1774267649.979021072,0.015647650,0.100540731,-0.010194230,640,480,rgb8
4163,images/004163.jpg,1774267650.028015614,1774267650.015810966,0.012204647,0.405000000,0.000000000,1774267650.019042492,0.008973122,0.094889762,-0.012007593,640,480,rgb8
4164,images/004164.jpg,1774267650.061362267,1774267650.055817366,0.005544901,0.405000000,0.000000000,1774267650.059051514,0.002310753,0.171634978,-0.001401150,640,480,rgb8
4165,images/004165.jpg,1774267650.094708920,1774267650.075791359,0.018917561,0.405000000,0.000000000,1774267650.079046488,0.015662432,0.250418148,-0.000191955,640,480,rgb8
4166,images/004166.jpg,1774267650.128055573,1774267650.115828514,0.012227058,0.405000000,0.000000000,1774267650.119071245,0.008984327,0.293882784,-0.016671267,640,480,rgb8
4167,images/004167.jpg,1774267650.161401987,1774267650.155828476,0.005573511,0.405000000,0.000000000,1774267650.159037590,0.002364397,0.372418226,-0.030801560,640,480,rgb8
4168,images/004168.jpg,1774267650.194748640,1774267650.175817013,0.018931627,0.405000000,0.000000000,1774267650.179051399,0.015697241,0.373089557,-0.030801560,640,480,rgb8
4169,images/004169.jpg,1774267650.228095055,1774267650.215814114,0.012280941,0.405000000,0.000000000,1774267650.219139576,0.008955479,0.404139551,0.001818138,640,480,rgb8
4170,images/004170.jpg,1774267650.261441231,1774267650.255812168,0.005629063,0.405000000,0.000000000,1774267650.259036779,0.002404451,0.408561869,0.036980391,640,480,rgb8
4171,images/004171.jpg,1774267650.294787407,1774267650.275813818,0.018973589,0.405000000,0.000000000,1774267650.279038668,0.015748739,0.409640969,0.031249835,640,480,rgb8
4172,images/004172.jpg,1774267650.328133345,1774267650.315826893,0.012306452,0.405000000,0.000000000,1774267650.319024563,0.009108782,0.411762103,0.004874215,640,480,rgb8
4173,images/004173.jpg,1774267650.361479521,1774267650.355823517,0.005656004,0.405000000,0.000000000,1774267650.359055758,0.002423763,0.409990158,0.010671820,640,480,rgb8
4174,images/004174.jpg,1774267650.394825220,1774267650.375820637,0.019004583,0.405000000,0.000000000,1774267650.379041433,0.015783787,0.383123876,0.023963950,640,480,rgb8
4175,images/004175.jpg,1774267650.428171158,1774267650.415824175,0.012346983,0.405000000,0.000000000,1774267650.419050217,0.009120941,0.393926060,0.036661679,640,480,rgb8
4176,images/004176.jpg,1774267650.461516857,1774267650.455834627,0.005682230,0.405000000,0.000000000,1774267650.459062338,0.002454519,0.400855358,0.008044803,640,480,rgb8
4177,images/004177.jpg,1774267650.494862556,1774267650.475824118,0.019038439,0.405000000,0.000000000,1774267650.479071617,0.015790939,0.401715828,0.001833208,640,480,rgb8
4178,images/004178.jpg,1774267650.528208256,1774267650.515832186,0.012376070,0.405000000,0.000000000,1774267650.519094467,0.009113789,0.406997723,-0.009845998,640,480,rgb8
4179,images/004179.jpg,1774267650.561553717,1774267650.555840969,0.005712748,0.405000000,0.000000000,1774267650.559076071,0.002477646,0.407374964,-0.014562960,640,480,rgb8
4180,images/004180.jpg,1774267650.594899178,1774267650.575790644,0.019108534,0.405000000,0.000000000,1774267650.579040766,0.015858412,0.408259089,-0.012741824,640,480,rgb8
4181,images/004181.jpg,1774267650.628244400,1774267650.615827322,0.012417078,0.405000000,0.000000000,1774267650.619058847,0.009185553,0.448840957,-0.010219545,640,480,rgb8
4182,images/004182.jpg,1774267650.661589861,1774267650.655824184,0.005765676,0.405000000,0.000000000,1774267650.659036875,0.002552986,0.359035998,0.000836810,640,480,rgb8
4183,images/004183.jpg,1774267650.694934845,1774267650.675828218,0.019106627,0.405000000,0.000000000,1774267650.679058313,0.015876532,0.359252835,0.003837746,640,480,rgb8
4184,images/004184.jpg,1774267650.728280067,1774267650.715822220,0.012457848,0.405000000,0.000000000,1774267650.719037533,0.009242535,0.387596812,0.007027823,640,480,rgb8
4185,images/004185.jpg,1774267650.761625051,1774267650.755834579,0.005790472,0.405000000,0.000000000,1774267650.759009838,0.002615213,0.401707838,0.003026058,640,480,rgb8
4186,images/004186.jpg,1774267650.794970036,1774267650.775834799,0.019135237,0.405000000,0.000000000,1774267650.779035568,0.015934467,0.402424576,0.001890214,640,480,rgb8
4187,images/004187.jpg,1774267650.828315020,1774267650.815832615,0.012482405,0.405000000,0.000000000,1774267650.819019794,0.009295225,0.406984330,0.001225534,640,480,rgb8
4188,images/004188.jpg,1774267650.861660004,1774267650.855819464,0.005840540,0.405000000,0.000000000,1774267650.859035492,0.002624512,0.450895489,0.000670118,640,480,rgb8
4189,images/004189.jpg,1774267650.895021439,1774267650.875837088,0.019184351,0.405000000,0.000000000,1774267650.879060030,0.015961409,0.428926327,0.000411961,640,480,rgb8
4190,images/004190.jpg,1774267650.928383112,1774267650.915817499,0.012565613,0.405000000,0.000000000,1774267650.919033766,0.009349346,0.416384684,0.003214546,640,480,rgb8
4191,images/004191.jpg,1774267650.961744785,1774267650.955838680,0.005906105,0.405000000,0.000000000,1774267650.959065199,0.002679586,0.418009532,0.002624440,640,480,rgb8
4192,images/004192.jpg,1774267651.028446674,1774267651.015828848,0.012617826,0.405000000,0.000000000,1774267651.019107580,0.009339094,0.408390691,0.018037119,640,480,rgb8
4193,images/004193.jpg,1774267651.061797857,1774267651.055835009,0.005962849,0.405000000,0.000000000,1774267651.059020519,0.002777338,0.407873577,0.014115668,640,480,rgb8
4194,images/004194.jpg,1774267651.095148563,1774267651.075816154,0.019332409,0.405000000,0.000000000,1774267651.079030991,0.016117573,0.408518859,0.010842577,640,480,rgb8
4195,images/004195.jpg,1774267651.128499508,1774267651.115844488,0.012655020,0.405000000,0.000000000,1774267651.119049072,0.009450436,0.408272214,0.009609709,640,480,rgb8
4196,images/004196.jpg,1774267651.161850452,1774267651.155835867,0.006014585,0.405000000,0.000000000,1774267651.159017324,0.002833128,0.404814986,0.001245382,640,480,rgb8
4197,images/004197.jpg,1774267651.195201159,1774267651.175820351,0.019380808,0.405000000,0.000000000,1774267651.179057837,0.016143322,0.404081506,-0.003939322,640,480,rgb8
4198,images/004198.jpg,1774267651.228551865,1774267651.215835810,0.012716055,0.405000000,0.000000000,1774267651.219038725,0.009513140,0.405186172,-0.001762001,640,480,rgb8
4199,images/004199.jpg,1774267651.261902332,1774267651.255829334,0.006072998,0.405000000,0.000000000,1774267651.259056330,0.002846003,0.406223084,0.005706844,640,480,rgb8
4200,images/004200.jpg,1774267651.295253038,1774267651.275825977,0.019427061,0.405000000,0.000000000,1774267651.279050589,0.016202450,0.406048505,0.005178736,640,480,rgb8
4201,images/004201.jpg,1774267651.328603506,1774267651.315824747,0.012778759,0.405000000,0.000000000,1774267651.319223166,0.009380341,0.405327295,0.000436152,640,480,rgb8
4202,images/004202.jpg,1774267651.361953974,1774267651.355819941,0.006134033,0.405000000,0.000000000,1774267651.359017611,0.002936363,0.405540583,-0.007010829,640,480,rgb8
4203,images/004203.jpg,1774267651.428654432,1774267651.415820122,0.012834311,0.405000000,0.000000000,1774267651.419023514,0.009630919,0.407307540,0.005186363,640,480,rgb8
4204,images/004204.jpg,1774267651.462004900,1774267651.455821991,0.006182909,0.405000000,0.000000000,1774267651.459008217,0.002996683,0.405107997,0.003079877,640,480,rgb8
4205,images/004205.jpg,1774267651.495355129,1774267651.475829601,0.019525528,0.405000000,0.000000000,1774267651.479033947,0.016321182,0.404733969,0.002932053,640,480,rgb8
4206,images/004206.jpg,1774267651.528705359,1774267651.515812874,0.012892485,0.405000000,0.000000000,1774267651.519022703,0.009682655,0.405661652,0.004916347,640,480,rgb8
4207,images/004207.jpg,1774267651.562055349,1774267651.555825710,0.006229639,0.405000000,0.000000000,1774267651.559008360,0.003046989,0.406555052,0.006303456,640,480,rgb8
4208,images/004208.jpg,1774267651.595405579,1774267651.575834990,0.019570589,0.405000000,0.000000000,1774267651.579046965,0.016358614,0.406418919,0.008209296,640,480,rgb8
4209,images/004209.jpg,1774267651.628755331,1774267651.615911007,0.012844324,0.405000000,0.000000000,1774267651.619222164,0.009533167,0.405368305,0.004429931,640,480,rgb8
4210,images/004210.jpg,1774267651.662105560,1774267651.655835867,0.006269693,0.405000000,0.000000000,1774267651.659034729,0.003070831,0.404732950,-0.012864900,640,480,rgb8
4211,images/004211.jpg,1774267651.695455313,1774267651.675820112,0.019635201,0.405000000,0.000000000,1774267651.679033279,0.016422033,0.405146931,-0.014651479,640,480,rgb8
4212,images/004212.jpg,1774267651.728804827,1774267651.715834141,0.012970686,0.405000000,0.000000000,1774267651.719026327,0.009778500,0.406456457,-0.009304567,640,480,rgb8
4213,images/004213.jpg,1774267651.762154818,1774267651.755814791,0.006340027,0.405000000,0.000000000,1774267651.759017706,0.003137112,0.406677107,-0.006685493,640,480,rgb8
4214,images/004214.jpg,1774267651.795504332,1774267651.775809765,0.019694567,0.405000000,0.000000000,1774267651.779017210,0.016487122,0.406503342,-0.010693283,640,480,rgb8
4215,images/004215.jpg,1774267651.828854084,1774267651.815809011,0.013045073,0.405000000,0.000000000,1774267651.819009542,0.009844542,0.407313088,-0.002930638,640,480,rgb8
4216,images/004216.jpg,1774267651.862203598,1774267651.855809927,0.006393671,0.405000000,0.000000000,1774267651.859040976,0.003162622,0.364983629,0.009952233,640,480,rgb8
4217,images/004217.jpg,1774267651.895553112,1774267651.875767708,0.019785404,0.405000000,0.000000000,1774267651.879049063,0.016504049,0.400063591,0.015353628,640,480,rgb8
4218,images/004218.jpg,1774267651.928902626,1774267651.915786266,0.013116360,0.405000000,0.000000000,1774267651.919042110,0.009860516,0.402513397,0.010286231,640,480,rgb8
4219,images/004219.jpg,1774267651.962252378,1774267651.955828428,0.006423950,0.405000000,0.000000000,1774267651.959071159,0.003181219,0.403735918,0.005709853,640,480,rgb8
4220,images/004220.jpg,1774267651.995613098,1774267651.975834370,0.019778728,0.405000000,0.000000000,1774267651.979088783,0.016524315,0.404082443,0.005709853,640,480,rgb8
4221,images/004221.jpg,1774267652.028973579,1774267652.015816927,0.013156652,0.405000000,0.000000000,1774267652.019046783,0.009926796,0.405781820,-0.003109023,640,480,rgb8
4222,images/004222.jpg,1774267652.062334538,1774267652.055816174,0.006518364,0.405000000,0.000000000,1774267652.059002638,0.003331900,0.471088598,-0.004388884,640,480,rgb8
4223,images/004223.jpg,1774267652.129026175,1774267652.115823030,0.013203144,0.405000000,0.000000000,1774267652.119030714,0.009995461,0.482254602,0.002945001,640,480,rgb8
4224,images/004224.jpg,1774267652.162371874,1774267652.155821800,0.006550074,0.405000000,0.000000000,1774267652.159030676,0.003341198,0.484744169,0.006584283,640,480,rgb8
4225,images/004225.jpg,1774267652.195717335,1774267652.175814867,0.019902468,0.405000000,0.000000000,1774267652.179070473,0.016646862,0.414498848,0.001114075,640,480,rgb8
4226,images/004226.jpg,1774267652.229062796,1774267652.215819120,0.013243675,0.405000000,0.000000000,1774267652.219036818,0.010025978,0.409885797,-0.000773767,640,480,rgb8
4227,images/004227.jpg,1774267652.262408257,1774267652.255823374,0.006584883,0.405000000,0.000000000,1774267652.259021044,0.003387213,0.406878346,0.000584821,640,480,rgb8
4228,images/004228.jpg,1774267652.295753479,1774267652.275827408,0.019926071,0.405000000,0.000000000,1774267652.279076815,0.016676664,0.407146138,0.004542353,640,480,rgb8
4229,images/004229.jpg,1774267652.329098701,1774267652.315829754,0.013268948,0.405000000,0.000000000,1774267652.319103718,0.009994984,0.407557595,0.002702473,640,480,rgb8
4230,images/004230.jpg,1774267652.362443924,1774267652.355846882,0.006597042,0.405000000,0.000000000,1774267652.359033346,0.003410578,0.341855327,0.006803695,640,480,rgb8
4231,images/004231.jpg,1774267652.395788908,1774267652.375835419,0.019953489,0.405000000,0.000000000,1774267652.379078150,0.016710758,0.381563219,0.004886550,640,480,rgb8
4232,images/004232.jpg,1774267652.429133654,1774267652.415815592,0.013318062,0.405000000,0.000000000,1774267652.419044256,0.010089397,0.381481294,0.003293440,640,480,rgb8
4233,images/004233.jpg,1774267652.462478399,1774267652.455814838,0.006663561,0.405000000,0.000000000,1774267652.459038496,0.003439903,0.397924354,0.003178947,640,480,rgb8
4234,images/004234.jpg,1774267652.495823145,1774267652.495815039,0.000008106,0.405000000,0.000000000,1774267652.479040623,0.016782522,0.404474259,0.000190689,640,480,rgb8
4235,images/004235.jpg,1774267652.529167652,1774267652.515815258,0.013352394,0.405000000,0.000000000,1774267652.519075155,0.010092497,0.405070437,0.007972837,640,480,rgb8
4236,images/004236.jpg,1774267652.562512159,1774267652.555806160,0.006705999,0.405000000,0.000000000,1774267652.559009314,0.003502846,0.405273310,0.012443488,640,480,rgb8
4237,images/004237.jpg,1774267652.595856667,1774267652.595815420,0.000041246,0.405000000,0.000000000,1774267652.579033613,0.016823053,0.405506152,0.012443488,640,480,rgb8
4238,images/004238.jpg,1774267652.629200935,1774267652.615808249,0.013392687,0.405000000,0.000000000,1774267652.619052172,0.010148764,0.406547927,0.008995573,640,480,rgb8
4239,images/004239.jpg,1774267652.662545204,1774267652.655810833,0.006734371,0.405000000,0.000000000,1774267652.659070015,0.003475189,0.404821175,0.011427035,640,480,rgb8
4240,images/004240.jpg,1774267652.695889473,1774267652.695833683,0.000055790,0.405000000,0.000000000,1774267652.679067135,0.016822338,0.405033965,0.013160072,640,480,rgb8
4241,images/004241.jpg,1774267652.729233503,1774267652.715821266,0.013412237,0.405000000,0.000000000,1774267652.719033480,0.010200024,0.403480046,0.014388951,640,480,rgb8
4242,images/004242.jpg,1774267652.762577295,1774267652.755809307,0.006767988,0.405000000,0.000000000,1774267652.759022236,0.003555059,0.403857834,0.010793295,640,480,rgb8
4243,images/004243.jpg,1774267652.795921087,1774267652.795812130,0.000108957,0.405000000,0.000000000,1774267652.779032230,0.016888857,0.404907592,0.012758331,640,480,rgb8
4244,images/004244.jpg,1774267652.829264879,1774267652.815819979,0.013444901,0.405000000,0.000000000,1774267652.819017649,0.010247231,0.404385450,0.011007239,640,480,rgb8
4245,images/004245.jpg,1774267652.862608433,1774267652.855823278,0.006785154,0.405000000,0.000000000,1774267652.859016418,0.003592014,0.404761909,0.005641016,640,480,rgb8
4246,images/004246.jpg,1774267652.895952225,1774267652.895825624,0.000126600,0.405000000,0.000000000,1774267652.879015446,0.016936779,0.406100745,0.007145984,640,480,rgb8
4247,images/004247.jpg,1774267652.929295301,1774267652.915856838,0.013438463,0.405000000,0.000000000,1774267652.919018984,0.010276318,0.408196796,0.005093938,640,480,rgb8
4248,images/004248.jpg,1774267652.962638855,1774267652.955815077,0.006823778,0.405000000,0.000000000,1774267652.959068775,0.003570080,0.407661319,0.005220237,640,480,rgb8
4249,images/004249.jpg,1774267652.995982170,1774267652.995812416,0.000169754,0.405000000,0.000000000,1774267652.979073286,0.016908884,0.406640112,0.003699319,640,480,rgb8
4250,images/004250.jpg,1774267653.029325247,1774267653.015824080,0.013501167,0.405000000,0.000000000,1774267653.019077539,0.010247707,0.407031253,0.001867493,640,480,rgb8
4251,images/004251.jpg,1774267653.062668800,1774267653.055816650,0.006852150,0.405000000,0.000000000,1774267653.059060335,0.003608465,0.406625971,0.003933930,640,480,rgb8
4252,images/004252.jpg,1774267653.096028090,1774267653.095824242,0.000203848,0.405000000,0.000000000,1774267653.079100132,0.016927958,0.405992655,-0.000388420,640,480,rgb8
4253,images/004253.jpg,1774267653.129387140,1774267653.115835905,0.013551235,0.405000000,0.000000000,1774267653.119067669,0.010319471,0.404677552,-0.001786740,640,480,rgb8
4254,images/004254.jpg,1774267653.162746668,1774267653.155827522,0.006919146,0.405000000,0.000000000,1774267653.159070492,0.003676176,0.404017659,0.002211292,640,480,rgb8
4255,images/004255.jpg,1774267653.229451656,1774267653.215828180,0.013623476,0.405000000,0.000000000,1774267653.219048262,0.010403395,0.384237649,-0.005305291,640,480,rgb8
4256,images/004256.jpg,1774267653.262804508,1774267653.255816221,0.006988287,0.405000000,0.000000000,1774267653.259034872,0.003769636,0.394690717,-0.005269983,640,480,rgb8
4257,images/004257.jpg,1774267653.296156883,1774267653.295810938,0.000345945,0.405000000,0.000000000,1774267653.279024839,0.017132044,0.401435703,-0.006490688,640,480,rgb8
4258,images/004258.jpg,1774267653.329509497,1774267653.315813780,0.013695717,0.405000000,0.000000000,1774267653.319095373,0.010414124,0.401668437,-0.003725500,640,480,rgb8
4259,images/004259.jpg,1774267653.362861872,1774267653.355822563,0.007039309,0.405000000,0.000000000,1774267653.359010458,0.003851414,0.404569171,0.004681908,640,480,rgb8
4260,images/004260.jpg,1774267653.396214247,1774267653.395822048,0.000392199,0.405000000,0.000000000,1774267653.379076004,0.017138243,0.406612453,0.007126277,640,480,rgb8
4261,images/004261.jpg,1774267653.429566860,1774267653.415842056,0.013724804,0.405000000,0.000000000,1774267653.419107199,0.010459661,0.405235202,0.003961804,640,480,rgb8
4262,images/004262.jpg,1774267653.462919235,1774267653.455826759,0.007092476,0.405000000,0.000000000,1774267653.459032536,0.003886700,0.404559724,0.008320895,640,480,rgb8
4263,images/004263.jpg,1774267653.496271610,1774267653.495825529,0.000446081,0.405000000,0.000000000,1774267653.479050636,0.017220974,0.404698300,0.009717889,640,480,rgb8
4264,images/004264.jpg,1774267653.529623985,1774267653.515824556,0.013799429,0.405000000,0.000000000,1774267653.519041777,0.010582209,0.363825402,0.012601512,640,480,rgb8
4265,images/004265.jpg,1774267653.629680872,1774267653.615811110,0.013869762,0.405000000,0.000000000,1774267653.619126081,0.010554790,0.352095442,-0.004774169,640,480,rgb8
4266,images/004266.jpg,1774267653.663033247,1774267653.655813217,0.007220030,0.405000000,0.000000000,1774267653.659023046,0.004010201,0.384664207,0.001175109,640,480,rgb8
4267,images/004267.jpg,1774267653.696385384,1774267653.695822716,0.000562668,0.405000000,0.000000000,1774267653.679118395,0.017266989,0.398771416,0.004638469,640,480,rgb8
4268,images/004268.jpg,1774267653.729737520,1774267653.715813398,0.013924122,0.405000000,0.000000000,1774267653.719042301,0.010695219,0.402743771,0.005595034,640,480,rgb8
4269,images/004269.jpg,1774267653.763089895,1774267653.755809546,0.007280350,0.405000000,0.000000000,1774267653.759025335,0.004064560,0.404328428,0.000931341,640,480,rgb8
4270,images/004270.jpg,1774267653.796441793,1774267653.795830011,0.000611782,0.405000000,0.000000000,1774267653.779446840,0.016994953,0.404479848,0.005231017,640,480,rgb8
4271,images/004271.jpg,1774267653.829793930,1774267653.815821409,0.013972521,0.405000000,0.000000000,1774267653.819036245,0.010757685,0.407326388,0.003147757,640,480,rgb8
4272,images/004272.jpg,1774267653.863146067,1774267653.855812311,0.007333755,0.405000000,0.000000000,1774267653.859006405,0.004139662,0.406180348,0.008732529,640,480,rgb8
4273,images/004273.jpg,1774267653.896497965,1774267653.895819664,0.000678301,0.405000000,0.000000000,1774267653.879009247,0.017488718,0.354505963,0.008658443,640,480,rgb8
4274,images/004274.jpg,1774267653.929850101,1774267653.915823936,0.014026165,0.405000000,0.000000000,1774267653.919013977,0.010836124,0.353548360,0.001797055,640,480,rgb8
4275,images/004275.jpg,1774267653.963202238,1774267653.955827475,0.007374763,0.405000000,0.000000000,1774267653.959011078,0.004191160,0.385313834,0.006267224,640,480,rgb8
4276,images/004276.jpg,1774267653.996554136,1774267653.995819330,0.000734806,0.405000000,0.000000000,1774267653.979021788,0.017532349,0.398975315,0.008819013,640,480,rgb8
4277,images/004277.jpg,1774267654.029906034,1774267654.015834332,0.014071703,0.405000000,0.000000000,1774267654.019011021,0.010895014,0.402837457,0.009120246,640,480,rgb8
4278,images/004278.jpg,1774267654.063258171,1774267654.055823326,0.007434845,0.405000000,0.000000000,1774267654.059050560,0.004207611,0.403093106,0.008819236,640,480,rgb8
4279,images/004279.jpg,1774267654.096609831,1774267654.095827103,0.000782728,0.405000000,0.000000000,1774267654.079046965,0.017562866,0.404603252,0.013494029,640,480,rgb8
4280,images/004280.jpg,1774267654.129961729,1774267654.115832090,0.014129639,0.405000000,0.000000000,1774267654.119036913,0.010924816,0.406964749,0.017922192,640,480,rgb8
4281,images/004281.jpg,1774267654.163313627,1774267654.155815601,0.007498026,0.405000000,0.000000000,1774267654.159054995,0.004258633,0.406577803,0.015348447,640,480,rgb8
4282,images/004282.jpg,1774267654.196672678,1774267654.195832491,0.000840187,0.405000000,0.000000000,1774267654.179087162,0.017585516,0.406738884,0.015348447,640,480,rgb8
4283,images/004283.jpg,1774267654.230031490,1774267654.215825319,0.014206171,0.405000000,0.000000000,1774267654.219073534,0.010957956,0.406369806,0.007220956,640,480,rgb8
4284,images/004284.jpg,1774267654.263390064,1774267654.255824327,0.007565737,0.405000000,0.000000000,1774267654.259016514,0.004373550,0.405871033,0.004916210,640,480,rgb8
4285,images/004285.jpg,1774267654.330086946,1774267654.315819025,0.014267921,0.405000000,0.000000000,1774267654.319052458,0.011034489,0.406043156,0.006436781,640,480,rgb8
4286,images/004286.jpg,1774267654.363435030,1774267654.355812311,0.007622719,0.405000000,0.000000000,1774267654.359035969,0.004399061,0.406321842,0.005989401,640,480,rgb8
4287,images/004287.jpg,1774267654.396783113,1774267654.395933390,0.000849724,0.405000000,0.000000000,1774267654.379033089,0.017750025,0.407256793,-0.001447963,640,480,rgb8
4288,images/004288.jpg,1774267654.430131435,1774267654.415826797,0.014304638,0.405000000,0.000000000,1774267654.419043541,0.011087894,0.408902497,0.002424092,640,480,rgb8
4289,images/004289.jpg,1774267654.463479519,1774267654.455822945,0.007656574,0.405000000,0.000000000,1774267654.459100008,0.004379511,0.357963255,0.005875446,640,480,rgb8
4290,images/004290.jpg,1774267654.496827364,1774267654.495817184,0.001010180,0.405000000,0.000000000,1774267654.479080439,0.017746925,0.357501957,0.007547988,640,480,rgb8
4291,images/004291.jpg,1774267654.530175209,1774267654.515827656,0.014347553,0.405000000,0.000000000,1774267654.519059896,0.011115313,0.389467313,0.006625349,640,480,rgb8
4292,images/004292.jpg,1774267654.563523293,1774267654.555826187,0.007697105,0.405000000,0.000000000,1774267654.559056282,0.004467010,0.402413394,0.006817811,640,480,rgb8
4293,images/004293.jpg,1774267654.596870899,1774267654.595835686,0.001035213,0.405000000,0.000000000,1774267654.579007149,0.017863750,0.405769083,0.007432028,640,480,rgb8
4294,images/004294.jpg,1774267654.630218506,1774267654.615819216,0.014399290,0.405000000,0.000000000,1774267654.619034529,0.011183977,0.406033660,0.002323544,640,480,rgb8
4295,images/004295.jpg,1774267654.730261326,1774267654.715816975,0.014444351,0.405000000,0.000000000,1774267654.719202518,0.011058807,0.415369212,-0.004786654,640,480,rgb8
4296,images/004296.jpg,1774267654.763608694,1774267654.755814075,0.007794619,0.405000000,0.000000000,1774267654.759039164,0.004569530,0.345820162,-0.014155184,640,480,rgb8
4297,images/004297.jpg,1774267654.796956062,1774267654.795775652,0.001180410,0.405000000,0.000000000,1774267654.779057026,0.017899036,0.345190961,-0.012522709,640,480,rgb8
4298,images/004298.jpg,1774267654.830303431,1774267654.815812349,0.014491081,0.405000000,0.000000000,1774267654.819045544,0.011257887,0.384545145,-0.003080435,640,480,rgb8
4299,images/004299.jpg,1774267654.863650560,1774267654.855810642,0.007839918,0.405000000,0.000000000,1774267654.858993292,0.004657269,0.398577181,-0.001614938,640,480,rgb8
4300,images/004300.jpg,1774267654.896997690,1774267654.895832539,0.001165152,0.405000000,0.000000000,1774267654.879064322,0.017933369,0.403445555,0.002300358,640,480,rgb8
4301,images/004301.jpg,1774267654.930344820,1774267654.915833473,0.014511347,0.405000000,0.000000000,1774267654.919050217,0.011294603,0.403625043,0.005969301,640,480,rgb8
4302,images/004302.jpg,1774267654.963691950,1774267654.955813169,0.007878780,0.405000000,0.000000000,1774267654.959041119,0.004650831,0.406500553,0.010885527,640,480,rgb8
4303,images/004303.jpg,1774267654.997038841,1774267654.995807886,0.001230955,0.405000000,0.000000000,1774267654.979028463,0.018010378,0.426739645,0.010835816,640,480,rgb8
4304,images/004304.jpg,1774267655.030385733,1774267655.015877485,0.014508247,0.405000000,0.000000000,1774267655.019038439,0.011347294,0.416723279,0.011198691,640,480,rgb8
4305,images/004305.jpg,1774267655.063732624,1774267655.055815697,0.007916927,0.405000000,0.000000000,1774267655.059047461,0.004685163,0.409973847,0.010358517,640,480,rgb8
4306,images/004306.jpg,1774267655.097079277,1774267655.095814943,0.001264334,0.405000000,0.000000000,1774267655.079041004,0.018038273,0.410117952,0.009073750,640,480,rgb8
4307,images/004307.jpg,1774267655.130425930,1774267655.115819216,0.014606714,0.405000000,0.000000000,1774267655.119050264,0.011375666,0.409029648,0.002256285,640,480,rgb8
4308,images/004308.jpg,1774267655.163772821,1774267655.155830860,0.007941961,0.405000000,0.000000000,1774267655.159064054,0.004708767,0.407624143,-0.000895253,640,480,rgb8
4309,images/004309.jpg,1774267655.197119236,1774267655.195831776,0.001287460,0.405000000,0.000000000,1774267655.179053783,0.018065453,0.406875876,0.004062929,640,480,rgb8
4310,images/004310.jpg,1774267655.230465651,1774267655.215819597,0.014646053,0.405000000,0.000000000,1774267655.219055176,0.011410475,0.407070320,0.002938320,640,480,rgb8
4311,images/004311.jpg,1774267655.263812542,1774267655.255818844,0.007993698,0.405000000,0.000000000,1774267655.259069443,0.004743099,0.407975357,0.000941905,640,480,rgb8
4312,images/004312.jpg,1774267655.297170162,1774267655.295818806,0.001351357,0.405000000,0.000000000,1774267655.279054642,0.018115520,0.406799528,0.000216203,640,480,rgb8
4313,images/004313.jpg,1774267655.330528021,1774267655.315826893,0.014701128,0.405000000,0.000000000,1774267655.319056273,0.011471748,0.406812811,0.001154767,640,480,rgb8
4314,images/004314.jpg,1774267655.363885880,1774267655.355821609,0.008064270,0.405000000,0.000000000,1774267655.359702826,0.004183054,0.406765178,-0.000541620,640,480,rgb8
4315,images/004315.jpg,1774267655.430587053,1774267655.415830374,0.014756680,0.405000000,0.000000000,1774267655.419125795,0.011461258,0.407958093,0.001999502,640,480,rgb8
4316,images/004316.jpg,1774267655.463937521,1774267655.455819130,0.008118391,0.405000000,0.000000000,1774267655.459025621,0.004911900,0.406928935,0.004064904,640,480,rgb8
4317,images/004317.jpg,1774267655.497287989,1774267655.495816946,0.001471043,0.405000000,0.000000000,1774267655.479014874,0.018273115,0.406621608,0.008877414,640,480,rgb8
4318,images/004318.jpg,1774267655.530638456,1774267655.515827656,0.014810801,0.405000000,0.000000000,1774267655.519036055,0.011602402,0.408043740,0.009515486,640,480,rgb8
4319,images/004319.jpg,1774267655.563988686,1774267655.555881977,0.008106709,0.405000000,0.000000000,1774267655.559039354,0.004949331,0.408228848,0.012966879,640,480,rgb8
4320,images/004320.jpg,1774267655.597339153,1774267655.595821857,0.001517296,0.405000000,0.000000000,1774267655.579057217,0.018281937,0.406922919,0.014607331,640,480,rgb8
4321,images/004321.jpg,1774267655.630689383,1774267655.615846872,0.014842510,0.405000000,0.000000000,1774267655.619349241,0.011340141,0.406706655,0.019308808,640,480,rgb8
4322,images/004322.jpg,1774267655.664039612,1774267655.655841112,0.008198500,0.405000000,0.000000000,1774267655.659039736,0.004999876,0.406515648,0.015686107,640,480,rgb8
4323,images/004323.jpg,1774267655.697389841,1774267655.695827007,0.001562834,0.405000000,0.000000000,1774267655.679107189,0.018282652,0.406582701,0.020314762,640,480,rgb8
4324,images/004324.jpg,1774267655.730740070,1774267655.715816498,0.014923573,0.405000000,0.000000000,1774267655.719001293,0.011738777,0.412021832,0.011106528,640,480,rgb8
4325,images/004325.jpg,1774267655.830790043,1774267655.815815449,0.014974594,0.405000000,0.000000000,1774267655.819034100,0.011755943,0.414458863,-0.001203545,640,480,rgb8
4326,images/004326.jpg,1774267655.864140034,1774267655.855808973,0.008331060,0.405000000,0.000000000,1774267655.859054327,0.005085707,0.414763592,-0.000429000,640,480,rgb8
4327,images/004327.jpg,1774267655.897490025,1774267655.895809412,0.001680613,0.405000000,0.000000000,1774267655.879029751,0.018460274,0.409542278,0.002340232,640,480,rgb8
4328,images/004328.jpg,1774267655.930840015,1774267655.915809393,0.015030622,0.405000000,0.000000000,1774267655.919026613,0.011813402,0.407703007,0.001757914,640,480,rgb8
4329,images/004329.jpg,1774267655.964190006,1774267655.955814362,0.008375645,0.405000000,0.000000000,1774267655.959048033,0.005141973,0.407867285,0.002769303,640,480,rgb8
4330,images/004330.jpg,1774267655.997539520,1774267655.995840788,0.001698732,0.405000000,0.000000000,1774267655.979138374,0.018401146,0.407930289,0.002510093,640,480,rgb8
4331,images/004331.jpg,1774267656.030889511,1774267656.015832901,0.015056610,0.405000000,0.000000000,1774267656.019009113,0.011880398,0.384237784,0.005992438,640,480,rgb8
4332,images/004332.jpg,1774267656.064239264,1774267656.055820465,0.008418798,0.405000000,0.000000000,1774267656.059019804,0.005219460,0.394577812,0.004307936,640,480,rgb8
4333,images/004333.jpg,1774267656.097588778,1774267656.095824718,0.001764059,0.405000000,0.000000000,1774267656.079001665,0.018587112,0.394487377,0.004307936,640,480,rgb8
4334,images/004334.jpg,1774267656.130938530,1774267656.115813732,0.015124798,0.405000000,0.000000000,1774267656.119012594,0.011925936,0.400893815,0.004871425,640,480,rgb8
4335,images/004335.jpg,1774267656.164288044,1774267656.155822992,0.008465052,0.405000000,0.000000000,1774267656.159008741,0.005279303,0.404333030,0.002540114,640,480,rgb8
4336,images/004336.jpg,1774267656.197637796,1774267656.195823908,0.001813889,0.405000000,0.000000000,1774267656.179013014,0.018624783,0.404813006,0.002494426,640,480,rgb8
4337,images/004337.jpg,1774267656.230987072,1774267656.215826750,0.015160322,0.405000000,0.000000000,1774267656.219009399,0.011977673,0.404884893,0.001980420,640,480,rgb8
4338,images/004338.jpg,1774267656.264336586,1774267656.255833387,0.008503199,0.405000000,0.000000000,1774267656.259038210,0.005298376,0.406152891,-0.009570600,640,480,rgb8
4339,images/004339.jpg,1774267656.297686100,1774267656.295833588,0.001852512,0.405000000,0.000000000,1774267656.279045105,0.018640995,0.408991579,-0.013703506,640,480,rgb8
4340,images/004340.jpg,1774267656.331035376,1774267656.315837622,0.015197754,0.405000000,0.000000000,1774267656.319062710,0.011972666,0.358599211,-0.012811802,640,480,rgb8
4341,images/004341.jpg,1774267656.364385128,1774267656.355861664,0.008523464,0.405000000,0.000000000,1774267656.359074831,0.005310297,0.388499747,-0.008438474,640,480,rgb8
4342,images/004342.jpg,1774267656.397742271,1774267656.395837307,0.001904964,0.405000000,0.000000000,1774267656.379068136,0.018674135,0.388342025,-0.004328388,640,480,rgb8
4343,images/004343.jpg,1774267656.431099415,1774267656.415836811,0.015262604,0.405000000,0.000000000,1774267656.419059038,0.012040377,0.400722738,-0.003381562,640,480,rgb8
4344,images/004344.jpg,1774267656.464456558,1774267656.455824852,0.008631706,0.405000000,0.000000000,1774267656.459048986,0.005407572,0.405061696,0.008035141,640,480,rgb8
4345,images/004345.jpg,1774267656.531171083,1774267656.515824795,0.015346289,0.405000000,0.000000000,1774267656.519037962,0.012133121,0.405681980,0.004902055,640,480,rgb8
4346,images/004346.jpg,1774267656.564873934,1774267656.555813789,0.009060144,0.405000000,0.000000000,1774267656.558999062,0.005874872,0.405909830,0.004801996,640,480,rgb8
4347,images/004347.jpg,1774267656.598578930,1774267656.595815897,0.002763033,0.405000000,0.000000000,1774267656.579036951,0.019541979,0.407468442,0.003727799,640,480,rgb8
4348,images/004348.jpg,1774267656.632285833,1774267656.615827084,0.016458750,0.405000000,0.000000000,1774267656.619049549,0.013236284,0.407973689,0.004750522,640,480,rgb8
4349,images/004349.jpg,1774267656.665994883,1774267656.655823231,0.010171652,0.405000000,0.000000000,1774267656.659042120,0.006952763,0.406753978,-0.001661302,640,480,rgb8
4350,images/004350.jpg,1774267656.699705839,1774267656.695827723,0.003878117,0.405000000,0.000000000,1774267656.699041605,0.000664234,0.406183718,0.001305756,640,480,rgb8
4351,images/004351.jpg,1774267656.733418703,1774267656.715834379,0.017584324,0.405000000,0.000000000,1774267656.719032764,0.014385939,0.406235635,0.001305756,640,480,rgb8
4352,images/004352.jpg,1774267656.767133474,1774267656.755828857,0.011304617,0.405000000,0.000000000,1774267656.759117603,0.008015871,0.407212452,-0.002875259,640,480,rgb8
4353,images/004353.jpg,1774267656.800850391,1774267656.795830250,0.005020142,0.405000000,0.000000000,1774267656.798992634,0.001857758,0.406477274,0.001242018,640,480,rgb8
4354,images/004354.jpg,1774267656.834569454,1774267656.815833569,0.018735886,0.405000000,0.000000000,1774267656.819055557,0.015513897,0.406728745,0.001249548,640,480,rgb8
4355,images/004355.jpg,1774267656.868289948,1774267656.855821848,0.012468100,0.405000000,0.000000000,1774267656.859057665,0.009232283,0.406837807,0.002783916,640,480,rgb8
4356,images/004356.jpg,1774267656.902012825,1774267656.895820379,0.006192446,0.405000000,0.000000000,1774267656.899093151,0.002919674,0.408366181,0.003285088,640,480,rgb8
4357,images/004357.jpg,1774267656.935737848,1774267656.915818930,0.019918919,0.405000000,0.000000000,1774267656.919026613,0.016711235,0.408437671,0.003285088,640,480,rgb8
4358,images/004358.jpg,1774267656.969464540,1774267656.955803633,0.013660908,0.405000000,0.000000000,1774267656.959037304,0.010427237,0.407430024,0.001328972,640,480,rgb8
4359,images/004359.jpg,1774267657.003193378,1774267656.995819569,0.007373810,0.405000000,0.000000000,1774267656.999059439,0.004133940,0.407180932,0.009848249,640,480,rgb8
4360,images/004360.jpg,1774267657.036924124,1774267657.035836220,0.001087904,0.405000000,0.000000000,1774267657.019057035,0.017867088,0.407234192,0.010621457,640,480,rgb8
4361,images/004361.jpg,1774267657.070657015,1774267657.055830717,0.014826298,0.405000000,0.000000000,1774267657.059045315,0.011611700,0.408251090,-0.001290806,640,480,rgb8
4362,images/004362.jpg,1774267657.104391575,1774267657.095788240,0.008603334,0.405000000,0.000000000,1774267657.099036217,0.005355358,0.407212683,0.015454979,640,480,rgb8
4363,images/004363.jpg,1774267657.138128519,1774267657.135791540,0.002336979,0.405000000,0.000000000,1774267657.119019747,0.019108772,0.407262782,0.016382881,640,480,rgb8
4364,images/004364.jpg,1774267657.171867132,1774267657.155812502,0.016054630,0.405000000,0.000000000,1774267657.159007549,0.012859583,0.406882601,0.016475854,640,480,rgb8
4365,images/004365.jpg,1774267657.205607891,1774267657.195811510,0.009796381,0.405000000,0.000000000,1774267657.199007750,0.006600142,0.406971322,0.015043810,640,480,rgb8
4366,images/004366.jpg,1774267657.239350557,1774267657.235809326,0.003541231,0.405000000,0.000000000,1774267657.239018679,0.000331879,0.407054639,0.012521223,640,480,rgb8
4367,images/004367.jpg,1774267657.273095131,1774267657.255815029,0.017280102,0.405000000,0.000000000,1774267657.259059906,0.014035225,0.405075743,0.009139038,640,480,rgb8
4368,images/004368.jpg,1774267657.306842089,1774267657.295817614,0.011024475,0.405000000,0.000000000,1774267657.299018621,0.007823467,0.403646633,0.004398727,640,480,rgb8
4369,images/004369.jpg,1774267657.340590477,1774267657.335824728,0.004765749,0.405000000,0.000000000,1774267657.339090586,0.001499891,0.404802985,0.006586065,640,480,rgb8
4370,images/004370.jpg,1774267657.374341249,1774267657.355818748,0.018522501,0.405000000,0.000000000,1774267657.359040022,0.015301228,0.404818683,0.010937564,640,480,rgb8
4371,images/004371.jpg,1774267657.408093929,1774267657.395817518,0.012276411,0.405000000,0.000000000,1774267657.399051428,0.009042501,0.404760383,0.010020894,640,480,rgb8
4372,images/004372.jpg,1774267657.441848516,1774267657.435832262,0.006016254,0.405000000,0.000000000,1774267657.439062119,0.002786398,0.405300711,0.004710271,640,480,rgb8
4373,images/004373.jpg,1774267657.475605249,1774267657.455834627,0.019770622,0.405000000,0.000000000,1774267657.459057331,0.016547918,0.406928321,0.004784029,640,480,rgb8
4374,images/004374.jpg,1774267657.509363651,1774267657.495839119,0.013524532,0.405000000,0.000000000,1774267657.499057055,0.010306597,0.407009946,0.005010440,640,480,rgb8
4375,images/004375.jpg,1774267657.543115377,1774267657.535831451,0.007283926,0.405000000,0.000000000,1774267657.539067030,0.004048347,0.408086912,0.004090327,640,480,rgb8
4376,images/004376.jpg,1774267657.576502323,1774267657.575896502,0.000605822,0.405000000,0.000000000,1774267657.559066534,0.017435789,0.406870765,0.004417487,640,480,rgb8
4377,images/004377.jpg,1774267657.609889507,1774267657.595827579,0.014061928,0.405000000,0.000000000,1774267657.599062443,0.010827065,0.405997174,0.012803805,640,480,rgb8
4378,images/004378.jpg,1774267657.676509142,1774267657.675825357,0.000683784,0.405000000,0.000000000,1774267657.659036160,0.017472982,0.407330700,0.009883776,640,480,rgb8
4379,images/004379.jpg,1774267657.709818363,1774267657.695814371,0.014003992,0.405000000,0.000000000,1774267657.699040174,0.010778189,0.384070652,0.003806973,640,480,rgb8
4380,images/004380.jpg,1774267657.743127108,1774267657.735821247,0.007305861,0.405000000,0.000000000,1774267657.739075184,0.004051924,0.394513750,0.003788117,640,480,rgb8
4381,images/004381.jpg,1774267657.776435614,1774267657.775827885,0.000607729,0.000000000,0.810000000,1774267657.759063721,0.017371893,0.394407630,0.000679689,640,480,rgb8
4382,images/004382.jpg,1774267657.809743643,1774267657.795826674,0.013916969,0.000000000,0.810000000,1774267657.799048185,0.010695457,0.466688929,-0.011590917,640,480,rgb8
4383,images/004383.jpg,1774267657.843051434,1774267657.835828066,0.007223368,0.000000000,0.810000000,1774267657.839072704,0.003978729,0.430641092,0.006976313,640,480,rgb8
4384,images/004384.jpg,1774267657.876358986,1774267657.875841856,0.000517130,0.000000000,0.810000000,1774267657.859068632,0.017290354,0.404019531,0.044494820,640,480,rgb8
4385,images/004385.jpg,1774267657.909665823,1774267657.895816088,0.013849735,0.000000000,0.810000000,1774267657.899157286,0.010508537,0.350211565,0.190411028,640,480,rgb8
4386,images/004386.jpg,1774267657.942972422,1774267657.935817719,0.007154703,0.000000000,0.810000000,1774267657.939029932,0.003942490,0.348877130,0.333444286,640,480,rgb8
4387,images/004387.jpg,1774267658.009584427,1774267657.995809317,0.013775110,0.000000000,0.810000000,1774267657.999086618,0.010497808,0.161270718,0.504298972,640,480,rgb8
4388,images/004388.jpg,1774267658.042889833,1774267658.035818100,0.007071733,0.000000000,0.000000000,1774267658.039031029,0.003858805,0.088330623,0.563990457,640,480,rgb8
4389,images/004389.jpg,1774267658.076195002,1774267658.075807810,0.000387192,0.000000000,0.000000000,1774267658.059027672,0.017167330,0.084620032,0.576325805,640,480,rgb8
4390,images/004390.jpg,1774267658.109499693,1774267658.095806837,0.013692856,0.000000000,0.000000000,1774267658.099048615,0.010451078,0.055829150,0.412501576,640,480,rgb8
4391,images/004391.jpg,1774267658.142804146,1774267658.135816574,0.006987572,0.000000000,0.000000000,1774267658.139098883,0.003705263,0.013974792,0.172972597,640,480,rgb8
4392,images/004392.jpg,1774267658.176108122,1774267658.175820112,0.000288010,0.000000000,0.000000000,1774267658.159051657,0.017056465,0.009606662,0.117458423,640,480,rgb8
4393,images/004393.jpg,1774267658.209411621,1774267658.195828915,0.013582706,0.000000000,0.000000000,1774267658.199069500,0.010342121,0.002384154,0.089108565,640,480,rgb8
4394,images/004394.jpg,1774267658.242714882,1774267658.235820055,0.006894827,0.000000000,0.000000000,1774267658.239048004,0.003666878,-0.006328751,0.045770006,640,480,rgb8
4395,images/004395.jpg,1774267658.276017904,1774267658.275820017,0.000197887,0.000000000,0.810000000,1774267658.259056807,0.016961098,-0.003438991,0.012688662,640,480,rgb8
4396,images/004396.jpg,1774267658.309319973,1774267658.295814037,0.013505936,0.000000000,0.810000000,1774267658.299038887,0.010281086,-0.003580791,0.029483238,640,480,rgb8
4397,images/004397.jpg,1774267658.342622280,1774267658.335808039,0.006814241,0.000000000,0.810000000,1774267658.339077711,0.003544569,-0.000756673,0.244827073,640,480,rgb8
4398,images/004398.jpg,1774267658.375924110,1774267658.375810623,0.000113487,0.000000000,0.810000000,1774267658.359040976,0.016883135,-0.004781238,0.348525619,640,480,rgb8
4399,images/004399.jpg,1774267658.409225225,1774267658.395811796,0.013413429,0.000000000,0.810000000,1774267658.399050951,0.010174274,-0.002247782,0.471321758,640,480,rgb8
4400,images/004400.jpg,1774267658.442526340,1774267658.435781479,0.006744862,0.405000000,0.000000000,1774267658.439042330,0.003484011,0.004827817,0.578103025,640,480,rgb8
4401,images/004401.jpg,1774267658.475826979,1774267658.475820065,0.000006914,0.405000000,0.000000000,1774267658.459037304,0.016789675,0.004867816,0.601620337,640,480,rgb8
4402,images/004402.jpg,1774267658.509127140,1774267658.495831728,0.013295412,0.405000000,0.000000000,1774267658.499055624,0.010071516,0.012294975,0.620268160,640,480,rgb8
4403,images/004403.jpg,1774267658.542427063,1774267658.535809755,0.006617308,0.405000000,0.000000000,1774267658.539047241,0.003379822,0.005308576,0.548748920,640,480,rgb8
4404,images/004404.jpg,1774267658.575726271,1774267658.555832863,0.019893408,0.405000000,0.000000000,1774267658.559059620,0.016666651,0.063172566,0.487628911,640,480,rgb8
4405,images/004405.jpg,1774267658.609027386,1774267658.595835447,0.013191938,0.405000000,0.000000000,1774267658.599060297,0.009967089,0.150814614,0.353287400,640,480,rgb8
4406,images/004406.jpg,1774267658.642408848,1774267658.635814905,0.006593943,0.405000000,0.000000000,1774267658.639053583,0.003355265,0.214537777,0.167124549,640,480,rgb8
4407,images/004407.jpg,1774267658.675790310,1774267658.655837059,0.019953251,0.004579540,0.000000000,1774267658.659043550,0.016746759,0.213745858,0.108210675,640,480,rgb8
4408,images/004408.jpg,1774267658.709171534,1774267658.695837259,0.013334274,0.000000000,0.000000000,1774267658.699076414,0.010095119,0.266986529,0.047568673,640,480,rgb8
4409,images/004409.jpg,1774267658.809089899,1774267658.795819998,0.013269901,0.000000000,0.000000000,1774267658.799026966,0.010062933,0.315035680,0.047322001,640,480,rgb8
4410,images/004410.jpg,1774267658.842395067,1774267658.835832357,0.006562710,0.000000000,0.000000000,1774267658.839064121,0.003330946,0.315865831,0.045268232,640,480,rgb8
4411,images/004411.jpg,1774267658.875699997,1774267658.855831146,0.019868851,0.000000000,0.000000000,1774267658.859038830,0.016661167,0.216683848,0.028603308,640,480,rgb8
4412,images/004412.jpg,1774267658.909004688,1774267658.895812273,0.013192415,0.000000000,0.000000000,1774267658.899045467,0.009959221,0.152823898,0.021002829,640,480,rgb8
4413,images/004413.jpg,1774267658.942308664,1774267658.935836792,0.006471872,0.405000000,0.000000000,1774267658.939042807,0.003265858,0.067985210,0.044642558,640,480,rgb8
4414,images/004414.jpg,1774267658.975612640,1774267658.955834150,0.019778490,0.405000000,0.000000000,1774267658.959062576,0.016550064,0.065428411,0.029628025,640,480,rgb8
4415,images/004415.jpg,1774267659.008915901,1774267658.995835066,0.013080835,0.405000000,0.000000000,1774267658.999080896,0.009835005,0.032131756,-0.010659046,640,480,rgb8
4416,images/004416.jpg,1774267659.042218924,1774267659.035837889,0.006381035,0.405000000,0.000000000,1774267659.039067984,0.003150940,0.022030650,-0.013726356,640,480,rgb8
4417,images/004417.jpg,1774267659.108824015,1774267659.095824242,0.012999773,0.405000000,0.000000000,1774267659.099040031,0.009783983,0.070557439,-0.001621232,640,480,rgb8
4418,images/004418.jpg,1774267659.142126083,1774267659.135828018,0.006298065,0.405000000,0.000000000,1774267659.139056921,0.003069162,0.240582322,0.000966921,640,480,rgb8
4419,images/004419.jpg,1774267659.175427437,1774267659.155815840,0.019611597,0.405000000,0.000000000,1774267659.159032106,0.016395330,0.240439626,-0.008509875,640,480,rgb8
4420,images/004420.jpg,1774267659.208728790,1774267659.195823908,0.012904882,0.405000000,0.000000000,1774267659.199021816,0.009706974,0.320170614,-0.008410733,640,480,rgb8
4421,images/004421.jpg,1774267659.242029428,1774267659.235829592,0.006199837,0.405000000,0.000000000,1774267659.239031076,0.002998352,0.311466596,0.009984595,640,480,rgb8
4422,images/004422.jpg,1774267659.275329828,1774267659.255829334,0.019500494,0.405000000,0.000000000,1774267659.259056330,0.016273499,0.312174873,0.008922111,640,480,rgb8
4423,images/004423.jpg,1774267659.308629990,1774267659.295822382,0.012807608,0.405000000,0.000000000,1774267659.299083233,0.009546757,0.374076192,0.016603002,640,480,rgb8
4424,images/004424.jpg,1774267659.341929674,1774267659.335828543,0.006101131,0.405000000,0.000000000,1774267659.339061260,0.002868414,0.401077432,0.014323101,640,480,rgb8
4425,images/004425.jpg,1774267659.375229120,1774267659.355794191,0.019434929,0.405000000,0.000000000,1774267659.359045744,0.016183376,0.406584499,0.004279842,640,480,rgb8
4426,images/004426.jpg,1774267659.408527851,1774267659.395815611,0.012712240,0.405000000,0.000000000,1774267659.399051905,0.009475946,0.410128191,0.000238410,640,480,rgb8
4427,images/004427.jpg,1774267659.441826344,1774267659.435836077,0.005990267,0.405000000,0.000000000,1774267659.439049244,0.002777100,0.406779841,-0.002154897,640,480,rgb8
4428,images/004428.jpg,1774267659.475124836,1774267659.455823660,0.019301176,0.405000000,0.000000000,1774267659.459036112,0.016088724,0.408466808,-0.005725793,640,480,rgb8
4429,images/004429.jpg,1774267659.508422375,1774267659.495826483,0.012595892,0.405000000,0.000000000,1774267659.499056101,0.009366274,0.407683953,-0.004606359,640,480,rgb8
4430,images/004430.jpg,1774267659.541719913,1774267659.535822392,0.005897522,0.405000000,0.000000000,1774267659.539040565,0.002679348,0.343081334,0.009428687,640,480,rgb8
4431,images/004431.jpg,1774267659.575016737,1774267659.555816412,0.019200325,0.405000000,0.000000000,1774267659.559035301,0.015981436,0.343892600,0.015498288,640,480,rgb8
4432,images/004432.jpg,1774267659.608313799,1774267659.595828772,0.012485027,0.405000000,0.000000000,1774267659.599032402,0.009281397,0.385038237,0.015835490,640,480,rgb8
4433,images/004433.jpg,1774267659.641609907,1774267659.635830164,0.005779743,0.405000000,0.000000000,1774267659.639052153,0.002557755,0.402325587,0.009728189,640,480,rgb8
4434,images/004434.jpg,1774267659.674906015,1774267659.655823231,0.019082785,0.405000000,0.000000000,1774267659.659040451,0.015865564,0.406137472,0.007967121,640,480,rgb8
4435,images/004435.jpg,1774267659.708203316,1774267659.695834637,0.012368679,0.405000000,0.000000000,1774267659.699060917,0.009142399,0.409122566,0.003008853,640,480,rgb8
4436,images/004436.jpg,1774267659.741579056,1774267659.735835314,0.005743742,0.405000000,0.000000000,1774267659.739051342,0.002527714,0.409221435,0.000891901,640,480,rgb8
4437,images/004437.jpg,1774267659.774954796,1774267659.755840302,0.019114494,0.405000000,0.000000000,1774267659.759031057,0.015923738,0.408193734,0.015347038,640,480,rgb8
4438,images/004438.jpg,1774267659.808330536,1774267659.795838118,0.012492418,0.405000000,0.000000000,1774267659.799058199,0.009272337,0.359229373,0.060844479,640,480,rgb8
4439,images/004439.jpg,1774267659.841706276,1774267659.835835695,0.005870581,0.405000000,0.000000000,1774267659.839063168,0.002643108,0.389684831,0.049269181,640,480,rgb8
4440,images/004440.jpg,1774267659.908312559,1774267659.896220207,0.012092352,0.405000000,0.000000000,1774267659.899414301,0.008898258,0.404884647,0.015131011,640,480,rgb8
4441,images/004441.jpg,1774267659.941614628,1774267659.935831070,0.005783558,0.405000000,0.000000000,1774267659.939040899,0.002573729,0.411429535,0.007808855,640,480,rgb8
4442,images/004442.jpg,1774267659.974916697,1774267659.955826998,0.019089699,0.405000000,0.000000000,1774267659.959055662,0.015861034,0.410477871,0.007797201,640,480,rgb8
4443,images/004443.jpg,1774267660.008218288,1774267659.995836020,0.012382269,0.405000000,0.000000000,1774267659.999063492,0.009154797,0.440453028,0.006238499,640,480,rgb8
4444,images/004444.jpg,1774267660.041519403,1774267660.035835743,0.005683661,0.405000000,0.000000000,1774267660.039072990,0.002446413,0.443720925,0.001262812,640,480,rgb8
4445,images/004445.jpg,1774267660.074820042,1774267660.055826664,0.018993378,0.405000000,0.000000000,1774267660.059063435,0.015756607,0.413122199,-0.001137415,640,480,rgb8
4446,images/004446.jpg,1774267660.108120441,1774267660.095839024,0.012281418,0.405000000,0.000000000,1774267660.099039078,0.009081364,0.411472875,-0.004013345,640,480,rgb8
4447,images/004447.jpg,1774267660.141420126,1774267660.135823965,0.005596161,0.405000000,0.000000000,1774267660.139011860,0.002408266,0.409594148,-0.010477544,640,480,rgb8
4448,images/004448.jpg,1774267660.241317034,1774267660.235823393,0.005493641,0.405000000,0.000000000,1774267660.239013195,0.002303839,0.410133184,0.005741815,640,480,rgb8
4449,images/004449.jpg,1774267660.274615288,1774267660.255815744,0.018799543,0.405000000,0.000000000,1774267660.259034157,0.015581131,0.411210860,0.006201848,640,480,rgb8
4450,images/004450.jpg,1774267660.307913065,1774267660.295807600,0.012105465,0.405000000,0.000000000,1774267660.299030304,0.008882761,0.409118075,0.000830360,640,480,rgb8
4451,images/004451.jpg,1774267660.341210127,1774267660.335826635,0.005383492,0.405000000,0.000000000,1774267660.339049578,0.002160549,0.407285282,-0.002576822,640,480,rgb8
4452,images/004452.jpg,1774267660.374507189,1774267660.355813742,0.018693447,0.405000000,0.000000000,1774267660.359062672,0.015444517,0.408265039,0.002081159,640,480,rgb8
4453,images/004453.jpg,1774267660.407803774,1774267660.395811319,0.011992455,0.405000000,0.000000000,1774267660.399049282,0.008754492,0.409720532,0.006787297,640,480,rgb8
4454,images/004454.jpg,1774267660.441099644,1774267660.435830832,0.005268812,0.405000000,0.000000000,1774267660.439075232,0.002024412,0.408615192,0.006146888,640,480,rgb8
4455,images/004455.jpg,1774267660.474395275,1774267660.455806971,0.018588305,0.405000000,0.000000000,1774267660.459046602,0.015348673,0.409549800,0.004468078,640,480,rgb8
4456,images/004456.jpg,1774267660.507690430,1774267660.495796919,0.011893511,0.405000000,0.000000000,1774267660.499036789,0.008653641,0.384819701,0.000981110,640,480,rgb8
4457,images/004457.jpg,1774267660.540985346,1774267660.535818577,0.005166769,0.405000000,0.000000000,1774267660.539077520,0.001907825,0.386053747,0.005335933,640,480,rgb8
4458,images/004458.jpg,1774267660.574279547,1774267660.555821180,0.018458366,0.405000000,0.000000000,1774267660.559053898,0.015225649,0.399650145,0.006904564,640,480,rgb8
4459,images/004459.jpg,1774267660.607573509,1774267660.595820904,0.011752605,0.405000000,0.000000000,1774267660.599052906,0.008520603,0.469120389,0.004387026,640,480,rgb8
4460,images/004460.jpg,1774267660.640866995,1774267660.635822773,0.005044222,0.405000000,0.000000000,1774267660.639040232,0.001826763,0.428895325,0.010933468,640,480,rgb8
4461,images/004461.jpg,1774267660.674160242,1774267660.655819893,0.018340349,0.405000000,0.000000000,1774267660.659029484,0.015130758,0.429964399,0.011616423,640,480,rgb8
4462,images/004462.jpg,1774267660.707452774,1774267660.695829153,0.011623621,0.405000000,0.000000000,1774267660.699041843,0.008410931,0.411333523,0.012431943,640,480,rgb8
4463,images/004463.jpg,1774267660.740745068,1774267660.735827446,0.004917622,0.405000000,0.000000000,1774267660.739024639,0.001720428,0.409679964,0.015917898,640,480,rgb8
4464,images/004464.jpg,1774267660.774036884,1774267660.755792379,0.018244505,0.405000000,0.000000000,1774267660.759037733,0.014999151,0.410457148,0.009391508,640,480,rgb8
4465,images/004465.jpg,1774267660.807328463,1774267660.795819759,0.011508703,0.405000000,0.000000000,1774267660.799033165,0.008295298,0.409055727,0.005090882,640,480,rgb8
4466,images/004466.jpg,1774267660.840620995,1774267660.835834503,0.004786491,0.405000000,0.000000000,1774267660.839038849,0.001582146,0.409664935,0.004153880,640,480,rgb8
4467,images/004467.jpg,1774267660.873990536,1774267660.855836868,0.018153667,0.405000000,0.000000000,1774267660.859022141,0.014968395,0.407857516,0.003510251,640,480,rgb8
4468,images/004468.jpg,1774267660.907360077,1774267660.895820856,0.011539221,0.405000000,0.000000000,1774267660.899061203,0.008298874,0.407421328,0.003530103,640,480,rgb8
4469,images/004469.jpg,1774267660.940729380,1774267660.935801744,0.004927635,0.405000000,0.000000000,1774267660.939028978,0.001700401,0.407415972,0.006367812,640,480,rgb8
4470,images/004470.jpg,1774267661.040674448,1774267661.035826206,0.004848242,0.405000000,0.000000000,1774267661.039032698,0.001641750,0.407266186,0.011599509,640,480,rgb8
4471,images/004471.jpg,1774267661.073988676,1774267661.055817604,0.018171072,0.405000000,0.000000000,1774267661.059041500,0.014947176,0.406300486,0.013139974,640,480,rgb8
4472,images/004472.jpg,1774267661.107302904,1774267661.095836878,0.011466026,0.405000000,0.000000000,1774267661.099065781,0.008237123,0.407500528,0.015030635,640,480,rgb8
4473,images/004473.jpg,1774267661.140616655,1774267661.135831833,0.004784822,0.405000000,0.000000000,1774267661.139052629,0.001564026,0.408730193,0.012942812,640,480,rgb8
4474,images/004474.jpg,1774267661.173930168,1774267661.155812263,0.018117905,0.405000000,0.000000000,1774267661.159032822,0.014897346,0.407555080,0.006046480,640,480,rgb8
4475,images/004475.jpg,1774267661.207243204,1774267661.195835590,0.011407614,0.405000000,0.000000000,1774267661.199062347,0.008180857,0.406999493,0.004065746,640,480,rgb8
4476,images/004476.jpg,1774267661.240556240,1774267661.235832214,0.004724026,0.405000000,0.000000000,1774267661.239109755,0.001446486,0.408116081,-0.000881929,640,480,rgb8
4477,images/004477.jpg,1774267661.273868561,1774267661.255826950,0.018041611,0.405000000,0.000000000,1774267661.259076357,0.014792204,0.409052589,0.006184881,640,480,rgb8
4478,images/004478.jpg,1774267661.340492725,1774267661.335804224,0.004688501,0.405000000,0.000000000,1774267661.339044571,0.001448154,0.408369982,0.045354323,640,480,rgb8
4479,images/004479.jpg,1774267661.373804092,1774267661.355818272,0.017985821,0.405000000,0.000000000,1774267661.358980894,0.014823198,0.407757709,0.033388334,640,480,rgb8
4480,images/004480.jpg,1774267661.407115459,1774267661.395819902,0.011295557,0.405000000,0.000000000,1774267661.399013519,0.008101940,0.408784477,0.023754341,640,480,rgb8
4481,images/004481.jpg,1774267661.440426350,1774267661.435813665,0.004612684,0.405000000,0.000000000,1774267661.439066887,0.001359463,0.408343912,0.019753672,640,480,rgb8
4482,images/004482.jpg,1774267661.473737001,1774267661.455815315,0.017921686,0.405000000,0.000000000,1774267661.459028006,0.014708996,0.406405495,0.014572972,640,480,rgb8
4483,images/004483.jpg,1774267661.507047176,1774267661.495791197,0.011255980,0.405000000,0.000000000,1774267661.499061346,0.007985830,0.406484510,0.007135601,640,480,rgb8
4484,images/004484.jpg,1774267661.540357113,1774267661.535824537,0.004532576,0.405000000,0.000000000,1774267661.539058924,0.001298189,0.406625024,0.006158224,640,480,rgb8
4485,images/004485.jpg,1774267661.573666811,1774267661.555821896,0.017844915,0.405000000,0.000000000,1774267661.559062481,0.014604330,0.407070728,0.006815844,640,480,rgb8
4486,images/004486.jpg,1774267661.606976032,1774267661.595816135,0.011159897,0.405000000,0.000000000,1774267661.599038601,0.007937431,0.408418682,0.002040258,640,480,rgb8
4487,images/004487.jpg,1774267661.640285254,1774267661.635810614,0.004474640,0.405000000,0.000000000,1774267661.639042616,0.001242638,0.407417889,-0.000678525,640,480,rgb8
4488,images/004488.jpg,1774267661.673593998,1774267661.655813694,0.017780304,0.405000000,0.000000000,1774267661.659045219,0.014548779,0.407846050,-0.000994640,640,480,rgb8
4489,images/004489.jpg,1774267661.706902266,1774267661.695808411,0.011093855,0.405000000,0.000000000,1774267661.699042559,0.007859707,0.406637519,0.004096890,640,480,rgb8
4490,images/004490.jpg,1774267661.740210533,1774267661.735816479,0.004394054,0.405000000,0.000000000,1774267661.739037037,0.001173496,0.407443934,0.009234936,640,480,rgb8
4491,images/004491.jpg,1774267661.773518085,1774267661.755820990,0.017697096,0.405000000,0.000000000,1774267661.759009123,0.014508963,0.406165920,0.010718502,640,480,rgb8
4492,images/004492.jpg,1774267661.806825638,1774267661.795822620,0.011003017,0.405000000,0.000000000,1774267661.799051046,0.007774591,0.405800029,-0.003792654,640,480,rgb8
4493,images/004493.jpg,1774267661.840132713,1774267661.835838318,0.004294395,0.405000000,0.000000000,1774267661.839047909,0.001084805,0.405571494,-0.000090970,640,480,rgb8
4494,images/004494.jpg,1774267661.873439550,1774267661.855839968,0.017599583,0.405000000,0.000000000,1774267661.859054804,0.014384747,0.405928841,0.002136632,640,480,rgb8
4495,images/004495.jpg,1774267661.906746149,1774267661.895825624,0.010920525,0.405000000,0.000000000,1774267661.899047852,0.007698298,0.407173967,0.003928852,640,480,rgb8
4496,images/004496.jpg,1774267661.940053701,1774267661.935831785,0.004221916,0.405000000,0.000000000,1774267661.939041376,0.001012325,0.360043259,0.006079281,640,480,rgb8
4497,images/004497.jpg,1774267661.973418236,1774267661.955835342,0.017582893,0.405000000,0.000000000,1774267661.959042072,0.014376163,0.382396223,0.005161167,640,480,rgb8
4498,images/004498.jpg,1774267662.006783009,1774267661.995815754,0.010967255,0.405000000,0.000000000,1774267661.999090195,0.007692814,0.382501509,0.001301297,640,480,rgb8
4499,images/004499.jpg,1774267662.040147781,1774267662.035823584,0.004324198,0.405000000,0.000000000,1774267662.039068460,0.001079321,0.398780573,0.009761778,640,480,rgb8
4500,images/004500.jpg,1774267662.173469305,1774267662.155820370,0.017648935,0.405000000,0.810000000,1774267662.159079075,0.014390230,0.403859631,0.085497093,640,480,rgb8
4501,images/004501.jpg,1774267662.206799269,1774267662.195816994,0.010982275,0.405000000,0.810000000,1774267662.199023247,0.007776022,0.408331221,0.279498742,640,480,rgb8
4502,images/004502.jpg,1774267662.240129232,1774267662.235829353,0.004299879,0.405000000,0.810000000,1774267662.239047766,0.001081467,0.409029424,0.520656845,640,480,rgb8
4503,images/004503.jpg,1774267662.273458719,1774267662.255833149,0.017625570,0.405000000,0.810000000,1774267662.259055853,0.014402866,0.409926854,0.558826407,640,480,rgb8
4504,images/004504.jpg,1774267662.306788445,1774267662.295812607,0.010975838,0.405000000,0.810000000,1774267662.299044609,0.007743835,0.410661469,0.657648483,640,480,rgb8
4505,images/004505.jpg,1774267662.340117931,1774267662.335818291,0.004299641,0.405000000,0.810000000,1774267662.339052439,0.001065493,0.413671041,0.680542246,640,480,rgb8
4506,images/004506.jpg,1774267662.373447180,1774267662.355830431,0.017616749,0.004797160,0.309746450,1774267662.359056473,0.014390707,0.414370955,0.693510921,640,480,rgb8
4507,images/004507.jpg,1774267662.440105200,1774267662.435836315,0.004268885,0.000000000,0.000000000,1774267662.439051151,0.001054049,0.409289689,0.704818438,640,480,rgb8
4508,images/004508.jpg,1774267662.473433971,1774267662.455820799,0.017613173,0.000000000,0.000000000,1774267662.459060192,0.014373779,0.409607086,0.682155344,640,480,rgb8
4509,images/004509.jpg,1774267662.506762981,1774267662.495831251,0.010931730,0.000000000,0.000000000,1774267662.499019146,0.007743835,0.321178079,0.476258641,640,480,rgb8
4510,images/004510.jpg,1774267662.540091276,1774267662.535818577,0.004272699,0.000000000,0.000000000,1774267662.539063692,0.001027584,0.292630822,0.278657411,640,480,rgb8
4511,images/004511.jpg,1774267662.573419571,1774267662.555830479,0.017589092,0.000000000,0.000000000,1774267662.559056997,0.014362574,0.277663185,0.279899299,640,480,rgb8
4512,images/004512.jpg,1774267662.606748104,1774267662.595838070,0.010910034,0.400190680,0.500238350,1774267662.599063396,0.007684708,0.275117172,0.108934866,640,480,rgb8
4513,images/004513.jpg,1774267662.640076160,1774267662.635820150,0.004256010,0.405000000,0.810000000,1774267662.639079571,0.000996590,0.133584887,0.066390760,640,480,rgb8
4514,images/004514.jpg,1774267662.673403978,1774267662.655834198,0.017569780,0.405000000,0.810000000,1774267662.659071445,0.014332533,0.063226065,0.076469721,640,480,rgb8
4515,images/004515.jpg,1774267662.706732035,1774267662.695825577,0.010906458,0.405000000,0.810000000,1774267662.699059725,0.007672310,0.044373141,0.073930630,640,480,rgb8
4516,images/004516.jpg,1774267662.740059614,1774267662.735820532,0.004239082,0.405000000,0.810000000,1774267662.739044666,0.001014948,0.061783645,0.197627514,640,480,rgb8
4517,images/004517.jpg,1774267662.773387194,1774267662.755829096,0.017558098,0.405000000,0.810000000,1774267662.759042025,0.014345169,0.058190061,0.234167334,640,480,rgb8
4518,images/004518.jpg,1774267662.806714535,1774267662.795831919,0.010882616,0.405000000,0.810000000,1774267662.799048662,0.007665873,0.122780389,0.347417496,640,480,rgb8
4519,images/004519.jpg,1774267662.840041637,1774267662.835827827,0.004213810,0.405000000,0.810000000,1774267662.839051008,0.000990629,0.210324532,0.476104065,640,480,rgb8
4520,images/004520.jpg,1774267662.873368979,1774267662.855824947,0.017544031,0.405000000,0.810000000,1774267662.859040260,0.014328718,0.245011122,0.570708001,640,480,rgb8
4521,images/004521.jpg,1774267662.906695843,1774267662.895838499,0.010857344,0.405000000,0.810000000,1774267662.899045944,0.007649899,0.242668124,0.652113698,640,480,rgb8
4522,images/004522.jpg,1774267662.940022707,1774267662.935826540,0.004196167,0.405000000,0.810000000,1774267662.939063311,0.000959396,0.352966362,0.688045159,640,480,rgb8
4523,images/004523.jpg,1774267662.973349333,1774267662.955837965,0.017511368,0.405000000,0.810000000,1774267662.959068775,0.014280558,0.399613976,0.690862945,640,480,rgb8
4524,images/004524.jpg,1774267663.006675720,1774267662.995811462,0.010864258,0.405000000,0.810000000,1774267662.999070883,0.007604837,0.405558341,0.693660642,640,480,rgb8
4525,images/004525.jpg,1774267663.040003061,1774267663.035826445,0.004176617,0.405000000,0.810000000,1774267663.039015532,0.000987530,0.411142425,0.703701103,640,480,rgb8
4526,images/004526.jpg,1774267663.073365688,1774267663.055838108,0.017527580,0.405000000,0.810000000,1774267663.059057713,0.014307976,0.411988209,0.703701103,640,480,rgb8
4527,images/004527.jpg,1774267663.106728077,1774267663.095819712,0.010908365,0.405000000,0.000000000,1774267663.099056005,0.007672071,0.416113816,0.705057108,640,480,rgb8
4528,images/004528.jpg,1774267663.140090466,1774267663.135818481,0.004271984,0.405000000,0.000000000,1774267663.139039040,0.001051426,0.415932209,0.634494342,640,480,rgb8
4529,images/004529.jpg,1774267663.173453093,1774267663.155840158,0.017612934,0.405000000,0.000000000,1774267663.159049273,0.014403820,0.414993500,0.444145529,640,480,rgb8
4530,images/004530.jpg,1774267663.240171671,1774267663.235817194,0.004354477,0.405000000,0.000000000,1774267663.239089489,0.001082182,0.414158058,0.077245531,640,480,rgb8
4531,images/004531.jpg,1774267663.273530960,1774267663.255829811,0.017701149,0.405000000,0.000000000,1774267663.259507895,0.014023066,0.409858838,0.074118783,640,480,rgb8
4532,images/004532.jpg,1774267663.306890249,1774267663.295826197,0.011064053,0.405000000,0.000000000,1774267663.299010038,0.007880211,0.409502664,0.077494471,640,480,rgb8
4533,images/004533.jpg,1774267663.340249538,1774267663.335827351,0.004422188,0.005136360,0.000000000,1774267663.339035749,0.001213789,0.406681120,0.053377413,640,480,rgb8
4534,images/004534.jpg,1774267663.373608828,1774267663.355813026,0.017795801,0.000000000,0.000000000,1774267663.359043598,0.014565229,0.407324933,0.035761313,640,480,rgb8
4535,images/004535.jpg,1774267663.406968117,1774267663.395828724,0.011139393,0.000000000,0.000000000,1774267663.399055958,0.007912159,0.408970414,0.002045909,640,480,rgb8
4536,images/004536.jpg,1774267663.440327406,1774267663.435815334,0.004512072,0.000000000,0.000000000,1774267663.439045906,0.001281500,0.388037415,0.046601067,640,480,rgb8
4537,images/004537.jpg,1774267663.473686457,1774267663.455846786,0.017839670,0.000000000,0.000000000,1774267663.459060192,0.014626265,0.317987082,0.051723783,640,480,rgb8
4538,images/004538.jpg,1774267663.540405035,1774267663.535811663,0.004593372,0.000000000,0.000000000,1774267663.539105177,0.001299858,0.206594768,0.015014475,640,480,rgb8
4539,images/004539.jpg,1774267663.573764086,1774267663.555878162,0.017885923,0.000000000,0.000000000,1774267663.559041023,0.014723063,0.204793519,0.004324609,640,480,rgb8
4540,images/004540.jpg,1774267663.607123613,1774267663.595813751,0.011309862,0.405000000,0.000000000,1774267663.599014521,0.008109093,0.130107279,0.013478711,640,480,rgb8
4541,images/004541.jpg,1774267663.640482664,1774267663.635818243,0.004664421,0.405000000,0.000000000,1774267663.639034033,0.001448631,0.041668707,0.012203020,640,480,rgb8
4542,images/004542.jpg,1774267663.673841953,1774267663.655816793,0.018025160,0.405000000,0.000000000,1774267663.659040928,0.014801025,0.037981182,0.008104901,640,480,rgb8
4543,images/004543.jpg,1774267663.707201242,1774267663.695812702,0.011388540,0.405000000,0.000000000,1774267663.699032307,0.008168936,0.101570687,0.005952612,640,480,rgb8
4544,images/004544.jpg,1774267663.740560532,1774267663.735820055,0.004740477,0.405000000,0.000000000,1774267663.739034653,0.001525879,0.122210334,0.002512916,640,480,rgb8
4545,images/004545.jpg,1774267663.773919582,1774267663.755828142,0.018091440,0.405000000,0.000000000,1774267663.759061575,0.014858007,0.119715808,0.004643880,640,480,rgb8
4546,images/004546.jpg,1774267663.807278872,1774267663.795815706,0.011463165,0.405000000,0.000000000,1774267663.799011469,0.008267403,0.202362232,0.013759809,640,480,rgb8
4547,images/004547.jpg,1774267663.840638161,1774267663.835824728,0.004813433,0.405000000,0.000000000,1774267663.839006186,0.001631975,0.307252938,0.003805534,640,480,rgb8
4548,images/004548.jpg,1774267663.873997211,1774267663.855815887,0.018181324,0.405000000,0.000000000,1774267663.859005213,0.014991999,0.354079897,-0.002434697,640,480,rgb8
4549,images/004549.jpg,1774267663.907356501,1774267663.895830631,0.011525869,0.405000000,0.000000000,1774267663.899003983,0.008352518,0.380335378,-0.002058105,640,480,rgb8
4550,images/004550.jpg,1774267663.940715790,1774267663.935825825,0.004889965,0.405000000,0.000000000,1774267663.938996792,0.001718998,0.381892494,-0.006706721,640,480,rgb8
4551,images/004551.jpg,1774267663.974074841,1774267663.955835819,0.018239021,0.405000000,0.000000000,1774267663.959346294,0.014728546,0.404185858,0.006310142,640,480,rgb8
4552,images/004552.jpg,1774267664.007434130,1774267663.995829582,0.011604548,0.405000000,0.000000000,1774267663.999037027,0.008397102,0.411454874,0.037826481,640,480,rgb8
4553,images/004553.jpg,1774267664.040793180,1774267664.035827875,0.004965305,0.405000000,0.000000000,1774267664.039032936,0.001760244,0.411961793,0.008447903,640,480,rgb8
4554,images/004554.jpg,1774267664.074152470,1774267664.055835009,0.018317461,0.405000000,0.000000000,1774267664.059045792,0.015106678,0.411460437,0.000038194,640,480,rgb8
4555,images/004555.jpg,1774267664.107511759,1774267664.095840931,0.011670828,0.405000000,0.000000000,1774267664.099035978,0.008475780,0.413585903,0.004663793,640,480,rgb8
4556,images/004556.jpg,1774267664.140870810,1774267664.135821342,0.005049467,0.405000000,0.000000000,1774267664.139033318,0.001837492,0.408366961,0.008281795,640,480,rgb8
4557,images/004557.jpg,1774267664.174230337,1774267664.155795336,0.018435001,0.405000000,0.000000000,1774267664.159055471,0.015174866,0.406072362,0.009771199,640,480,rgb8
4558,images/004558.jpg,1774267664.207592487,1774267664.195822716,0.011769772,0.405000000,0.000000000,1774267664.199055195,0.008537292,0.406731827,0.005370688,640,480,rgb8
4559,images/004559.jpg,1774267664.240955114,1774267664.235834837,0.005120277,0.405000000,0.000000000,1774267664.239050865,0.001904249,0.406724772,0.005892202,640,480,rgb8
4560,images/004560.jpg,1774267664.274317741,1774267664.255820274,0.018497467,0.405000000,0.000000000,1774267664.259087801,0.015229940,0.407623701,0.002768144,640,480,rgb8
4561,images/004561.jpg,1774267664.341042519,1774267664.335820675,0.005221844,0.405000000,0.000000000,1774267664.339054346,0.001988173,0.410055841,0.003247500,640,480,rgb8
4562,images/004562.jpg,1774267664.374746084,1774267664.355823755,0.018922329,0.405000000,0.000000000,1774267664.359053612,0.015692472,0.407897530,0.003210425,640,480,rgb8
4563,images/004563.jpg,1774267664.408451557,1774267664.395819902,0.012631655,0.405000000,0.000000000,1774267664.399086237,0.009365320,0.409591294,-0.000649109,640,480,rgb8
4564,images/004564.jpg,1774267664.442159176,1774267664.435818195,0.006340981,0.405000000,0.000000000,1774267664.439039946,0.003119230,0.407892127,0.014159780,640,480,rgb8
4565,images/004565.jpg,1774267664.475868940,1774267664.475824833,0.000044107,0.405000000,0.000000000,1774267664.459047556,0.016821384,0.406542760,0.018751589,640,480,rgb8
4566,images/004566.jpg,1774267664.509580374,1774267664.495830536,0.013749838,0.405000000,0.000000000,1774267664.499062061,0.010518312,0.406896574,0.019922353,640,480,rgb8
4567,images/004567.jpg,1774267664.543293953,1774267664.535813093,0.007480860,0.405000000,0.000000000,1774267664.539043188,0.004250765,0.407033452,0.014313917,640,480,rgb8
4568,images/004568.jpg,1774267664.577009439,1774267664.575820208,0.001189232,0.405000000,0.810000000,1774267664.559061050,0.017948389,0.407781569,0.005647144,640,480,rgb8
4569,images/004569.jpg,1774267664.678167820,1774267664.675817013,0.002350807,0.405000000,0.810000000,1774267664.659160376,0.019007444,0.409112194,0.407789236,640,480,rgb8
4570,images/004570.jpg,1774267664.711891413,1774267664.695830345,0.016061068,0.405000000,0.810000000,1774267664.699015856,0.012875557,0.408349454,0.580528928,640,480,rgb8
4571,images/004571.jpg,1774267664.745616674,1774267664.735827684,0.009788990,0.405000000,0.810000000,1774267664.739038706,0.006577969,0.409734394,0.606694220,640,480,rgb8
4572,images/004572.jpg,1774267664.779344082,1774267664.775827885,0.003516197,0.405000000,0.810000000,1774267664.779045343,0.000298738,0.412503171,0.660100811,640,480,rgb8
4573,images/004573.jpg,1774267664.813073397,1774267664.795837641,0.017235756,0.405000000,0.810000000,1774267664.799061775,0.014011621,0.413141226,0.682557134,640,480,rgb8
4574,images/004574.jpg,1774267664.846804619,1774267664.835836172,0.010968447,0.000000000,0.000000000,1774267664.839043856,0.007760763,0.414437941,0.702160252,640,480,rgb8
4575,images/004575.jpg,1774267664.880537987,1774267664.875833988,0.004703999,0.000000000,0.000000000,1774267664.879038811,0.001499176,0.409988516,0.708434683,640,480,rgb8
4576,images/004576.jpg,1774267664.914273500,1774267664.895841122,0.018432379,0.000000000,0.000000000,1774267664.899113417,0.015160084,0.410626053,0.681040912,640,480,rgb8
4577,images/004577.jpg,1774267664.948010683,1774267664.935827732,0.012182951,0.000000000,0.000000000,1774267664.939033747,0.008976936,0.366328722,0.567998435,640,480,rgb8
4578,images/004578.jpg,1774267664.981750011,1774267664.975819588,0.005930424,0.000000000,0.000000000,1774267664.979076385,0.002673626,0.309871680,0.444595134,640,480,rgb8
4579,images/004579.jpg,1774267665.015491247,1774267664.995824814,0.019666433,0.000000000,0.000000000,1774267664.999048233,0.016443014,0.282296560,0.373764811,640,480,rgb8
4580,images/004580.jpg,1774267665.049234629,1774267665.035814762,0.013419867,0.000000000,0.000000000,1774267665.039058685,0.010175943,0.280402761,0.183013087,640,480,rgb8
4581,images/004581.jpg,1774267665.082979679,1774267665.075834990,0.007144690,0.405000000,0.810000000,1774267665.079082727,0.003896952,0.181785032,0.080915673,640,480,rgb8
4582,images/004582.jpg,1774267665.116727114,1774267665.115832806,0.000894308,0.405000000,0.810000000,1774267665.099048376,0.017678738,0.109896440,0.064396092,640,480,rgb8
4583,images/004583.jpg,1774267665.150475979,1774267665.135823727,0.014652252,0.405000000,0.810000000,1774267665.139044285,0.011431694,0.049587409,0.065288913,640,480,rgb8
4584,images/004584.jpg,1774267665.184227228,1774267665.175822496,0.008404732,0.405000000,0.810000000,1774267665.179072380,0.005154848,0.042321778,0.084084209,640,480,rgb8
4585,images/004585.jpg,1774267665.217980385,1774267665.215822697,0.002157688,0.405000000,0.810000000,1774267665.199074030,0.018906355,0.070172068,0.142072564,640,480,rgb8
4586,images/004586.jpg,1774267665.251735687,1774267665.235837221,0.015898466,0.405000000,0.309608850,1774267665.239046335,0.012689352,0.122019078,0.295572371,640,480,rgb8
4587,images/004587.jpg,1774267665.285492659,1774267665.275827408,0.009665251,0.405000000,0.000000000,1774267665.279041052,0.006451607,0.150395609,0.405957519,640,480,rgb8
4588,images/004588.jpg,1774267665.319251776,1774267665.315848589,0.003403187,0.405000000,0.000000000,1774267665.319077492,0.000174284,0.256035168,0.359051149,640,480,rgb8
4589,images/004589.jpg,1774267665.353003979,1774267665.335842609,0.017161369,0.405000000,0.000000000,1774267665.339047194,0.013956785,0.255247971,0.202290012,640,480,rgb8
4590,images/004590.jpg,1774267665.386396170,1774267665.375827789,0.010568380,0.405000000,0.000000000,1774267665.379039526,0.007356644,0.374622052,0.002923603,640,480,rgb8
4591,images/004591.jpg,1774267665.419788361,1774267665.415831089,0.003957272,0.405000000,0.000000000,1774267665.419061422,0.000726938,0.375984597,0.013198751,640,480,rgb8
4592,images/004592.jpg,1774267665.453070879,1774267665.435829639,0.017241240,0.405000000,0.000000000,1774267665.439043283,0.014027596,0.395276402,0.030538500,640,480,rgb8
4593,images/004593.jpg,1774267665.486352682,1774267665.475829124,0.010523558,0.005341180,0.000000000,1774267665.479044437,0.007308245,0.403100990,0.056922705,640,480,rgb8
4594,images/004594.jpg,1774267665.519634008,1774267665.515820742,0.003813267,0.000000000,0.000000000,1774267665.519006014,0.000627995,0.401521641,0.024524127,640,480,rgb8
4595,images/004595.jpg,1774267665.552914858,1774267665.535815239,0.017099619,0.000000000,0.000000000,1774267665.538998842,0.013916016,0.402459337,-0.012513017,640,480,rgb8
4596,images/004596.jpg,1774267665.586194992,1774267665.575834036,0.010360956,0.000000000,0.000000000,1774267665.579047918,0.007147074,0.368023572,-0.003924948,640,480,rgb8
4597,images/004597.jpg,1774267665.619474888,1774267665.615820408,0.003654480,0.000000000,0.000000000,1774267665.619097948,0.000376940,0.348602365,0.021462706,640,480,rgb8
4598,images/004598.jpg,1774267665.652753830,1774267665.635839939,0.016913891,0.000000000,0.000000000,1774267665.639080524,0.013673306,0.287063079,0.029482657,640,480,rgb8
4599,images/004599.jpg,1774267665.686032534,1774267665.675832272,0.010200262,0.000000000,0.000000000,1774267665.679115057,0.006917477,0.286028957,0.019700762,640,480,rgb8
4600,images/004600.jpg,1774267665.719310522,1774267665.715820312,0.003490210,0.000000000,0.000000000,1774267665.719043970,0.000266552,0.200515396,-0.016670678,640,480,rgb8
4601,images/004601.jpg,1774267665.785865068,1774267665.775834560,0.010030508,0.405000000,0.000000000,1774267665.779083967,0.006781101,0.053003018,0.048183926,640,480,rgb8
4602,images/004602.jpg,1774267665.819141388,1774267665.815820217,0.003321171,0.405000000,0.000000000,1774267665.819039583,0.000101805,0.025689509,0.008655062,640,480,rgb8
4603,images/004603.jpg,1774267665.852417231,1774267665.835854530,0.016562700,0.405000000,0.000000000,1774267665.839044571,0.013372660,0.022195103,-0.010470149,640,480,rgb8
4604,images/004604.jpg,1774267665.885692358,1774267665.875811577,0.009880781,0.405000000,0.000000000,1774267665.879034519,0.006657839,0.047093767,-0.012092420,640,480,rgb8
4605,images/004605.jpg,1774267665.918967247,1774267665.915823936,0.003143311,0.405000000,0.000000000,1774267665.899031639,0.019935608,0.125490203,-0.007168324,640,480,rgb8
4606,images/004606.jpg,1774267665.952241182,1774267665.935836554,0.016404629,0.405000000,0.000000000,1774267665.939105034,0.013136148,0.188892465,0.002912294,640,480,rgb8
4607,images/004607.jpg,1774267665.985514879,1774267665.975816011,0.009698868,0.405000000,0.000000000,1774267665.979029417,0.006485462,0.231301853,-0.000402766,640,480,rgb8
4608,images/004608.jpg,1774267666.018787861,1774267666.015825748,0.002962112,0.405000000,0.000000000,1774267665.999089479,0.019698381,0.230561732,-0.003035816,640,480,rgb8
4609,images/004609.jpg,1774267666.052060366,1774267666.035822630,0.016237736,0.405000000,0.000000000,1774267666.039049625,0.013010740,0.312525928,0.007527471,640,480,rgb8
4610,images/004610.jpg,1774267666.085332394,1774267666.075825453,0.009506941,0.405000000,0.000000000,1774267666.079043150,0.006289244,0.388495271,-0.006470409,640,480,rgb8
4611,images/004611.jpg,1774267666.118603706,1774267666.115834475,0.002769232,0.405000000,0.000000000,1774267666.099045038,0.019558668,0.389669270,-0.006480801,640,480,rgb8
4612,images/004612.jpg,1774267666.151874542,1774267666.135825634,0.016048908,0.405000000,0.000000000,1774267666.139044046,0.012830496,0.384630379,0.022619501,640,480,rgb8
4613,images/004613.jpg,1774267666.185144663,1774267666.175831318,0.009313345,0.405000000,0.000000000,1774267666.179048538,0.006096125,0.399106407,0.035438757,640,480,rgb8
4614,images/004614.jpg,1774267666.218414545,1774267666.215813637,0.002600908,0.405000000,0.000000000,1774267666.199053526,0.019361019,0.400343035,0.029106404,640,480,rgb8
4615,images/004615.jpg,1774267666.251683712,1774267666.235832214,0.015851498,0.405000000,0.000000000,1774267666.239051819,0.012631893,0.473856848,0.027263946,640,480,rgb8
4616,images/004616.jpg,1774267666.284952164,1774267666.275814056,0.009138107,0.405000000,0.000000000,1774267666.279080629,0.005871534,0.413455081,0.019633864,640,480,rgb8
4617,images/004617.jpg,1774267666.318220139,1774267666.315821171,0.002398968,0.405000000,0.000000000,1774267666.299058914,0.019161224,0.409994586,0.014275525,640,480,rgb8
4618,images/004618.jpg,1774267666.351487875,1774267666.335829735,0.015658140,0.405000000,0.000000000,1774267666.339042664,0.012445211,0.412504422,-0.005163809,640,480,rgb8
4619,images/004619.jpg,1774267666.384754658,1774267666.375826359,0.008928299,0.405000000,0.000000000,1774267666.379056692,0.005697966,0.409317539,0.001446005,640,480,rgb8
4620,images/004620.jpg,1774267666.418023825,1774267666.415822268,0.002201557,0.405000000,0.500086325,1774267666.399110317,0.018913507,0.407662317,0.008898442,640,480,rgb8
4621,images/004621.jpg,1774267666.451407671,1774267666.435831785,0.015575886,0.405000000,0.810000000,1774267666.439059973,0.012347698,0.408442373,0.021206894,640,480,rgb8
4622,images/004622.jpg,1774267666.484791517,1774267666.475820303,0.008971214,0.405000000,0.810000000,1774267666.479064941,0.005726576,0.410709627,0.040969358,640,480,rgb8
4623,images/004623.jpg,1774267666.584645271,1774267666.575813532,0.008831739,0.405000000,0.810000000,1774267666.579032898,0.005612373,0.432973919,0.456900875,640,480,rgb8
4624,images/004624.jpg,1774267666.617928743,1774267666.615829229,0.002099514,0.405000000,0.810000000,1774267666.599024296,0.018904448,0.434302628,0.550559262,640,480,rgb8
4625,images/004625.jpg,1774267666.651211739,1774267666.635829449,0.015382290,0.405000000,0.810000000,1774267666.639048100,0.012163639,0.416091554,0.614416522,640,480,rgb8
4626,images/004626.jpg,1774267666.684494495,1774267666.675825357,0.008669138,0.005212520,0.310265650,1774267666.679068327,0.005426168,0.411548205,0.636032587,640,480,rgb8
4627,images/004627.jpg,1774267666.717776299,1774267666.715840578,0.001935720,0.000000000,0.000000000,1774267666.699061632,0.018714666,0.412545899,0.658785156,640,480,rgb8
4628,images/004628.jpg,1774267666.751057863,1774267666.735844374,0.015213490,0.000000000,0.000000000,1774267666.739069700,0.011988163,0.349184341,0.669906644,640,480,rgb8
4629,images/004629.jpg,1774267666.784338713,1774267666.775818825,0.008519888,0.000000000,0.000000000,1774267666.779986382,0.004352331,0.378193389,0.658707874,640,480,rgb8
4630,images/004630.jpg,1774267666.817619085,1774267666.815813780,0.001805305,0.000000000,0.000000000,1774267666.799033403,0.018585682,0.378715047,0.547585645,640,480,rgb8
4631,images/004631.jpg,1774267666.884178400,1774267666.875816822,0.008361578,0.000000000,0.000000000,1774267666.879047155,0.005131245,0.253102255,0.309292000,640,480,rgb8
4632,images/004632.jpg,1774267666.917457342,1774267666.915821314,0.001636028,0.400072260,0.500090325,1774267666.899041891,0.018415451,0.252122383,0.237291282,640,480,rgb8
4633,images/004633.jpg,1774267666.950735569,1774267666.935822487,0.014913082,0.405000000,0.810000000,1774267666.939032078,0.011703491,0.102412314,0.093179357,640,480,rgb8
4634,images/004634.jpg,1774267666.984013319,1774267666.975825310,0.008188009,0.405000000,0.810000000,1774267666.979049206,0.004964113,0.062698608,0.092651350,640,480,rgb8
4635,images/004635.jpg,1774267667.017290831,1774267667.015818834,0.001471996,0.405000000,0.810000000,1774267666.999060631,0.018230200,0.059497758,0.084342766,640,480,rgb8
4636,images/004636.jpg,1774267667.050567627,1774267667.035820723,0.014746904,0.405000000,0.810000000,1774267667.039085627,0.011482000,0.043462864,0.182298796,640,480,rgb8
4637,images/004637.jpg,1774267667.083843946,1774267667.075814724,0.008029222,0.405000000,0.810000000,1774267667.079085112,0.004758835,0.078925803,0.224784134,640,480,rgb8
4638,images/004638.jpg,1774267667.117119551,1774267667.115811348,0.001308203,0.405000000,0.810000000,1774267667.099029303,0.018090248,0.076128885,0.323228964,640,480,rgb8
4639,images/004639.jpg,1774267667.150394917,1774267667.135805607,0.014589310,0.405000000,0.810000000,1774267667.139032841,0.011362076,0.149702728,0.452429109,640,480,rgb8
4640,images/004640.jpg,1774267667.183669567,1774267667.175814152,0.007855415,0.405000000,0.810000000,1774267667.179069996,0.004599571,0.241703780,0.534507363,640,480,rgb8
4641,images/004641.jpg,1774267667.216943741,1774267667.215811014,0.001132727,0.405000000,0.810000000,1774267667.199036837,0.017906904,0.351579354,0.571186230,640,480,rgb8
4642,images/004642.jpg,1774267667.250217438,1774267667.235807896,0.014409542,0.405000000,0.810000000,1774267667.239044666,0.011172771,0.352865931,0.639252510,640,480,rgb8
4643,images/004643.jpg,1774267667.283490658,1774267667.275808811,0.007681847,0.405000000,0.810000000,1774267667.279069185,0.004421473,0.401441905,0.673488203,640,480,rgb8
4644,images/004644.jpg,1774267667.316763401,1774267667.315830469,0.000932932,0.405000000,0.810000000,1774267667.299060583,0.017702818,0.402658684,0.687839656,640,480,rgb8
4645,images/004645.jpg,1774267667.350035429,1774267667.335817099,0.014218330,0.405000000,0.810000000,1774267667.339053392,0.010982037,0.408604884,0.700246628,640,480,rgb8
4646,images/004646.jpg,1774267667.383307219,1774267667.375813961,0.007493258,0.000000000,0.000000000,1774267667.379060745,0.004246473,0.413598946,0.720919428,640,480,rgb8
4647,images/004647.jpg,1774267667.416578054,1774267667.415835619,0.000742435,0.000000000,0.000000000,1774267667.399042606,0.017535448,0.414888051,0.723680134,640,480,rgb8
4648,images/004648.jpg,1774267667.449848890,1774267667.435818672,0.014030218,0.000000000,0.000000000,1774267667.439042568,0.010806322,0.415362285,0.716654275,640,480,rgb8
4649,images/004649.jpg,1774267667.483121395,1774267667.475824356,0.007297039,0.000000000,0.000000000,1774267667.479088545,0.004032850,0.390085012,0.651592047,640,480,rgb8
4650,images/004650.jpg,1774267667.516497612,1774267667.515823841,0.000673771,0.000000000,0.000000000,1774267667.499024153,0.017473459,0.391013183,0.578400179,640,480,rgb8
4651,images/004651.jpg,1774267667.549873590,1774267667.535829782,0.014043808,0.000000000,0.000000000,1774267667.539023876,0.010849714,0.311817710,0.417643064,640,480,rgb8
4652,images/004652.jpg,1774267667.583249569,1774267667.575824976,0.007424593,0.000000000,0.000000000,1774267667.579059839,0.004189730,0.163510228,0.169980468,640,480,rgb8
4653,images/004653.jpg,1774267667.616625786,1774267667.615824461,0.000801325,0.000000000,0.000000000,1774267667.599045038,0.017580748,0.161659804,0.077619498,640,480,rgb8
4654,images/004654.jpg,1774267667.649907112,1774267667.635817289,0.014089823,0.399888600,0.000000000,1774267667.639048338,0.010858774,0.123218142,0.073181760,640,480,rgb8
4655,images/004655.jpg,1774267667.683188438,1774267667.675823450,0.007364988,0.405000000,0.000000000,1774267667.679044008,0.004144430,0.058571225,0.088746522,640,480,rgb8
4656,images/004656.jpg,1774267667.716468811,1774267667.715840101,0.000628710,0.405000000,0.000000000,1774267667.699010134,0.017458677,0.055572866,0.051702675,640,480,rgb8
4657,images/004657.jpg,1774267667.749748707,1774267667.735825300,0.013923407,0.405000000,0.000000000,1774267667.738974333,0.010774374,0.057967622,-0.007981041,640,480,rgb8
4658,images/004658.jpg,1774267667.783028126,1774267667.775822639,0.007205486,0.405000000,0.000000000,1774267667.779055834,0.003972292,0.052181565,-0.018125763,640,480,rgb8
4659,images/004659.jpg,1774267667.816306829,1774267667.815851927,0.000454903,0.405000000,0.000000000,1774267667.799040079,0.017266750,0.140557057,-0.014953050,640,480,rgb8
4660,images/004660.jpg,1774267667.849585056,1774267667.835827351,0.013757706,0.405000000,0.000000000,1774267667.839046955,0.010538101,0.172542248,0.018192641,640,480,rgb8
4661,images/004661.jpg,1774267667.882862329,1774267667.875824213,0.007038116,0.405000000,0.000000000,1774267667.879071236,0.003791094,0.254677658,0.029926800,640,480,rgb8
4662,images/004662.jpg,1774267667.916139364,1774267667.915825605,0.000313759,0.000000000,0.000000000,1774267667.899024248,0.017115116,0.254376413,0.005779794,640,480,rgb8
4663,images/004663.jpg,1774267667.982691288,1774267667.975816965,0.006874323,0.000000000,0.000000000,1774267667.979046106,0.003645182,0.388259759,-0.011883849,640,480,rgb8
4664,images/004664.jpg,1774267668.015966654,1774267668.015812397,0.000154257,0.000000000,0.000000000,1774267667.999012947,0.016953707,0.389564233,0.012455884,640,480,rgb8
4665,images/004665.jpg,1774267668.049241304,1774267668.035782814,0.013458490,0.000000000,0.000000000,1774267668.039008617,0.010232687,0.334806293,0.036534165,640,480,rgb8
4666,images/004666.jpg,1774267668.082515240,1774267668.075824022,0.006691217,0.000000000,0.000000000,1774267668.079014301,0.003500938,0.278930260,0.013282952,640,480,rgb8
4667,images/004667.jpg,1774267668.115788460,1774267668.095817089,0.019971371,0.000000000,0.000000000,1774267668.099026203,0.016762257,0.254375439,-0.011484898,640,480,rgb8
4668,images/004668.jpg,1774267668.149061441,1774267668.135813475,0.013247967,0.400201540,0.000000000,1774267668.139006138,0.010055304,0.182394407,0.015120957,640,480,rgb8
4669,images/004669.jpg,1774267668.182333708,1774267668.175834417,0.006499290,0.405000000,0.000000000,1774267668.179158449,0.003175259,0.092242315,0.048582802,640,480,rgb8
4670,images/004670.jpg,1774267668.215605259,1774267668.195824862,0.019780397,0.405000000,0.000000000,1774267668.199064732,0.016540527,0.089947197,0.012983314,640,480,rgb8
4671,images/004671.jpg,1774267668.248876333,1774267668.235820055,0.013056278,0.405000000,0.000000000,1774267668.239084959,0.009791374,0.041440531,-0.005179716,640,480,rgb8
4672,images/004672.jpg,1774267668.282146692,1774267668.275833607,0.006313086,0.405000000,0.000000000,1774267668.279031277,0.003115416,0.092840015,-0.029331708,640,480,rgb8
4673,images/004673.jpg,1774267668.315416813,1774267668.295828819,0.019587994,0.405000000,0.000000000,1774267668.299040556,0.016376257,0.143804341,-0.023998028,640,480,rgb8
4674,images/004674.jpg,1774267668.348685980,1774267668.335832596,0.012853384,0.405000000,0.000000000,1774267668.339059591,0.009626389,0.140832209,0.000291936,640,480,rgb8
4675,images/004675.jpg,1774267668.381954670,1774267668.375827789,0.006126881,0.405000000,0.000000000,1774267668.379056454,0.002898216,0.237713671,0.018104049,640,480,rgb8
4676,images/004676.jpg,1774267668.415222645,1774267668.395819664,0.019402981,0.405000000,0.000000000,1774267668.399053335,0.016169310,0.275707969,0.018012204,640,480,rgb8
4677,images/004677.jpg,1774267668.448490143,1774267668.435827732,0.012662411,0.405000000,0.000000000,1774267668.439055443,0.009434700,0.359968364,-0.003096421,640,480,rgb8
4678,images/004678.jpg,1774267668.481757164,1774267668.475829363,0.005927801,0.405000000,0.000000000,1774267668.479079962,0.002677202,0.388244332,-0.007154048,640,480,rgb8
4679,images/004679.jpg,1774267668.515023470,1774267668.495821476,0.019201994,0.405000000,0.000000000,1774267668.499040127,0.015983343,0.389761280,-0.000110719,640,480,rgb8
4680,images/004680.jpg,1774267668.548289061,1774267668.535815716,0.012473345,0.405000000,0.000000000,1774267668.539044619,0.009244442,0.405054014,0.035251588,640,480,rgb8
4681,images/004681.jpg,1774267668.581554174,1774267668.575830698,0.005723476,0.405000000,0.000000000,1774267668.579068661,0.002485514,0.386697646,0.022533812,640,480,rgb8
4682,images/004682.jpg,1774267668.614821196,1774267668.595828772,0.018992424,0.405000000,0.000000000,1774267668.599104881,0.015716314,0.397046708,0.019019271,640,480,rgb8
4683,images/004683.jpg,1774267668.648188591,1774267668.635780573,0.012408018,0.405000000,0.000000000,1774267668.639052153,0.009136438,0.400077011,0.036650072,640,480,rgb8
4684,images/004684.jpg,1774267668.681555748,1774267668.675827742,0.005728006,0.405000000,0.000000000,1774267668.679040194,0.002515554,0.403971291,0.024712664,640,480,rgb8
4685,images/004685.jpg,1774267668.748115778,1774267668.735817432,0.012298346,0.405000000,0.000000000,1774267668.739035606,0.009080172,0.403967647,0.014049386,640,480,rgb8
4686,images/004686.jpg,1774267668.781394482,1774267668.775813818,0.005580664,0.405000000,0.000000000,1774267668.779017687,0.002376795,0.405625388,-0.002040113,640,480,rgb8
4687,images/004687.jpg,1774267668.814673185,1774267668.795815945,0.018857241,0.405000000,0.000000000,1774267668.799014807,0.015658379,0.407081782,-0.003258973,640,480,rgb8
4688,images/004688.jpg,1774267668.847950935,1774267668.835829020,0.012121916,0.405000000,0.000000000,1774267668.839030266,0.008920670,0.404824949,-0.000195368,640,480,rgb8
4689,images/004689.jpg,1774267668.881228209,1774267668.875832558,0.005395651,0.405000000,0.000000000,1774267668.879064798,0.002163410,0.383118607,0.004808774,640,480,rgb8
4690,images/004690.jpg,1774267668.914504766,1774267668.895820618,0.018684149,0.405000000,0.000000000,1774267668.899036169,0.015468597,0.394255343,0.007309514,640,480,rgb8
4691,images/004691.jpg,1774267668.947781086,1774267668.935889244,0.011891842,0.405000000,0.000000000,1774267668.939062357,0.008718729,0.396703939,0.009149109,640,480,rgb8
4692,images/004692.jpg,1774267668.981056452,1774267668.975832224,0.005224228,0.405000000,0.000000000,1774267668.979058504,0.001997948,0.338863834,0.009190050,640,480,rgb8
4693,images/004693.jpg,1774267669.014331341,1774267668.995862484,0.018468857,0.405000000,0.000000000,1774267668.999069452,0.015261889,0.379902063,0.009186893,640,480,rgb8
4694,images/004694.jpg,1774267669.114152431,1774267669.095824718,0.018327713,0.405000000,0.000000000,1774267669.099040985,0.015111446,0.404250701,0.007014915,640,480,rgb8
4695,images/004695.jpg,1774267669.147424698,1774267669.135810137,0.011614561,0.405000000,0.000000000,1774267669.139025688,0.008399010,0.404031071,-0.002884270,640,480,rgb8
4696,images/004696.jpg,1774267669.180696726,1774267669.175816536,0.004880190,0.405000000,0.000000000,1774267669.179067612,0.001629114,0.404811768,-0.000915723,640,480,rgb8
4697,images/004697.jpg,1774267669.213968039,1774267669.195819139,0.018148899,0.405000000,0.000000000,1774267669.199048519,0.014919519,0.404910250,-0.002512761,640,480,rgb8
4698,images/004698.jpg,1774267669.247238874,1774267669.235825539,0.011413336,0.405000000,0.000000000,1774267669.239052296,0.008186579,0.407218662,0.001338671,640,480,rgb8
4699,images/004699.jpg,1774267669.280508995,1774267669.275826216,0.004682779,0.405000000,0.000000000,1774267669.279081345,0.001427650,0.341088375,0.004489253,640,480,rgb8
4700,images/004700.jpg,1774267669.313778639,1774267669.295825958,0.017952681,0.405000000,0.000000000,1774267669.299080610,0.014698029,0.380873510,-0.000087542,640,480,rgb8
4701,images/004701.jpg,1774267669.347047329,1774267669.335820913,0.011226416,0.405000000,0.000000000,1774267669.339028835,0.008018494,0.396570098,-0.003189722,640,480,rgb8
4702,images/004702.jpg,1774267669.380316019,1774267669.375812531,0.004503489,0.405000000,0.000000000,1774267669.379034519,0.001281500,0.404182387,0.007020772,640,480,rgb8
4703,images/004703.jpg,1774267669.413583517,1774267669.395809412,0.017774105,0.405000000,0.000000000,1774267669.399053574,0.014529943,0.405233964,0.010379943,640,480,rgb8
4704,images/004704.jpg,1774267669.446850777,1774267669.435808659,0.011042118,0.405000000,0.000000000,1774267669.439041376,0.007809401,0.406056841,0.017093161,640,480,rgb8
4705,images/004705.jpg,1774267669.480117321,1774267669.475813389,0.004303932,0.405000000,0.000000000,1774267669.479480505,0.000636816,0.405859830,0.012465872,640,480,rgb8
4706,images/004706.jpg,1774267669.513383389,1774267669.495813131,0.017570257,0.405000000,0.000000000,1774267669.499016285,0.014367104,0.407015737,0.014269541,640,480,rgb8
4707,images/004707.jpg,1774267669.546648741,1774267669.535809040,0.010839701,0.405000000,0.000000000,1774267669.539027452,0.007621288,0.409034772,0.018927988,640,480,rgb8
4708,images/004708.jpg,1774267669.579913616,1774267669.575831890,0.004081726,0.405000000,0.000000000,1774267669.579060316,0.000853300,0.409784048,0.024135130,640,480,rgb8
4709,images/004709.jpg,1774267669.613177776,1774267669.595835209,0.017342567,0.405000000,0.000000000,1774267669.599059343,0.014118433,0.407695229,0.026341770,640,480,rgb8
4710,images/004710.jpg,1774267669.646441460,1774267669.635780334,0.010661125,0.405000000,0.000000000,1774267669.639047384,0.007394075,0.406687255,0.022650527,640,480,rgb8
4711,images/004711.jpg,1774267669.679706573,1774267669.675896645,0.003809929,0.405000000,0.000000000,1774267669.679047585,0.000658989,0.406641117,0.014716263,640,480,rgb8
4712,images/004712.jpg,1774267669.713064909,1774267669.695837021,0.017227888,0.405000000,0.000000000,1774267669.699059010,0.014005899,0.407539508,0.011266656,640,480,rgb8
4713,images/004713.jpg,1774267669.746423244,1774267669.735839128,0.010584116,0.405000000,0.000000000,1774267669.739047766,0.007375479,0.404731758,0.003795268,640,480,rgb8
4714,images/004714.jpg,1774267669.779781580,1774267669.775837183,0.003944397,0.405000000,0.000000000,1774267669.779043913,0.000737667,0.404204054,0.004028798,640,480,rgb8
4715,images/004715.jpg,1774267669.846353054,1774267669.835820913,0.010532141,0.405000000,0.000000000,1774267669.839092493,0.007260561,0.406926108,-0.003131561,640,480,rgb8
4716,images/004716.jpg,1774267669.879637957,1774267669.875837564,0.003800392,0.405000000,0.000000000,1774267669.879064560,0.000573397,0.408561676,-0.001110996,640,480,rgb8
4717,images/004717.jpg,1774267669.912922382,1774267669.895822525,0.017099857,0.405000000,0.000000000,1774267669.899079800,0.013842583,0.407040711,0.000788882,640,480,rgb8
4718,images/004718.jpg,1774267669.946206093,1774267669.935824633,0.010381460,0.405000000,0.000000000,1774267669.939019442,0.007186651,0.406134587,0.005353639,640,480,rgb8
4719,images/004719.jpg,1774267669.979489326,1774267669.975836515,0.003652811,0.405000000,0.000000000,1774267669.979048252,0.000441074,0.406662589,0.007473030,640,480,rgb8
4720,images/004720.jpg,1774267670.012771845,1774267669.995840788,0.016931057,0.405000000,0.000000000,1774267669.999065876,0.013705969,0.407410927,0.005333438,640,480,rgb8
4721,images/004721.jpg,1774267670.046053648,1774267670.035824537,0.010229111,0.405000000,0.000000000,1774267670.039022446,0.007031202,0.406344526,0.004134282,640,480,rgb8
4722,images/004722.jpg,1774267670.079335213,1774267670.075833321,0.003501892,0.405000000,0.000000000,1774267670.079092026,0.000243187,0.405913210,0.004906780,640,480,rgb8
4723,images/004723.jpg,1774267670.112616062,1774267670.095818281,0.016797781,0.405000000,0.000000000,1774267670.099040985,0.013575077,0.406605773,0.007410762,640,480,rgb8
4724,images/004724.jpg,1774267670.145896196,1774267670.135845661,0.010050535,0.405000000,0.000000000,1774267670.139033556,0.006862640,0.396299968,0.028181673,640,480,rgb8
4725,images/004725.jpg,1774267670.212455034,1774267670.195816278,0.016638756,0.405000000,0.000000000,1774267670.199049234,0.013405800,0.403701445,0.030013013,640,480,rgb8
4726,images/004726.jpg,1774267670.245733738,1774267670.235812902,0.009920835,0.405000000,0.000000000,1774267670.239038944,0.006694794,0.406810541,0.017799451,640,480,rgb8
4727,images/004727.jpg,1774267670.279011488,1774267670.275830984,0.003180504,0.405000000,0.000000000,1774267670.259035587,0.019975901,0.407465662,0.018256515,640,480,rgb8
4728,images/004728.jpg,1774267670.312288761,1774267670.295819283,0.016469479,0.405000000,0.000000000,1774267670.299029589,0.013259172,0.409113979,0.020302229,640,480,rgb8
4729,images/004729.jpg,1774267670.345565557,1774267670.335840464,0.009725094,0.405000000,0.000000000,1774267670.339082956,0.006482601,0.408386163,0.011714046,640,480,rgb8
4730,images/004730.jpg,1774267670.378842115,1774267670.375836611,0.003005505,0.405000000,0.000000000,1774267670.359063148,0.019778967,0.409019972,0.002237068,640,480,rgb8
4731,images/004731.jpg,1774267670.412117720,1774267670.395829439,0.016288280,0.405000000,0.000000000,1774267670.399057150,0.013060570,0.356513319,0.002782288,640,480,rgb8
4732,images/004732.jpg,1774267670.445392609,1774267670.435818672,0.009573936,0.405000000,0.000000000,1774267670.439028263,0.006364346,0.356451591,0.007522709,640,480,rgb8
4733,images/004733.jpg,1774267670.478667259,1774267670.475829363,0.002837896,0.405000000,0.000000000,1774267670.459034443,0.019632816,0.388043140,0.007173672,640,480,rgb8
4734,images/004734.jpg,1774267670.511941195,1774267670.495821714,0.016119480,0.405000000,0.000000000,1774267670.499025345,0.012915850,0.399551477,0.009962012,640,480,rgb8
4735,images/004735.jpg,1774267670.545214415,1774267670.535817623,0.009396791,0.405000000,0.000000000,1774267670.539025068,0.006189346,0.403684928,0.012261197,640,480,rgb8
4736,images/004736.jpg,1774267670.578487396,1774267670.575816154,0.002671242,0.405000000,0.000000000,1774267670.559049845,0.019437551,0.404210585,0.011806589,640,480,rgb8
4737,images/004737.jpg,1774267670.611759424,1774267670.595826149,0.015933275,0.405000000,0.000000000,1774267670.599071264,0.012688160,0.407042146,0.003425426,640,480,rgb8
4738,images/004738.jpg,1774267670.645030975,1774267670.635838747,0.009192228,0.405000000,0.000000000,1774267670.639052153,0.005978823,0.406704713,0.002724919,640,480,rgb8
4739,images/004739.jpg,1774267670.678302050,1774267670.675833941,0.002468109,0.405000000,0.000000000,1774267670.659093857,0.019208193,0.407234930,-0.000917306,640,480,rgb8
4740,images/004740.jpg,1774267670.711572409,1774267670.695834160,0.015738249,0.405000000,0.000000000,1774267670.699054241,0.012518167,0.406025859,-0.001068261,640,480,rgb8
4741,images/004741.jpg,1774267670.744842529,1774267670.735846281,0.008996248,0.405000000,0.000000000,1774267670.739057064,0.005785465,0.407029339,-0.001031809,640,480,rgb8
4742,images/004742.jpg,1774267670.778113842,1774267670.775843382,0.002270460,0.405000000,0.000000000,1774267670.759072304,0.019041538,0.407941821,0.003443975,640,480,rgb8
4743,images/004743.jpg,1774267670.811463356,1774267670.795840025,0.015623331,0.405000000,0.000000000,1774267670.799067974,0.012395382,0.407171872,0.014300221,640,480,rgb8
4744,images/004744.jpg,1774267670.844812870,1774267670.835834503,0.008978367,0.405000000,0.000000000,1774267670.839055300,0.005757570,0.406926151,0.003324901,640,480,rgb8
4745,images/004745.jpg,1774267670.878162861,1774267670.875823498,0.002339363,0.405000000,0.000000000,1774267670.859084845,0.019078016,0.407397059,0.001250057,640,480,rgb8
4746,images/004746.jpg,1774267670.944720984,1774267670.935819864,0.008901119,0.405000000,0.000000000,1774267670.939014673,0.005706310,0.406554915,0.010052599,640,480,rgb8
4747,images/004747.jpg,1774267670.977999210,1774267670.975824356,0.002174854,0.405000000,0.000000000,1774267670.959053755,0.018945456,0.406540611,0.018320438,640,480,rgb8
4748,images/004748.jpg,1774267671.011276960,1774267670.995820284,0.015456676,0.405000000,0.000000000,1774267670.999041557,0.012235403,0.406610207,0.020051635,640,480,rgb8
4749,images/004749.jpg,1774267671.044553757,1774267671.035814047,0.008739710,0.405000000,0.000000000,1774267671.039055109,0.005498648,0.407453960,0.018425201,640,480,rgb8
4750,images/004750.jpg,1774267671.077830076,1774267671.075817347,0.002012730,0.405000000,0.000000000,1774267671.059049606,0.018780470,0.407887791,0.017056069,640,480,rgb8
4751,images/004751.jpg,1774267671.111105919,1774267671.095838070,0.015267849,0.405000000,0.000000000,1774267671.099070787,0.012035131,0.406532574,0.021843637,640,480,rgb8
4752,images/004752.jpg,1774267671.144381046,1774267671.135834694,0.008546352,0.405000000,0.000000000,1774267671.139065504,0.005315542,0.405887151,0.018663421,640,480,rgb8
4753,images/004753.jpg,1774267671.177655458,1774267671.175823927,0.001831532,0.405000000,0.000000000,1774267671.159051657,0.018603802,0.406264576,0.018663421,640,480,rgb8
4754,images/004754.jpg,1774267671.210929394,1774267671.195818901,0.015110493,0.405000000,0.000000000,1774267671.199029207,0.011900187,0.341126957,0.018049007,640,480,rgb8
4755,images/004755.jpg,1774267671.244202614,1774267671.235817671,0.008384943,0.405000000,0.000000000,1774267671.239034176,0.005168438,0.385107961,0.015701331,640,480,rgb8
4756,images/004756.jpg,1774267671.310747385,1774267671.295820951,0.014926434,0.405000000,0.000000000,1774267671.299030066,0.011717319,0.404387313,0.007944703,640,480,rgb8
4757,images/004757.jpg,1774267671.344018698,1774267671.335825920,0.008192778,0.405000000,0.000000000,1774267671.339038372,0.004980326,0.405100107,0.002720095,640,480,rgb8
4758,images/004758.jpg,1774267671.377289772,1774267671.355822325,0.021467447,0.405000000,0.000000000,1774267671.359058619,0.018231153,0.407584877,-0.003032259,640,480,rgb8
4759,images/004759.jpg,1774267671.410559893,1774267671.395811796,0.014748096,0.405000000,0.000000000,1774267671.399026632,0.011533260,0.406915036,0.000761069,640,480,rgb8
4760,images/004760.jpg,1774267671.443829536,1774267671.435827255,0.008002281,0.405000000,0.000000000,1774267671.439028978,0.004800558,0.406375008,0.006068384,640,480,rgb8
4761,images/004761.jpg,1774267671.477098703,1774267671.475836754,0.001261950,0.405000000,0.000000000,1774267671.459069729,0.018028975,0.406725022,0.008797654,640,480,rgb8
4762,images/004762.jpg,1774267671.510366917,1774267671.495819330,0.014547586,0.405000000,0.000000000,1774267671.499017715,0.011349201,0.407061926,0.006605207,640,480,rgb8
4763,images/004763.jpg,1774267671.543634415,1774267671.535829782,0.007804632,0.405000000,0.000000000,1774267671.539027452,0.004606962,0.405108842,0.005881866,640,480,rgb8
4764,images/004764.jpg,1774267671.576901913,1774267671.575843096,0.001058817,0.405000000,0.000000000,1774267671.559138060,0.017763853,0.404948471,0.003197642,640,480,rgb8
4765,images/004765.jpg,1774267671.610168219,1774267671.595817327,0.014350891,0.405000000,0.000000000,1774267671.599041939,0.011126280,0.405560625,0.007341046,640,480,rgb8
4766,images/004766.jpg,1774267671.643434286,1774267671.635807514,0.007626772,0.405000000,0.000000000,1774267671.639049530,0.004384756,0.405442931,0.018123543,640,480,rgb8
4767,images/004767.jpg,1774267671.676699400,1774267671.675828934,0.000870466,0.405000000,0.000000000,1774267671.659044743,0.017654657,0.406589255,0.024688644,640,480,rgb8
4768,images/004768.jpg,1774267671.709964037,1774267671.695832014,0.014132023,0.405000000,0.000000000,1774267671.699046612,0.010917425,0.406104063,0.027654857,640,480,rgb8
4769,images/004769.jpg,1774267671.743228197,1774267671.735828400,0.007399797,0.405000000,0.000000000,1774267671.739079952,0.004148245,0.405957889,0.021083181,640,480,rgb8
4770,images/004770.jpg,1774267671.776491642,1774267671.775828123,0.000663519,0.405000000,0.000000000,1774267671.759135485,0.017356157,0.406244588,0.019065880,640,480,rgb8
4771,images/004771.jpg,1774267671.809754610,1774267671.795834541,0.013920069,0.405000000,0.000000000,1774267671.799068689,0.010685921,0.407254089,0.018207358,640,480,rgb8
4772,images/004772.jpg,1774267671.843016863,1774267671.835849047,0.007167816,0.405000000,0.000000000,1774267671.839043379,0.003973484,0.405930310,0.014636490,640,480,rgb8
4773,images/004773.jpg,1774267671.876280308,1774267671.875833273,0.000447035,0.405000000,0.000000000,1774267671.859048367,0.017231941,0.455462483,0.007457936,640,480,rgb8
4774,images/004774.jpg,1774267671.909620762,1774267671.895818710,0.013802052,0.405000000,0.000000000,1774267671.899034023,0.010586739,0.457217981,-0.000162866,640,480,rgb8
4775,images/004775.jpg,1774267671.942961216,1774267671.935831785,0.007129431,0.405000000,0.000000000,1774267671.939046860,0.003914356,0.426024910,0.004203982,640,480,rgb8
4776,images/004776.jpg,1774267671.976301670,1774267671.975825071,0.000476599,0.405000000,0.000000000,1774267671.959098339,0.017203331,0.414879100,0.014221975,640,480,rgb8
4777,images/004777.jpg,1774267672.042863846,1774267672.035829782,0.007034063,0.405000000,0.000000000,1774267672.039044142,0.003819704,0.409369872,0.009846371,640,480,rgb8
4778,images/004778.jpg,1774267672.076143742,1774267672.075817585,0.000326157,0.405000000,0.000000000,1774267672.059041739,0.017102003,0.409627082,0.008595645,640,480,rgb8
4779,images/004779.jpg,1774267672.109423161,1774267672.095817089,0.013606071,0.405000000,0.000000000,1774267672.099050522,0.010372639,0.410521439,0.005527938,640,480,rgb8
4780,images/004780.jpg,1774267672.142701864,1774267672.135822058,0.006879807,0.405000000,0.000000000,1774267672.139022827,0.003679037,0.410254008,-0.002089654,640,480,rgb8
4781,images/004781.jpg,1774267672.175980330,1774267672.175830841,0.000149488,0.405000000,0.000000000,1774267672.159067392,0.016912937,0.410209700,0.000243680,640,480,rgb8
4782,images/004782.jpg,1774267672.209257841,1774267672.195828199,0.013429642,0.405000000,0.000000000,1774267672.199051142,0.010206699,0.410706511,0.000243680,640,480,rgb8
4783,images/004783.jpg,1774267672.242534637,1774267672.235823393,0.006711245,0.405000000,0.000000000,1774267672.239050388,0.003484249,0.410342775,-0.000778384,640,480,rgb8
4784,images/004784.jpg,1774267672.275810957,1774267672.255836725,0.019974232,0.405000000,0.000000000,1774267672.259046793,0.016764164,0.408652890,0.000221317,640,480,rgb8
4785,images/004785.jpg,1774267672.309086800,1774267672.295834541,0.013252258,0.405000000,0.000000000,1774267672.299048185,0.010038614,0.409082306,0.002705086,640,480,rgb8
4786,images/004786.jpg,1774267672.342362165,1774267672.335822582,0.006539583,0.405000000,0.000000000,1774267672.339060545,0.003301620,0.408092114,0.001154261,640,480,rgb8
4787,images/004787.jpg,1774267672.408910513,1774267672.395829678,0.013080835,0.405000000,0.000000000,1774267672.399178982,0.009731531,0.395326835,-0.003457911,640,480,rgb8
4788,images/004788.jpg,1774267672.442183495,1774267672.435817957,0.006365538,0.405000000,0.000000000,1774267672.439024210,0.003159285,0.401055467,0.005049669,640,480,rgb8
4789,images/004789.jpg,1774267672.475456238,1774267672.455819607,0.019636631,0.405000000,0.000000000,1774267672.459028244,0.016427994,0.401169747,0.009015079,640,480,rgb8
4790,images/004790.jpg,1774267672.508728266,1774267672.495817900,0.012910366,0.405000000,0.000000000,1774267672.499022961,0.009705305,0.406164834,0.013654252,640,480,rgb8
4791,images/004791.jpg,1774267672.541999817,1774267672.535835028,0.006164789,0.405000000,0.000000000,1774267672.539055586,0.002944231,0.429452594,0.014702583,640,480,rgb8
4792,images/004792.jpg,1774267672.575270414,1774267672.555840492,0.019429922,0.405000000,0.000000000,1774267672.559060574,0.016209841,0.429900557,0.018116313,640,480,rgb8
4793,images/004793.jpg,1774267672.608540773,1774267672.595835447,0.012705326,0.405000000,0.000000000,1774267672.599070072,0.009470701,0.416540530,0.023911884,640,480,rgb8
4794,images/004794.jpg,1774267672.641810417,1774267672.635832548,0.005977869,0.405000000,0.000000000,1774267672.639067888,0.002742529,0.409752390,0.027048659,640,480,rgb8
4795,images/004795.jpg,1774267672.675079346,1774267672.655890226,0.019189119,0.405000000,0.000000000,1774267672.659122705,0.015956640,0.409937376,0.028105736,640,480,rgb8
4796,images/004796.jpg,1774267672.708347559,1774267672.695823193,0.012524366,0.405000000,0.000000000,1774267672.699051857,0.009295702,0.407290684,0.015317717,640,480,rgb8
4797,images/004797.jpg,1774267672.741615295,1774267672.735815525,0.005799770,0.405000000,0.000000000,1774267672.739027023,0.002588272,0.407044904,0.011182523,640,480,rgb8
4798,images/004798.jpg,1774267672.774882317,1774267672.755824089,0.019058228,0.405000000,0.000000000,1774267672.759046555,0.015835762,0.407186787,0.011155104,640,480,rgb8
4799,images/004799.jpg,1774267672.808148861,1774267672.795818806,0.012330055,0.405000000,0.000000000,1774267672.799032211,0.009116650,0.405334802,0.006873142,640,480,rgb8
4800,images/004800.jpg,1774267672.841414690,1774267672.835818052,0.005596638,0.405000000,0.000000000,1774267672.839051485,0.002363205,0.405566263,0.003817851,640,480,rgb8
4801,images/004801.jpg,1774267672.874680042,1774267672.855820179,0.018859863,0.405000000,0.000000000,1774267672.859052181,0.015627861,0.405098351,0.003773715,640,480,rgb8
4802,images/004802.jpg,1774267672.907944679,1774267672.895821095,0.012123585,0.405000000,0.000000000,1774267672.899063110,0.008881569,0.406477100,0.001230524,640,480,rgb8
4803,images/004803.jpg,1774267672.941208839,1774267672.935830832,0.005378008,0.405000000,0.000000000,1774267672.939068794,0.002140045,0.342277369,0.004012139,640,480,rgb8
4804,images/004804.jpg,1774267672.974473715,1774267672.955816269,0.018657446,0.405000000,0.000000000,1774267672.959061384,0.015412331,0.341615594,0.006801736,640,480,rgb8
4805,images/004805.jpg,1774267673.007804871,1774267672.995840549,0.011964321,0.405000000,0.000000000,1774267672.999074459,0.008730412,0.384299264,0.011671997,640,480,rgb8
4806,images/004806.jpg,1774267673.041136265,1774267673.035829067,0.005307198,0.405000000,0.000000000,1774267673.039055586,0.002080679,0.381325863,0.005743712,640,480,rgb8
4807,images/004807.jpg,1774267673.074467182,1774267673.055832148,0.018635035,0.405000000,0.000000000,1774267673.059070826,0.015396357,0.393769469,0.003831463,640,480,rgb8
4808,images/004808.jpg,1774267673.107754230,1774267673.095818758,0.011935472,0.405000000,0.000000000,1774267673.099066257,0.008687973,0.393765379,-0.001424720,640,480,rgb8
4809,images/004809.jpg,1774267673.141040564,1774267673.135820389,0.005220175,0.405000000,0.000000000,1774267673.139064789,0.001975775,0.401064928,0.002480411,640,480,rgb8
4810,images/004810.jpg,1774267673.174326181,1774267673.155817509,0.018508673,0.405000000,0.000000000,1774267673.159029007,0.015297174,0.404069724,0.015545127,640,480,rgb8
4811,images/004811.jpg,1774267673.207611084,1774267673.195818663,0.011792421,0.405000000,0.000000000,1774267673.199041605,0.008569479,0.406965539,0.017960926,640,480,rgb8
4812,images/004812.jpg,1774267673.240895510,1774267673.235819101,0.005076408,0.405000000,0.000000000,1774267673.239038467,0.001857042,0.407446249,0.032631969,640,480,rgb8
4813,images/004813.jpg,1774267673.274179459,1774267673.255809069,0.018370390,0.405000000,0.000000000,1774267673.259058475,0.015120983,0.407602308,0.030976624,640,480,rgb8
4814,images/004814.jpg,1774267673.307462931,1774267673.295838356,0.011624575,0.405000000,0.000000000,1774267673.299052954,0.008409977,0.406458457,0.025639540,640,480,rgb8
4815,images/004815.jpg,1774267673.340745449,1774267673.335823774,0.004921675,0.405000000,0.000000000,1774267673.339091301,0.001654148,0.356115029,0.022318299,640,480,rgb8
4816,images/004816.jpg,1774267673.374027491,1774267673.355822325,0.018205166,0.405000000,0.000000000,1774267673.359044790,0.014982700,0.387571174,0.021628146,640,480,rgb8
4817,images/004817.jpg,1774267673.407309055,1774267673.395811558,0.011497498,0.405000000,0.000000000,1774267673.399035454,0.008273602,0.387397126,0.012029997,640,480,rgb8
4818,images/004818.jpg,1774267673.440590143,1774267673.435826540,0.004763603,0.405000000,0.000000000,1774267673.439131498,0.001458645,0.399137548,0.010130401,640,480,rgb8
4819,images/004819.jpg,1774267673.507150173,1774267673.495819092,0.011331081,0.405000000,0.000000000,1774267673.499068022,0.008082151,0.406783397,0.008745401,640,480,rgb8
4820,images/004820.jpg,1774267673.540429115,1774267673.535825253,0.004603863,0.405000000,0.000000000,1774267673.539023638,0.001405478,0.407074886,0.017799561,640,480,rgb8
4821,images/004821.jpg,1774267673.573707819,1774267673.555816174,0.017891645,0.405000000,0.000000000,1774267673.559028864,0.014678955,0.406280836,0.014347474,640,480,rgb8
4822,images/004822.jpg,1774267673.606985807,1774267673.595830202,0.011155605,0.405000000,0.000000000,1774267673.599049568,0.007936239,0.407388441,0.010924974,640,480,rgb8
4823,images/004823.jpg,1774267673.640263081,1774267673.635816097,0.004446983,0.405000000,0.000000000,1774267673.639049530,0.001213551,0.407982427,0.005039683,640,480,rgb8
4824,images/004824.jpg,1774267673.673539877,1774267673.655825853,0.017714024,0.405000000,0.000000000,1774267673.659054279,0.014485598,0.408130858,0.001133871,640,480,rgb8
4825,images/004825.jpg,1774267673.706816196,1774267673.695831537,0.010984659,0.405000000,0.000000000,1774267673.699159622,0.007656574,0.409981157,0.000550498,640,480,rgb8
4826,images/004826.jpg,1774267673.740091801,1774267673.735822916,0.004268885,0.405000000,0.000000000,1774267673.739054203,0.001037598,0.409039205,0.004467597,640,480,rgb8
4827,images/004827.jpg,1774267673.773366690,1774267673.755828381,0.017538309,0.405000000,0.000000000,1774267673.759064913,0.014301777,0.409191045,0.002516442,640,480,rgb8
4828,images/004828.jpg,1774267673.806641102,1774267673.795811892,0.010829210,0.405000000,0.000000000,1774267673.799046993,0.007594109,0.408086825,0.002530547,640,480,rgb8
4829,images/004829.jpg,1774267673.839915037,1774267673.835822582,0.004092455,0.405000000,0.000000000,1774267673.839033127,0.000881910,0.395698510,0.006610913,640,480,rgb8
4830,images/004830.jpg,1774267673.873188257,1774267673.855827332,0.017360926,0.405000000,0.000000000,1774267673.859057188,0.014131069,0.395688588,0.007178448,640,480,rgb8
4831,images/004831.jpg,1774267673.906461000,1774267673.895828009,0.010632992,0.405000000,0.000000000,1774267673.899025440,0.007435560,0.402196983,0.002739671,640,480,rgb8
4832,images/004832.jpg,1774267673.939733028,1774267673.935836315,0.003896713,0.405000000,0.000000000,1774267673.939008951,0.000724077,0.404760019,0.003123821,640,480,rgb8
4833,images/004833.jpg,1774267673.973004341,1774267673.955822229,0.017182112,0.405000000,0.000000000,1774267673.959049702,0.013954639,0.404859478,0.006528393,640,480,rgb8
4834,images/004834.jpg,1774267674.006275415,1774267673.995840788,0.010434628,0.405000000,0.000000000,1774267673.999050140,0.007225275,0.407340975,0.008113097,640,480,rgb8
4835,images/004835.jpg,1774267674.039545536,1774267674.035815001,0.003730536,0.405000000,0.000000000,1774267674.039051294,0.000494242,0.406873101,0.015056779,640,480,rgb8
4836,images/004836.jpg,1774267674.072816610,1774267674.055834770,0.016981840,0.405000000,0.000000000,1774267674.059057474,0.013759136,0.406550766,0.016064027,640,480,rgb8
4837,images/004837.jpg,1774267674.106138945,1774267674.095884085,0.010254860,0.405000000,0.000000000,1774267674.099066019,0.007072926,0.406776181,0.021835558,640,480,rgb8
4838,images/004838.jpg,1774267674.139461517,1774267674.135827541,0.003633976,0.405000000,0.000000000,1774267674.139052868,0.000408649,0.408111360,0.023410235,640,480,rgb8
4839,images/004839.jpg,1774267674.206414223,1774267674.195827723,0.010586500,0.405000000,0.000000000,1774267674.199084044,0.007330179,0.355764147,0.016827508,640,480,rgb8
4840,images/004840.jpg,1774267674.239893436,1774267674.235820293,0.004073143,0.405000000,0.000000000,1774267674.239032030,0.000861406,0.381567856,0.007549722,640,480,rgb8
4841,images/004841.jpg,1774267674.273374557,1774267674.255815744,0.017558813,0.405000000,0.000000000,1774267674.259024143,0.014350414,0.381374277,0.007125865,640,480,rgb8
4842,images/004842.jpg,1774267674.306856871,1774267674.295822859,0.011034012,0.405000000,0.000000000,1774267674.299035549,0.007821321,0.399501352,-0.002929653,640,480,rgb8
4843,images/004843.jpg,1774267674.340341330,1774267674.335826874,0.004514456,0.405000000,0.000000000,1774267674.339044333,0.001296997,0.405501475,-0.007329258,640,480,rgb8
4844,images/004844.jpg,1774267674.373827457,1774267674.355820179,0.018007278,0.405000000,0.000000000,1774267674.359071493,0.014755964,0.405601886,-0.000571741,640,480,rgb8
4845,images/004845.jpg,1774267674.407315493,1774267674.395823479,0.011492014,0.405000000,0.000000000,1774267674.399255037,0.008060455,0.406035883,0.000970559,640,480,rgb8
4846,images/004846.jpg,1774267674.440804958,1774267674.435822725,0.004982233,0.405000000,0.000000000,1774267674.439123392,0.001681566,0.407088885,0.004435240,640,480,rgb8
4847,images/004847.jpg,1774267674.474296093,1774267674.455826759,0.018469334,0.405000000,0.000000000,1774267674.459119081,0.015177011,0.407202251,0.005815968,640,480,rgb8
4848,images/004848.jpg,1774267674.507789373,1774267674.495813370,0.011976004,0.405000000,0.000000000,1774267674.499063492,0.008725882,0.381572958,0.008465036,640,480,rgb8
4849,images/004849.jpg,1774267674.541284084,1774267674.535824060,0.005460024,0.405000000,0.000000000,1774267674.539019346,0.002264738,0.396678589,0.018434250,640,480,rgb8
4850,images/004850.jpg,1774267674.608278990,1774267674.595827818,0.012451172,0.405000000,0.000000000,1774267674.599009275,0.009269714,0.336989426,0.004014809,640,480,rgb8
4851,images/004851.jpg,1774267674.641778946,1774267674.635814905,0.005964041,0.405000000,0.000000000,1774267674.639041901,0.002737045,0.379260809,-0.000287783,640,480,rgb8
4852,images/004852.jpg,1774267674.675280809,1774267674.655827045,0.019453764,0.405000000,0.000000000,1774267674.659043789,0.016237020,0.379059811,0.003514454,640,480,rgb8
4853,images/004853.jpg,1774267674.708784103,1774267674.695815086,0.012969017,0.405000000,0.000000000,1774267674.699052811,0.009731293,0.400921697,0.008756689,640,480,rgb8
4854,images/004854.jpg,1774267674.742289543,1774267674.735837460,0.006452084,0.000000000,-0.810000000,1774267674.739064455,0.003225088,0.406362830,0.007617304,640,480,rgb8
4855,images/004855.jpg,1774267674.775796413,1774267674.755819082,0.019977331,0.000000000,-0.810000000,1774267674.759046078,0.016750336,0.406236076,0.011096716,640,480,rgb8
4856,images/004856.jpg,1774267674.809305191,1774267674.795837641,0.013467550,0.000000000,-0.810000000,1774267674.799177885,0.010127306,0.386512766,-0.005802029,640,480,rgb8
4857,images/004857.jpg,1774267674.842815638,1774267674.835834265,0.006981373,0.000000000,-0.810000000,1774267674.839105844,0.003709793,0.386277016,-0.122197677,640,480,rgb8
4858,images/004858.jpg,1774267674.876327991,1774267674.875828266,0.000499725,0.405000000,0.000000000,1774267674.859030724,0.017297268,0.330779893,-0.244662912,640,480,rgb8
4859,images/004859.jpg,1774267674.909841776,1774267674.895822763,0.014019012,0.405000000,0.000000000,1774267674.899041653,0.010800123,0.310325032,-0.350652654,640,480,rgb8
4860,images/004860.jpg,1774267674.943357706,1774267674.935824156,0.007533550,0.405000000,0.000000000,1774267674.939042568,0.004315138,0.200241126,-0.439206367,640,480,rgb8
4861,images/004861.jpg,1774267674.976875067,1774267674.975834608,0.001040459,0.405000000,0.000000000,1774267674.959055185,0.017819881,0.197896368,-0.453661263,640,480,rgb8
4862,images/004862.jpg,1774267675.010394096,1774267674.995834112,0.014559984,0.405000000,0.000000000,1774267674.999048233,0.011345863,0.160942191,-0.392939758,640,480,rgb8
4863,images/004863.jpg,1774267675.043915033,1774267675.035862207,0.008052826,0.405000000,0.000000000,1774267675.039069414,0.004845619,0.159056197,-0.262069532,640,480,rgb8
4864,images/004864.jpg,1774267675.077437639,1774267675.075835705,0.001601934,0.405000000,0.000000000,1774267675.059064388,0.018373251,0.156367110,-0.166585125,640,480,rgb8
4865,images/004865.jpg,1774267675.110962152,1774267675.095840454,0.015121698,0.004901500,0.000000000,1774267675.099036217,0.011925936,0.201011312,-0.085039041,640,480,rgb8
4866,images/004866.jpg,1774267675.144483805,1774267675.135856628,0.008627176,0.000000000,0.000000000,1774267675.139065981,0.005417824,0.277959986,-0.066950026,640,480,rgb8
4867,images/004867.jpg,1774267675.177832603,1774267675.175837278,0.001995325,0.000000000,0.000000000,1774267675.159047127,0.018785477,0.341462403,-0.044008311,640,480,rgb8
4868,images/004868.jpg,1774267675.211180925,1774267675.195842743,0.015338182,0.000000000,0.000000000,1774267675.199071169,0.012109756,0.365302518,-0.030757810,640,480,rgb8
4869,images/004869.jpg,1774267675.244529247,1774267675.235820770,0.008708477,0.000000000,0.000000000,1774267675.239066362,0.005462885,0.365247676,-0.017670282,640,480,rgb8
4870,images/004870.jpg,1774267675.311181068,1774267675.295826435,0.015354633,0.000000000,0.000000000,1774267675.299055099,0.012125969,0.206202697,-0.015061722,640,480,rgb8
4871,images/004871.jpg,1774267675.344506502,1774267675.335826397,0.008680105,0.000000000,0.000000000,1774267675.339042187,0.005464315,0.173131907,-0.000203791,640,480,rgb8
4872,images/004872.jpg,1774267675.377831459,1774267675.375815630,0.002015829,0.405000000,0.000000000,1774267675.359048605,0.018782854,0.170824561,0.038857654,640,480,rgb8
4873,images/004873.jpg,1774267675.411156416,1774267675.395815134,0.015341282,0.405000000,0.000000000,1774267675.399084806,0.012071609,0.088106057,0.037983017,640,480,rgb8
4874,images/004874.jpg,1774267675.444481134,1774267675.435829639,0.008651495,0.405000000,0.000000000,1774267675.439058542,0.005422592,0.033123771,-0.012769628,640,480,rgb8
4875,images/004875.jpg,1774267675.477805614,1774267675.475832224,0.001973391,0.405000000,0.000000000,1774267675.459072590,0.018733025,0.045657174,-0.021673957,640,480,rgb8
4876,images/004876.jpg,1774267675.511129618,1774267675.495834351,0.015295267,0.405000000,0.000000000,1774267675.499434471,0.011695147,0.101897558,-0.007783599,640,480,rgb8
4877,images/004877.jpg,1774267675.544453621,1774267675.535833120,0.008620501,0.405000000,0.000000000,1774267675.539054632,0.005398989,0.096248480,-0.009284761,640,480,rgb8
4878,images/004878.jpg,1774267675.577777147,1774267675.575816393,0.001960754,0.405000000,0.000000000,1774267675.559025764,0.018751383,0.209511412,-0.003476827,640,480,rgb8
4879,images/004879.jpg,1774267675.611100674,1774267675.595816851,0.015283823,0.405000000,0.000000000,1774267675.599048376,0.012052298,0.228153661,-0.015464547,640,480,rgb8
4880,images/004880.jpg,1774267675.644423485,1774267675.635814190,0.008609295,0.405000000,0.000000000,1774267675.639039040,0.005384445,0.293150612,-0.015600403,640,480,rgb8
4881,images/004881.jpg,1774267675.711069107,1774267675.695780993,0.015288115,0.405000000,0.000000000,1774267675.699077368,0.011991739,0.368639634,-0.016884892,640,480,rgb8
4882,images/004882.jpg,1774267675.744391441,1774267675.735812902,0.008578539,0.405000000,0.000000000,1774267675.739020824,0.005370617,0.355606895,0.009463725,640,480,rgb8
4883,images/004883.jpg,1774267675.777713299,1774267675.775821924,0.001891375,0.405000000,0.000000000,1774267675.759021521,0.018691778,0.355987402,0.030581833,640,480,rgb8
4884,images/004884.jpg,1774267675.811035156,1774267675.795834303,0.015200853,0.405000000,0.000000000,1774267675.799032450,0.012002707,0.390216815,0.006733856,640,480,rgb8
4885,images/004885.jpg,1774267675.844356775,1774267675.835829735,0.008527040,0.405000000,0.000000000,1774267675.839054585,0.005302191,0.401317517,0.003462482,640,480,rgb8
4886,images/004886.jpg,1774267675.877677917,1774267675.875808001,0.001869917,0.405000000,0.000000000,1774267675.859052181,0.018625736,0.402222015,0.006894449,640,480,rgb8
4887,images/004887.jpg,1774267675.910998821,1774267675.895837545,0.015161276,0.405000000,0.000000000,1774267675.899122953,0.011875868,0.405335938,0.011433299,640,480,rgb8
4888,images/004888.jpg,1774267675.944319487,1774267675.935816765,0.008502722,0.405000000,0.000000000,1774267675.939050436,0.005269051,0.407017352,0.000705906,640,480,rgb8
4889,images/004889.jpg,1774267675.977640152,1774267675.975820780,0.001819372,0.405000000,0.000000000,1774267675.959085941,0.018554211,0.407937340,0.002027755,640,480,rgb8
4890,images/004890.jpg,1774267676.010960102,1774267675.995815277,0.015144825,0.405000000,0.000000000,1774267675.999014139,0.011945963,0.417237908,0.006129360,640,480,rgb8
4891,images/004891.jpg,1774267676.044280291,1774267676.035809994,0.008470297,0.405000000,0.000000000,1774267676.039021254,0.005259037,0.419235726,0.004516189,640,480,rgb8
4892,images/004892.jpg,1774267676.077599764,1774267676.075812817,0.001786947,0.405000000,0.000000000,1774267676.059020996,0.018578768,0.348355867,0.004463527,640,480,rgb8
4893,images/004893.jpg,1774267676.110919237,1774267676.095820189,0.015099049,0.405000000,0.000000000,1774267676.099031687,0.011887550,0.385590767,0.006974677,640,480,rgb8
4894,images/004894.jpg,1774267676.144238472,1774267676.135810137,0.008428335,0.405000000,0.000000000,1774267676.139045715,0.005192757,0.397854062,0.013402997,640,480,rgb8
4895,images/004895.jpg,1774267676.177557468,1774267676.175819159,0.001738310,0.405000000,0.000000000,1774267676.159080744,0.018476725,0.398562307,0.017827246,640,480,rgb8
4896,images/004896.jpg,1774267676.210875988,1774267676.195823193,0.015052795,0.405000000,0.000000000,1774267676.199068785,0.011807203,0.402750985,0.015580815,640,480,rgb8
4897,images/004897.jpg,1774267676.244194984,1774267676.235819817,0.008375168,0.405000000,0.000000000,1774267676.239078283,0.005116701,0.405897899,0.006656271,640,480,rgb8
4898,images/004898.jpg,1774267676.277539492,1774267676.275835991,0.001703501,0.405000000,0.000000000,1774267676.259037495,0.018501997,0.406656691,0.003489241,640,480,rgb8
4899,images/004899.jpg,1774267676.310883999,1774267676.295826435,0.015057564,0.405000000,0.000000000,1774267676.299087048,0.011796951,0.406711721,-0.000025933,640,480,rgb8
4900,images/004900.jpg,1774267676.344228506,1774267676.335802317,0.008426189,0.405000000,0.000000000,1774267676.339010000,0.005218506,0.406257966,-0.006467552,640,480,rgb8
4901,images/004901.jpg,1774267676.410902262,1774267676.395786047,0.015116215,0.405000000,0.000000000,1774267676.399068594,0.011833668,0.408097274,-0.016999392,640,480,rgb8
4902,images/004902.jpg,1774267676.444238663,1774267676.435832977,0.008405685,0.405000000,0.000000000,1774267676.439047575,0.005191088,0.406947965,-0.000988377,640,480,rgb8
4903,images/004903.jpg,1774267676.477575302,1774267676.475824356,0.001750946,0.405000000,0.000000000,1774267676.459057093,0.018518209,0.407632249,0.003973240,640,480,rgb8
4904,images/004904.jpg,1774267676.510911226,1774267676.495828390,0.015082836,0.405000000,0.000000000,1774267676.499023438,0.011887789,0.406433471,0.008315799,640,480,rgb8
4905,images/004905.jpg,1774267676.544247150,1774267676.535826206,0.008420944,0.405000000,0.000000000,1774267676.539034605,0.005212545,0.406578136,0.005044141,640,480,rgb8
4906,images/004906.jpg,1774267676.577582598,1774267676.575815201,0.001767397,0.405000000,0.000000000,1774267676.559082031,0.018500566,0.407218649,0.009564774,640,480,rgb8
4907,images/004907.jpg,1774267676.610918045,1774267676.595816851,0.015101194,0.405000000,0.000000000,1774267676.599050760,0.011867285,0.405731105,0.016916818,640,480,rgb8
4908,images/004908.jpg,1774267676.644253254,1774267676.635776997,0.008476257,0.405000000,0.000000000,1774267676.639061213,0.005192041,0.406021887,0.020141284,640,480,rgb8
4909,images/004909.jpg,1774267676.677588224,1774267676.675830603,0.001757622,0.405000000,0.000000000,1774267676.659096956,0.018491268,0.406617199,0.016366715,640,480,rgb8
4910,images/004910.jpg,1774267676.710922956,1774267676.695821285,0.015101671,0.405000000,0.000000000,1774267676.699038506,0.011884451,0.407574176,0.008194193,640,480,rgb8
4911,images/004911.jpg,1774267676.744257212,1774267676.735831499,0.008425713,0.405000000,0.000000000,1774267676.739023209,0.005234003,0.406024641,0.008922316,640,480,rgb8
4912,images/004912.jpg,1774267676.810925484,1774267676.795837164,0.015088320,0.405000000,0.000000000,1774267676.799061298,0.011864185,0.404636319,0.010303943,640,480,rgb8
4913,images/004913.jpg,1774267676.844259262,1774267676.835817099,0.008442163,0.405000000,0.000000000,1774267676.839030266,0.005228996,0.404952291,0.011015174,640,480,rgb8
4914,images/004914.jpg,1774267676.877592802,1774267676.875817776,0.001775026,0.405000000,0.000000000,1774267676.859035730,0.018557072,0.404553866,0.009381228,640,480,rgb8
4915,images/004915.jpg,1774267676.910926342,1774267676.895817995,0.015108347,0.405000000,0.000000000,1774267676.899029732,0.011896610,0.405556034,0.007954441,640,480,rgb8
4916,images/004916.jpg,1774267676.944259167,1774267676.935822964,0.008436203,0.405000000,0.000000000,1774267676.939035416,0.005223751,0.405984108,-0.002215209,640,480,rgb8
4917,images/004917.jpg,1774267676.977592230,1774267676.975835085,0.001757145,0.405000000,0.000000000,1774267676.959058285,0.018533945,0.405439628,-0.001693368,640,480,rgb8
4918,images/004918.jpg,1774267677.010924816,1774267676.995819807,0.015105009,0.405000000,0.000000000,1774267676.999068260,0.011856556,0.406800381,0.000641542,640,480,rgb8
4919,images/004919.jpg,1774267677.044257402,1774267677.035816669,0.008440733,0.405000000,0.000000000,1774267677.039039135,0.005218267,0.405490873,0.000801995,640,480,rgb8
4920,images/004920.jpg,1774267677.077589512,1774267677.075819254,0.001770258,0.405000000,0.000000000,1774267677.059063196,0.018526316,0.405949896,0.002801047,640,480,rgb8
4921,images/004921.jpg,1774267677.110921621,1774267677.095816374,0.015105247,0.405000000,0.000000000,1774267677.098999023,0.011922598,0.405102665,-0.000625223,640,480,rgb8
4922,images/004922.jpg,1774267677.144253492,1774267677.135831833,0.008421659,0.405000000,0.000000000,1774267677.139052391,0.005201101,0.406011101,-0.002893057,640,480,rgb8
4923,images/004923.jpg,1774267677.177584887,1774267677.175830126,0.001754761,0.405000000,0.000000000,1774267677.159063339,0.018521547,0.406448933,-0.006707036,640,480,rgb8
4924,images/004924.jpg,1774267677.210916281,1774267677.195818424,0.015097857,0.405000000,0.000000000,1774267677.199082375,0.011833906,0.405455813,-0.004382545,640,480,rgb8
4925,images/004925.jpg,1774267677.244247198,1774267677.235826015,0.008421183,0.405000000,0.000000000,1774267677.239067078,0.005180120,0.405034146,0.001293602,640,480,rgb8
4926,images/004926.jpg,1774267677.277578115,1774267677.275835752,0.001742363,0.405000000,0.000000000,1774267677.259096861,0.018481255,0.406168107,-0.002558050,640,480,rgb8
4927,images/004927.jpg,1774267677.310908794,1774267677.295830250,0.015078545,0.405000000,0.000000000,1774267677.299095154,0.011813641,0.406985913,-0.007003800,640,480,rgb8
4928,images/004928.jpg,1774267677.344239473,1774267677.335829735,0.008409739,0.405000000,0.000000000,1774267677.339055538,0.005183935,0.366480467,-0.000761557,640,480,rgb8
4929,images/004929.jpg,1774267677.377580643,1774267677.375841141,0.001739502,0.405000000,0.000000000,1774267677.359066725,0.018513918,0.401660703,-0.000678485,640,480,rgb8
4930,images/004930.jpg,1774267677.410921574,1774267677.395842075,0.015079498,0.405000000,0.000000000,1774267677.399072409,0.011849165,0.404984310,0.002026827,640,480,rgb8
4931,images/004931.jpg,1774267677.444262981,1774267677.435823202,0.008439779,0.405000000,0.000000000,1774267677.439071894,0.005191088,0.406696205,0.005458248,640,480,rgb8
4932,images/004932.jpg,1774267677.510944128,1774267677.495820522,0.015123606,0.405000000,0.000000000,1774267677.500005245,0.010938883,0.406315646,0.009449458,640,480,rgb8
4933,images/004933.jpg,1774267677.544284105,1774267677.535818577,0.008465528,0.405000000,0.000000000,1774267677.539008856,0.005275249,0.405958721,0.022125365,640,480,rgb8
4934,images/004934.jpg,1774267677.577624321,1774267677.575821638,0.001802683,0.405000000,0.000000000,1774267677.559031010,0.018593311,0.406134655,0.021913171,640,480,rgb8
4935,images/004935.jpg,1774267677.610964060,1774267677.595839024,0.015125036,0.405000000,0.000000000,1774267677.599079370,0.011884689,0.406846592,0.021913171,640,480,rgb8
4936,images/004936.jpg,1774267677.644303799,1774267677.635821342,0.008482456,0.405000000,0.000000000,1774267677.639019966,0.005283833,0.405579853,0.012817188,640,480,rgb8
4937,images/004937.jpg,1774267677.677643061,1774267677.675827980,0.001815081,0.405000000,0.000000000,1774267677.659018755,0.018624306,0.405911064,0.013875201,640,480,rgb8
4938,images/004938.jpg,1774267677.710982084,1774267677.695820332,0.015161753,0.405000000,0.000000000,1774267677.699205875,0.011776209,0.405090114,0.014054399,640,480,rgb8
4939,images/004939.jpg,1774267677.744321108,1774267677.735830307,0.008490801,0.405000000,0.000000000,1774267677.739053249,0.005267859,0.404060925,0.012822635,640,480,rgb8
4940,images/004940.jpg,1774267677.777659893,1774267677.775826931,0.001832962,0.405000000,0.000000000,1774267677.759085655,0.018574238,0.404354287,0.010872213,640,480,rgb8
4941,images/004941.jpg,1774267677.810998440,1774267677.795819283,0.015179157,0.405000000,0.000000000,1774267677.799046278,0.011952162,0.402925829,0.009273934,640,480,rgb8
4942,images/004942.jpg,1774267677.844336748,1774267677.835826874,0.008509874,0.405000000,0.000000000,1774267677.839030266,0.005306482,0.402557526,-0.006746347,640,480,rgb8
4943,images/004943.jpg,1774267677.877674818,1774267677.875826836,0.001847982,0.405000000,0.000000000,1774267677.859053612,0.018621206,0.402815616,-0.008088136,640,480,rgb8
4944,images/004944.jpg,1774267677.911012650,1774267677.895826817,0.015185833,0.405000000,0.000000000,1774267677.899016857,0.011995792,0.404433124,-0.002701948,640,480,rgb8
4945,images/004945.jpg,1774267677.944350481,1774267677.935822487,0.008527994,0.405000000,0.000000000,1774267677.939027071,0.005323410,0.404975654,0.002733846,640,480,rgb8
4946,images/004946.jpg,1774267677.977688074,1774267677.975823402,0.001864672,0.405000000,0.000000000,1774267677.959036589,0.018651485,0.405902094,0.006256486,640,480,rgb8
4947,images/004947.jpg,1774267678.011025190,1774267677.995826721,0.015198469,0.405000000,0.000000000,1774267677.999065161,0.011960030,0.405813362,0.010790620,640,480,rgb8
4948,images/004948.jpg,1774267678.044362307,1774267678.035834551,0.008527756,0.405000000,0.000000000,1774267678.039044857,0.005317450,0.406293483,0.005750707,640,480,rgb8
4949,images/004949.jpg,1774267678.077699184,1774267678.075831890,0.001867294,0.405000000,0.000000000,1774267678.059099674,0.018599510,0.406564735,0.005750707,640,480,rgb8
4950,images/004950.jpg,1774267678.111035824,1774267678.095853806,0.015182018,0.405000000,0.000000000,1774267678.099864960,0.011170864,0.405416789,0.005120419,640,480,rgb8
4951,images/004951.jpg,1774267678.144372225,1774267678.135833502,0.008538723,0.405000000,0.000000000,1774267678.139061928,0.005310297,0.405794767,0.022625306,640,480,rgb8
4952,images/004952.jpg,1774267678.177708387,1774267678.175821304,0.001887083,0.405000000,0.000000000,1774267678.159087896,0.018620491,0.406043483,0.024994882,640,480,rgb8
4953,images/004953.jpg,1774267678.211044550,1774267678.195823669,0.015220881,0.405000000,0.000000000,1774267678.199040651,0.012003899,0.407729598,0.013506430,640,480,rgb8
4954,images/004954.jpg,1774267678.244380236,1774267678.235826254,0.008553982,0.405000000,0.000000000,1774267678.239052296,0.005327940,0.408375702,0.010745947,640,480,rgb8
4955,images/004955.jpg,1774267678.277715921,1774267678.275826216,0.001889706,0.405000000,0.000000000,1774267678.259179592,0.018536329,0.406615795,0.014529197,640,480,rgb8
4956,images/004956.jpg,1774267678.311051369,1774267678.295828581,0.015222788,0.405000000,0.000000000,1774267678.299041748,0.012009621,0.407093295,0.015022994,640,480,rgb8
4957,images/004957.jpg,1774267678.344386339,1774267678.335834742,0.008551598,0.405000000,0.000000000,1774267678.339051962,0.005334377,0.405647963,0.013123115,640,480,rgb8
4958,images/004958.jpg,1774267678.377721310,1774267678.375838995,0.001882315,0.405000000,0.000000000,1774267678.359061241,0.018660069,0.406661032,0.013179505,640,480,rgb8
4959,images/004959.jpg,1774267678.411056042,1774267678.395838022,0.015218019,0.405000000,0.000000000,1774267678.399075985,0.011980057,0.406561028,0.006045054,640,480,rgb8
4960,images/004960.jpg,1774267678.444390535,1774267678.435842991,0.008547544,0.405000000,0.000000000,1774267678.439045191,0.005345345,0.406560116,0.007014785,640,480,rgb8
4961,images/004961.jpg,1774267678.477728844,1774267678.475845575,0.001883268,0.405000000,0.000000000,1774267678.459074020,0.018654823,0.406774447,0.007014785,640,480,rgb8
4962,images/004962.jpg,1774267678.511066675,1774267678.495843887,0.015222788,0.405000000,0.000000000,1774267678.499032259,0.012034416,0.408922469,0.003875377,640,480,rgb8
4963,images/004963.jpg,1774267678.544404507,1774267678.535847425,0.008557081,0.405000000,0.000000000,1774267678.539022207,0.005382299,0.407312688,0.006561647,640,480,rgb8
4964,images/004964.jpg,1774267678.577723503,1774267678.575834513,0.001888990,0.405000000,0.000000000,1774267678.559075832,0.018647671,0.407522295,0.012833567,640,480,rgb8
4965,images/004965.jpg,1774267678.611042023,1774267678.595830679,0.015211344,0.405000000,0.000000000,1774267678.599063396,0.011978626,0.406951309,0.007699783,640,480,rgb8
4966,images/004966.jpg,1774267678.644360065,1774267678.635813236,0.008546829,0.405000000,0.000000000,1774267678.639031887,0.005328178,0.407498733,0.015178325,640,480,rgb8
4967,images/004967.jpg,1774267678.677677870,1774267678.675836563,0.001841307,0.405000000,0.000000000,1774267678.659048319,0.018629551,0.407697746,0.009669975,640,480,rgb8
4968,images/004968.jpg,1774267678.710995436,1774267678.695837259,0.015158176,0.405000000,0.000000000,1774267678.699053526,0.011941910,0.406096496,0.006995506,640,480,rgb8
4969,images/004969.jpg,1774267678.744312525,1774267678.735823870,0.008488655,0.405000000,0.000000000,1774267678.739031553,0.005280972,0.405480098,0.001625610,640,480,rgb8
4970,images/004970.jpg,1774267678.777629375,1774267678.775824070,0.001805305,0.405000000,0.000000000,1774267678.759030104,0.018599272,0.404971177,0.002125684,640,480,rgb8
4971,images/004971.jpg,1774267678.810945749,1774267678.795828342,0.015117407,0.405000000,0.000000000,1774267678.799059391,0.011886358,0.405281504,0.004228990,640,480,rgb8
4972,images/004972.jpg,1774267678.844261885,1774267678.835815907,0.008445978,0.405000000,0.000000000,1774267678.839025259,0.005236626,0.406895232,0.003490979,640,480,rgb8
4973,images/004973.jpg,1774267678.877577782,1774267678.875812769,0.001765013,0.405000000,0.000000000,1774267678.859022617,0.018555164,0.360921615,0.001699133,640,480,rgb8
4974,images/004974.jpg,1774267678.910893202,1774267678.895813465,0.015079737,0.405000000,0.000000000,1774267678.899027348,0.011865854,0.382701676,0.002934886,640,480,rgb8
4975,images/004975.jpg,1774267679.010837793,1774267678.996803761,0.014034033,0.405000000,0.000000000,1774267678.999075651,0.011762142,0.338038037,0.014772090,640,480,rgb8
4976,images/004976.jpg,1774267679.044152021,1774267679.035828114,0.008323908,0.405000000,0.000000000,1774267679.039017439,0.005134583,0.380991955,0.008092844,640,480,rgb8
4977,images/004977.jpg,1774267679.077465773,1774267679.075818300,0.001647472,0.405000000,0.000000000,1774267679.059059858,0.018405914,0.400144315,0.007938116,640,480,rgb8
4978,images/004978.jpg,1774267679.110779524,1774267679.095843315,0.014936209,0.405000000,0.000000000,1774267679.099060059,0.011719465,0.411501902,0.009959076,640,480,rgb8
4979,images/004979.jpg,1774267679.144092560,1774267679.135831356,0.008261204,0.405000000,0.000000000,1774267679.139063358,0.005029202,0.411989408,0.005395487,640,480,rgb8
4980,images/004980.jpg,1774267679.177405596,1774267679.175832748,0.001572847,0.405000000,0.000000000,1774267679.159048557,0.018357038,0.411503908,0.010248294,640,480,rgb8
4981,images/004981.jpg,1774267679.210717916,1774267679.195823431,0.014894485,0.405000000,0.000000000,1774267679.199100494,0.011617422,0.411235749,0.013944479,640,480,rgb8
4982,images/004982.jpg,1774267679.244030237,1774267679.235799074,0.008231163,0.405000000,0.000000000,1774267679.239030600,0.004999638,0.409059141,0.012808786,640,480,rgb8
4983,images/004983.jpg,1774267679.277342081,1774267679.275820732,0.001521349,0.405000000,0.000000000,1774267679.259105921,0.018236160,0.409253556,0.007349079,640,480,rgb8
4984,images/004984.jpg,1774267679.310653448,1774267679.295833111,0.014820337,0.405000000,0.000000000,1774267679.299052715,0.011600733,0.408381090,0.006703540,640,480,rgb8
4985,images/004985.jpg,1774267679.343964815,1774267679.335829258,0.008135557,0.405000000,0.000000000,1774267679.339034796,0.004930019,0.406394774,0.002613016,640,480,rgb8
4986,images/004986.jpg,1774267679.377275705,1774267679.375829697,0.001446009,0.405000000,0.000000000,1774267679.359074354,0.018201351,0.406545412,-0.000914386,640,480,rgb8
4987,images/004987.jpg,1774267679.410586119,1774267679.395829201,0.014756918,0.405000000,0.000000000,1774267679.399039745,0.011546373,0.408274284,-0.003977007,640,480,rgb8
4988,images/004988.jpg,1774267679.443896532,1774267679.435833216,0.008063316,0.405000000,0.000000000,1774267679.439038992,0.004857540,0.407643230,-0.000377245,640,480,rgb8
4989,images/004989.jpg,1774267679.477206230,1774267679.475837708,0.001368523,0.405000000,0.000000000,1774267679.459111929,0.018094301,0.407799982,0.002226702,640,480,rgb8
4990,images/004990.jpg,1774267679.510515928,1774267679.495831013,0.014684916,0.405000000,0.000000000,1774267679.499070406,0.011445522,0.406404269,0.000201938,640,480,rgb8
4991,images/004991.jpg,1774267679.543825626,1774267679.535842657,0.007982969,0.405000000,0.000000000,1774267679.539052725,0.004772902,0.407207063,0.000085113,640,480,rgb8
4992,images/004992.jpg,1774267679.577158928,1774267679.575830460,0.001328468,0.405000000,0.000000000,1774267679.559072495,0.018086433,0.407322502,0.000092662,640,480,rgb8
4993,images/004993.jpg,1774267679.610491991,1774267679.595834494,0.014657497,0.405000000,0.000000000,1774267679.599062920,0.011429071,0.407605630,0.000730061,640,480,rgb8
4994,images/004994.jpg,1774267679.710436821,1774267679.695942163,0.014494658,0.405000000,0.000000000,1774267679.699066162,0.011370659,0.406821292,0.023282471,640,480,rgb8
4995,images/004995.jpg,1774267679.743751049,1774267679.735990763,0.007760286,0.405000000,0.000000000,1774267679.739039183,0.004711866,0.406218741,0.016175767,640,480,rgb8
4996,images/004996.jpg,1774267679.777064800,1774267679.775824547,0.001240253,0.405000000,0.000000000,1774267679.759038925,0.018025875,0.406333082,0.016627315,640,480,rgb8
4997,images/004997.jpg,1774267679.810378313,1774267679.795828104,0.014550209,0.405000000,0.000000000,1774267679.799085855,0.011292458,0.405254703,0.011150721,640,480,rgb8
4998,images/004998.jpg,1774267679.843691587,1774267679.835822344,0.007869244,0.405000000,0.000000000,1774267679.839050055,0.004641533,0.406477333,0.006627911,640,480,rgb8
4999,images/004999.jpg,1774267679.877004385,1774267679.875834465,0.001169920,0.405000000,0.000000000,1774267679.859093904,0.017910480,0.406977830,0.006539487,640,480,rgb8
5000,images/005000.jpg,1774267679.910316944,1774267679.895844698,0.014472246,0.405000000,0.000000000,1774267679.899254084,0.011062860,0.405784193,0.006660952,640,480,rgb8
5001,images/005001.jpg,1774267679.943628788,1774267679.935830116,0.007798672,0.405000000,0.000000000,1774267679.939047813,0.004580975,0.405980081,0.005955193,640,480,rgb8
5002,images/005002.jpg,1774267679.976940632,1774267679.975826025,0.001114607,0.405000000,0.000000000,1774267679.959072351,0.017868280,0.405834679,0.006547784,640,480,rgb8
5003,images/005003.jpg,1774267680.010252237,1774267679.995817184,0.014435053,0.405000000,0.000000000,1774267679.999031544,0.011220694,0.409989015,0.004418520,640,480,rgb8
5004,images/005004.jpg,1774267680.043563128,1774267680.035815477,0.007747650,0.405000000,0.000000000,1774267680.039032221,0.004530907,0.410844855,0.004121662,640,480,rgb8
5005,images/005005.jpg,1774267680.076874018,1774267680.075822830,0.001051188,0.405000000,0.000000000,1774267680.059044600,0.017829418,0.410995456,0.004633803,640,480,rgb8
5006,images/005006.jpg,1774267680.110184431,1774267680.095832586,0.014351845,0.405000000,0.000000000,1774267680.099107742,0.011076689,0.410371582,0.000971041,640,480,rgb8
5007,images/005007.jpg,1774267680.143494368,1774267680.135819674,0.007674694,0.405000000,0.000000000,1774267680.139024973,0.004469395,0.359961367,0.001480228,640,480,rgb8
5008,images/005008.jpg,1774267680.176804304,1774267680.175826788,0.000977516,0.405000000,0.000000000,1774267680.159029484,0.017774820,0.359479390,0.001471197,640,480,rgb8
5009,images/005009.jpg,1774267680.210113525,1774267680.195834637,0.014278889,0.405000000,0.000000000,1774267680.199028015,0.011085510,0.391754247,0.003641303,640,480,rgb8
5010,images/005010.jpg,1774267680.243422270,1774267680.235834837,0.007587433,0.405000000,0.000000000,1774267680.239051104,0.004371166,0.400785682,0.000539797,640,480,rgb8
5011,images/005011.jpg,1774267680.276731253,1774267680.275836229,0.000895023,0.405000000,0.000000000,1774267680.259104252,0.017627001,0.404059334,0.003172252,640,480,rgb8
5012,images/005012.jpg,1774267680.310039282,1774267680.295822859,0.014216423,0.405000000,0.000000000,1774267680.299020290,0.011018991,0.404197112,0.008339728,640,480,rgb8
5013,images/005013.jpg,1774267680.343347311,1774267680.335821152,0.007526159,0.405000000,0.000000000,1774267680.339355230,0.003992081,0.406773790,0.008135862,640,480,rgb8
5014,images/005014.jpg,1774267680.376655102,1774267680.375810146,0.000844955,0.405000000,0.000000000,1774267680.359054089,0.017601013,0.428297634,0.002856616,640,480,rgb8
5015,images/005015.jpg,1774267680.409962177,1774267680.395813227,0.014148951,0.405000000,0.000000000,1774267680.399063587,0.010898590,0.418044376,0.002916647,640,480,rgb8
5016,images/005016.jpg,1774267680.443269014,1774267680.435822248,0.007446766,0.405000000,0.000000000,1774267680.439044952,0.004224062,0.412323862,0.008442122,640,480,rgb8
5017,images/005017.jpg,1774267680.476575613,1774267680.475810528,0.000765085,0.405000000,0.000000000,1774267680.459047079,0.017528534,0.412470554,0.007048299,640,480,rgb8
5018,images/005018.jpg,1774267680.509881735,1774267680.495810032,0.014071703,0.405000000,0.000000000,1774267680.499020100,0.010861635,0.409696508,0.009444901,640,480,rgb8
5019,images/005019.jpg,1774267680.543187618,1774267680.535820246,0.007367373,0.405000000,0.000000000,1774267680.539047003,0.004140615,0.383210870,0.008401827,640,480,rgb8
5020,images/005020.jpg,1774267680.576493263,1774267680.575835943,0.000657320,0.405000000,0.000000000,1774267680.559058428,0.017434835,0.382997732,0.008943170,640,480,rgb8
5021,images/005021.jpg,1774267680.609798908,1774267680.595840931,0.013957977,0.405000000,0.000000000,1774267680.599091291,0.010707617,0.398794233,0.012020224,640,480,rgb8
5022,images/005022.jpg,1774267680.643126488,1774267680.635832071,0.007294416,0.405000000,0.000000000,1774267680.639072657,0.004053831,0.405018827,0.015559761,640,480,rgb8
5023,images/005023.jpg,1774267680.676454306,1774267680.675814390,0.000639915,0.405000000,0.000000000,1774267680.659075022,0.017379284,0.405080058,0.012722092,640,480,rgb8
5024,images/005024.jpg,1774267680.709782124,1774267680.695838451,0.013943672,0.405000000,0.000000000,1774267680.699080944,0.010701180,0.406094780,0.019786746,640,480,rgb8
5025,images/005025.jpg,1774267680.743109941,1774267680.735837221,0.007272720,0.405000000,0.000000000,1774267680.739067793,0.004042149,0.406499995,0.022605656,640,480,rgb8
5026,images/005026.jpg,1774267680.809764385,1774267680.795825005,0.013939381,0.405000000,0.000000000,1774267680.799044847,0.010719538,0.406907365,0.024415054,640,480,rgb8
5027,images/005027.jpg,1774267680.843091249,1774267680.835825205,0.007266045,0.405000000,0.000000000,1774267680.839041948,0.004049301,0.406773632,0.020154979,640,480,rgb8
5028,images/005028.jpg,1774267680.876418114,1774267680.875822067,0.000596046,0.405000000,0.000000000,1774267680.859037161,0.017380953,0.406847068,0.012091070,640,480,rgb8
5029,images/005029.jpg,1774267680.909744978,1774267680.895828009,0.013916969,0.405000000,0.000000000,1774267680.899046183,0.010698795,0.367085371,-0.002007268,640,480,rgb8
5030,images/005030.jpg,1774267680.943071365,1774267680.935820103,0.007251263,0.405000000,0.000000000,1774267680.939030170,0.004041195,0.400684132,-0.007582893,640,480,rgb8
5031,images/005031.jpg,1774267680.976397514,1774267680.975817680,0.000579834,0.405000000,0.000000000,1774267680.959023237,0.017374277,0.404698263,-0.014967833,640,480,rgb8
5032,images/005032.jpg,1774267681.009723663,1774267680.995822906,0.013900757,0.405000000,0.000000000,1774267680.999029636,0.010694027,0.406489377,-0.011186660,640,480,rgb8
5033,images/005033.jpg,1774267681.043049574,1774267681.035825491,0.007224083,0.405000000,0.000000000,1774267681.039061069,0.003988504,0.406650028,0.002486624,640,480,rgb8
5034,images/005034.jpg,1774267681.076375246,1774267681.075816393,0.000558853,0.405000000,0.000000000,1774267681.059024334,0.017350912,0.407169282,0.011760865,640,480,rgb8
5035,images/005035.jpg,1774267681.109700918,1774267681.095823526,0.013877392,0.405000000,0.000000000,1774267681.099031448,0.010669470,0.467486766,0.008216775,640,480,rgb8
5036,images/005036.jpg,1774267681.176351547,1774267681.175922632,0.000428915,0.405000000,0.000000000,1774267681.159062862,0.017288685,0.417271832,0.002271435,640,480,rgb8
5037,images/005037.jpg,1774267681.209676504,1774267681.195822477,0.013854027,0.405000000,0.000000000,1774267681.199079275,0.010597229,0.409268586,0.016121114,640,480,rgb8
5038,images/005038.jpg,1774267681.243001461,1774267681.235810280,0.007191181,0.405000000,0.000000000,1774267681.239057541,0.003943920,0.408417038,0.021724532,640,480,rgb8
5039,images/005039.jpg,1774267681.276325941,1774267681.275815964,0.000509977,0.405000000,0.000000000,1774267681.259088993,0.017236948,0.408486823,0.012360738,640,480,rgb8
5040,images/005040.jpg,1774267681.309650660,1774267681.295820713,0.013829947,0.405000000,0.000000000,1774267681.299054384,0.010596275,0.406337509,0.010820060,640,480,rgb8
5041,images/005041.jpg,1774267681.342974901,1774267681.335822582,0.007152319,0.405000000,0.000000000,1774267681.339067936,0.003906965,0.405175280,0.008658963,640,480,rgb8
5042,images/005042.jpg,1774267681.376299143,1774267681.375819445,0.000479698,0.405000000,0.000000000,1774267681.359091759,0.017207384,0.405646851,0.007220307,640,480,rgb8
5043,images/005043.jpg,1774267681.409623146,1774267681.395830393,0.013792753,0.405000000,0.000000000,1774267681.400422812,0.009200335,0.405714082,0.008601609,640,480,rgb8
5044,images/005044.jpg,1774267681.442946672,1774267681.435824871,0.007121801,0.405000000,0.000000000,1774267681.439218521,0.003728151,0.405171086,0.009522459,640,480,rgb8
5045,images/005045.jpg,1774267681.476270437,1774267681.475816250,0.000454187,0.405000000,0.000000000,1774267681.459042788,0.017227650,0.405464391,0.008213314,640,480,rgb8
5046,images/005046.jpg,1774267681.509593964,1774267681.495817900,0.013776064,0.405000000,0.000000000,1774267681.499054432,0.010539532,0.406990551,0.008903974,640,480,rgb8
5047,images/005047.jpg,1774267681.542917252,1774267681.535819292,0.007097960,0.405000000,0.000000000,1774267681.539025068,0.003892183,0.407960570,0.013421376,640,480,rgb8
5048,images/005048.jpg,1774267681.576240301,1774267681.575823784,0.000416517,0.405000000,0.000000000,1774267681.559022903,0.017217398,0.408017821,0.010355796,640,480,rgb8
5049,images/005049.jpg,1774267681.609563351,1774267681.595822334,0.013741016,0.405000000,0.000000000,1774267681.599014521,0.010548830,0.407579936,0.009498225,640,480,rgb8
5050,images/005050.jpg,1774267681.642885923,1774267681.635823965,0.007061958,0.405000000,0.000000000,1774267681.638978720,0.003907204,0.407104921,0.008416162,640,480,rgb8
5051,images/005051.jpg,1774267681.676208496,1774267681.675816774,0.000391722,0.405000000,0.000000000,1774267681.659027100,0.017181396,0.407148719,0.007452791,640,480,rgb8
5052,images/005052.jpg,1774267681.709531069,1774267681.695850372,0.013680696,0.405000000,0.000000000,1774267681.699084997,0.010446072,0.408483429,0.001660039,640,480,rgb8
5053,images/005053.jpg,1774267681.742853165,1774267681.735838890,0.007014275,0.405000000,0.000000000,1774267681.739060879,0.003792286,0.395455141,-0.004073213,640,480,rgb8
5054,images/005054.jpg,1774267681.776178360,1774267681.775835276,0.000343084,0.405000000,0.000000000,1774267681.759081364,0.017096996,0.395362729,-0.003625382,640,480,rgb8
5055,images/005055.jpg,1774267681.809503555,1774267681.795833111,0.013670444,0.405000000,0.000000000,1774267681.799088001,0.010415554,0.338604399,-0.000015752,640,480,rgb8
5056,images/005056.jpg,1774267681.842828751,1774267681.835835218,0.006993532,0.405000000,0.000000000,1774267681.839089394,0.003739357,0.381712303,0.001286598,640,480,rgb8
5057,images/005057.jpg,1774267681.909875631,1774267681.895814896,0.014060736,0.405000000,0.000000000,1774267681.899065018,0.010810614,0.397350995,-0.003157219,640,480,rgb8
5058,images/005058.jpg,1774267681.943402529,1774267681.935822487,0.007580042,0.405000000,0.000000000,1774267681.939047098,0.004355431,0.403401430,-0.001683755,640,480,rgb8
5059,images/005059.jpg,1774267681.976931334,1774267681.975818872,0.001112461,0.405000000,0.000000000,1774267681.959094048,0.017837286,0.403431715,-0.003713504,640,480,rgb8
5060,images/005060.jpg,1774267682.010462284,1774267681.995826006,0.014636278,0.405000000,0.000000000,1774267681.999065161,0.011397123,0.407568835,-0.002946532,640,480,rgb8
5061,images/005061.jpg,1774267682.043995619,1774267682.035826683,0.008168936,0.405000000,0.000000000,1774267682.039036512,0.004959106,0.407409785,0.005921294,640,480,rgb8
5062,images/005062.jpg,1774267682.077531338,1774267682.075822830,0.001708508,0.405000000,0.000000000,1774267682.059057236,0.018474102,0.407484712,0.007904460,640,480,rgb8
5063,images/005063.jpg,1774267682.111068487,1774267682.095831871,0.015236616,0.405000000,0.000000000,1774267682.099067926,0.012000561,0.407215630,0.010651497,640,480,rgb8
5064,images/005064.jpg,1774267682.144608498,1774267682.135828733,0.008779764,0.405000000,0.000000000,1774267682.139090300,0.005518198,0.408345424,0.017436421,640,480,rgb8
5065,images/005065.jpg,1774267682.178150415,1774267682.175812960,0.002337456,0.405000000,0.000000000,1774267682.159055233,0.019095182,0.408427079,0.017096329,640,480,rgb8
5066,images/005066.jpg,1774267682.211694479,1774267682.195811987,0.015882492,0.405000000,0.000000000,1774267682.199058533,0.012635946,0.407588314,0.015780036,640,480,rgb8
5067,images/005067.jpg,1774267682.278789282,1774267682.275811672,0.002977610,0.405000000,0.000000000,1774267682.259083509,0.019705772,0.406570766,0.011971215,640,480,rgb8
5068,images/005068.jpg,1774267682.312339783,1774267682.295819521,0.016520262,0.405000000,0.000000000,1774267682.299019575,0.013320208,0.406616148,0.004351614,640,480,rgb8
5069,images/005069.jpg,1774267682.345892668,1774267682.335815668,0.010077000,0.405000000,0.000000000,1774267682.339049101,0.006843567,0.406724084,0.002758910,640,480,rgb8
5070,images/005070.jpg,1774267682.379447699,1774267682.375818253,0.003629446,0.405000000,0.000000000,1774267682.379055262,0.000392437,0.405891998,0.001337486,640,480,rgb8
5071,images/005071.jpg,1774267682.413004875,1774267682.395840406,0.017164469,0.405000000,0.000000000,1774267682.399062634,0.013942242,0.405523664,0.001001625,640,480,rgb8
5072,images/005072.jpg,1774267682.446564198,1774267682.435816765,0.010747433,0.405000000,0.000000000,1774267682.439070225,0.007493973,0.405598857,-0.003618232,640,480,rgb8
5073,images/005073.jpg,1774267682.480125427,1774267682.475823641,0.004301786,0.405000000,0.000000000,1774267682.479028225,0.001097202,0.406550849,-0.007497739,640,480,rgb8
5074,images/005074.jpg,1774267682.513689280,1774267682.495824575,0.017864704,0.405000000,0.000000000,1774267682.499029160,0.014660120,0.405638681,-0.007053350,640,480,rgb8
5075,images/005075.jpg,1774267682.547255039,1774267682.535817146,0.011437893,0.405000000,0.000000000,1774267682.539024115,0.008230925,0.405558225,-0.000452094,640,480,rgb8
5076,images/005076.jpg,1774267682.580822945,1774267682.575816154,0.005006790,0.405000000,0.000000000,1774267682.579050541,0.001772404,0.406506872,0.000387997,640,480,rgb8
5077,images/005077.jpg,1774267682.614393234,1774267682.595817089,0.018576145,0.405000000,0.000000000,1774267682.599033117,0.015360117,0.406552019,0.007456065,640,480,rgb8
5078,images/005078.jpg,1774267682.647965670,1774267682.635815620,0.012150049,0.405000000,0.000000000,1774267682.639041424,0.008924246,0.405924761,0.004474167,640,480,rgb8
5079,images/005079.jpg,1774267682.681540012,1774267682.675814629,0.005725384,0.405000000,0.000000000,1774267682.679034233,0.002505779,0.406024018,-0.000313229,640,480,rgb8
5080,images/005080.jpg,1774267682.715116739,1774267682.695813417,0.019303322,0.405000000,0.000000000,1774267682.699031353,0.016085386,0.406023623,0.000682359,640,480,rgb8
5081,images/005081.jpg,1774267682.748695612,1774267682.735817194,0.012878418,0.405000000,0.000000000,1774267682.739028454,0.009667158,0.407045726,0.035657701,640,480,rgb8
5082,images/005082.jpg,1774267682.782276630,1774267682.775816917,0.006459713,0.405000000,0.000000000,1774267682.779048681,0.003227949,0.407141498,0.024190647,640,480,rgb8
5083,images/005083.jpg,1774267682.815859795,1774267682.815819502,0.000040293,0.405000000,0.000000000,1774267682.799087048,0.016772747,0.406363889,0.015143317,640,480,rgb8
5084,images/005084.jpg,1774267682.849439621,1774267682.835822821,0.013616800,0.405000000,0.000000000,1774267682.839063168,0.010376453,0.406187654,0.010520495,640,480,rgb8
5085,images/005085.jpg,1774267682.882797480,1774267682.875825405,0.006972075,0.405000000,0.000000000,1774267682.879050255,0.003747225,0.407021730,0.006657636,640,480,rgb8
5086,images/005086.jpg,1774267682.916155338,1774267682.915836334,0.000319004,0.405000000,0.000000000,1774267682.899055958,0.017099380,0.407065731,0.005619499,640,480,rgb8
5087,images/005087.jpg,1774267682.949512959,1774267682.935825348,0.013687611,0.405000000,0.000000000,1774267682.939055443,0.010457516,0.406226476,-0.000398811,640,480,rgb8
5088,images/005088.jpg,1774267683.016228199,1774267683.015816212,0.000411987,0.405000000,0.000000000,1774267682.999078989,0.017149210,0.340257673,0.004676952,640,480,rgb8
5089,images/005089.jpg,1774267683.049965858,1774267683.035816193,0.014149666,0.405000000,0.000000000,1774267683.039047480,0.010918379,0.387056282,0.012996471,640,480,rgb8
5090,images/005090.jpg,1774267683.083705425,1774267683.075810671,0.007894754,0.405000000,0.000000000,1774267683.079054594,0.004650831,0.405974844,0.012686719,640,480,rgb8
5091,images/005091.jpg,1774267683.117447376,1774267683.115818739,0.001628637,0.405000000,0.000000000,1774267683.099061489,0.018385887,0.406032588,0.009441838,640,480,rgb8
5092,images/005092.jpg,1774267683.151191473,1774267683.135828257,0.015363216,0.405000000,0.000000000,1774267683.139068127,0.012123346,0.406626993,0.005653598,640,480,rgb8
5093,images/005093.jpg,1774267683.184937716,1774267683.175814629,0.009123087,0.405000000,0.000000000,1774267683.179041862,0.005895853,0.448437527,0.000887448,640,480,rgb8
5094,images/005094.jpg,1774267683.218686342,1774267683.215816498,0.002869844,0.405000000,0.000000000,1774267683.199064493,0.019621849,0.449009231,0.000887448,640,480,rgb8
5095,images/005095.jpg,1774267683.252437115,1774267683.235823870,0.016613245,0.405000000,0.000000000,1774267683.239073753,0.013363361,0.424532906,-0.005503925,640,480,rgb8
5096,images/005096.jpg,1774267683.286190033,1774267683.275832653,0.010357380,0.405000000,0.000000000,1774267683.279070139,0.007119894,0.349147073,-0.008747135,640,480,rgb8
5097,images/005097.jpg,1774267683.319945335,1774267683.315821171,0.004124165,0.405000000,0.000000000,1774267683.319056988,0.000888348,0.384362849,0.002383142,640,480,rgb8
5098,images/005098.jpg,1774267683.387462378,1774267683.375831842,0.011630535,0.405000000,0.000000000,1774267683.379036427,0.008425951,0.328545438,-0.007947526,640,480,rgb8
5099,images/005099.jpg,1774267683.421224356,1774267683.415814877,0.005409479,0.405000000,0.000000000,1774267683.419040680,0.002183676,0.402203361,-0.001686408,640,480,rgb8
5100,images/005100.jpg,1774267683.454988718,1774267683.435817719,0.019171000,0.405000000,0.000000000,1774267683.439034700,0.015954018,0.402239021,0.000211619,640,480,rgb8
5101,images/005101.jpg,1774267683.488755226,1774267683.475814104,0.012941122,0.405000000,0.000000000,1774267683.479046345,0.009708881,0.404858753,0.010994868,640,480,rgb8
5102,images/005102.jpg,1774267683.522523642,1774267683.515811920,0.006711721,0.405000000,0.000000000,1774267683.519037724,0.003485918,0.406178408,0.009960446,640,480,rgb8
5103,images/005103.jpg,1774267683.556294680,1774267683.555833340,0.000461340,0.405000000,0.000000000,1774267683.539069176,0.017225504,0.406259481,0.010284039,640,480,rgb8
5104,images/005104.jpg,1774267683.590067625,1774267683.575818300,0.014249325,0.405000000,0.000000000,1774267683.579046249,0.011021376,0.406594097,0.010620330,640,480,rgb8
5105,images/005105.jpg,1774267683.623842955,1774267683.615829229,0.008013725,0.405000000,0.000000000,1774267683.619012117,0.004830837,0.407792413,0.011642072,640,480,rgb8
5106,images/005106.jpg,1774267683.657620668,1774267683.655805826,0.001814842,0.405000000,0.000000000,1774267683.639045238,0.018575430,0.407888285,0.014899785,640,480,rgb8
5107,images/005107.jpg,1774267683.691400290,1774267683.675814390,0.015585899,0.405000000,0.000000000,1774267683.679030657,0.012369633,0.407315738,0.016319411,640,480,rgb8
5108,images/005108.jpg,1774267683.725182295,1774267683.715810299,0.009371996,0.405000000,0.000000000,1774267683.719060421,0.006121874,0.407134713,0.011630834,640,480,rgb8
5109,images/005109.jpg,1774267683.758966684,1774267683.755806684,0.003160000,0.405000000,0.000000000,1774267683.739059448,0.019907236,0.407216817,0.012683903,640,480,rgb8
5110,images/005110.jpg,1774267683.792753220,1774267683.775814295,0.016938925,0.405000000,0.000000000,1774267683.779123068,0.013630152,0.407142877,0.015718329,640,480,rgb8
5111,images/005111.jpg,1774267683.826541901,1774267683.815808296,0.010733604,0.405000000,0.000000000,1774267683.819028139,0.007513762,0.407601029,0.013081617,640,480,rgb8
5112,images/005112.jpg,1774267683.860332727,1774267683.855778933,0.004553795,0.405000000,0.000000000,1774267683.859058619,0.001274109,0.407041787,0.004877165,640,480,rgb8
5113,images/005113.jpg,1774267683.894125938,1774267683.875824928,0.018301010,0.405000000,0.000000000,1774267683.879103661,0.015022278,0.407137865,0.004825706,640,480,rgb8
5114,images/005114.jpg,1774267683.927921295,1774267683.915835142,0.012086153,0.405000000,0.000000000,1774267683.919060469,0.008860826,0.407286356,-0.000752942,640,480,rgb8
5115,images/005115.jpg,1774267683.961719036,1774267683.955823898,0.005895138,0.405000000,0.000000000,1774267683.959091187,0.002627850,0.408423613,-0.002750772,640,480,rgb8
5116,images/005116.jpg,1774267683.995519161,1774267683.975819111,0.019700050,0.405000000,0.000000000,1774267683.979064465,0.016454697,0.407638280,-0.003396845,640,480,rgb8
5117,images/005117.jpg,1774267684.029311180,1774267684.015815496,0.013495684,0.405000000,0.000000000,1774267684.019065619,0.010245562,0.406838215,-0.003217109,640,480,rgb8
5118,images/005118.jpg,1774267684.062702417,1774267684.055815220,0.006887197,0.405000000,0.000000000,1774267684.059135914,0.003566504,0.406530528,0.002077334,640,480,rgb8
5119,images/005119.jpg,1774267684.096093416,1774267684.095833302,0.000260115,0.405000000,0.000000000,1774267684.079046488,0.017046928,0.406589029,0.005692970,640,480,rgb8
5120,images/005120.jpg,1774267684.196031809,1774267684.195819378,0.000212431,0.405000000,0.000000000,1774267684.179081917,0.016949892,0.405547025,-0.007206715,640,480,rgb8
5121,images/005121.jpg,1774267684.229343653,1774267684.215815544,0.013528109,0.405000000,0.000000000,1774267684.219019890,0.010323763,0.405632459,-0.004926741,640,480,rgb8
5122,images/005122.jpg,1774267684.262655497,1774267684.255820513,0.006834984,0.405000000,0.000000000,1774267684.259059668,0.003595829,0.407284090,0.032852236,640,480,rgb8
5123,images/005123.jpg,1774267684.295966864,1774267684.295812845,0.000154018,0.405000000,0.000000000,1774267684.279064894,0.016901970,0.406849493,0.048736355,640,480,rgb8
5124,images/005124.jpg,1774267684.329277754,1774267684.315821409,0.013456345,0.405000000,0.000000000,1774267684.319057703,0.010220051,0.406334717,0.015349292,640,480,rgb8
5125,images/005125.jpg,1774267684.362588644,1774267684.355821848,0.006766796,0.405000000,0.000000000,1774267684.360795736,0.001792908,0.406140224,0.014080159,640,480,rgb8
5126,images/005126.jpg,1774267684.395898819,1774267684.395819187,0.000079632,0.405000000,0.000000000,1774267684.379116058,0.016782761,0.406180927,0.009372009,640,480,rgb8
5127,images/005127.jpg,1774267684.429208994,1774267684.415825605,0.013383389,0.405000000,0.000000000,1774267684.419039965,0.010169029,0.407243208,0.016481553,640,480,rgb8
5128,images/005128.jpg,1774267684.495828152,1774267684.475827217,0.020000935,0.405000000,0.000000000,1774267684.479392529,0.016435623,0.406364025,0.000788464,640,480,rgb8
5129,images/005129.jpg,1774267684.529137135,1774267684.515821695,0.013315439,0.405000000,0.000000000,1774267684.519023418,0.010113716,0.386335466,0.000894625,640,480,rgb8
5130,images/005130.jpg,1774267684.562446117,1774267684.555815697,0.006630421,0.405000000,0.000000000,1774267684.559020281,0.003425837,0.385939933,0.004656047,640,480,rgb8
5131,images/005131.jpg,1774267684.595754385,1774267684.575821161,0.019933224,0.405000000,0.000000000,1774267684.579027414,0.016726971,0.400447256,0.004595863,640,480,rgb8
5132,images/005132.jpg,1774267684.629062414,1774267684.615811825,0.013250589,0.405000000,0.000000000,1774267684.619044304,0.010018110,0.341941111,0.010404952,640,480,rgb8
5133,images/005133.jpg,1774267684.662370443,1774267684.655894518,0.006475925,0.405000000,0.000000000,1774267684.659076214,0.003294230,0.385149758,0.012587496,640,480,rgb8
5134,images/005134.jpg,1774267684.695677757,1774267684.675821543,0.019856215,0.405000000,0.000000000,1774267684.679053783,0.016623974,0.384963733,0.002136160,640,480,rgb8
5135,images/005135.jpg,1774267684.728984833,1774267684.715812683,0.013172150,0.405000000,0.000000000,1774267684.719063044,0.009921789,0.402497764,-0.002021574,640,480,rgb8
5136,images/005136.jpg,1774267684.762291670,1774267684.755829334,0.006462336,0.405000000,0.000000000,1774267684.759032249,0.003259420,0.409817597,-0.004718058,640,480,rgb8
5137,images/005137.jpg,1774267684.795598030,1774267684.775833130,0.019764900,0.405000000,0.000000000,1774267684.779048204,0.016549826,0.410694822,-0.004640812,640,480,rgb8
5138,images/005138.jpg,1774267684.828904390,1774267684.815814972,0.013089418,0.405000000,0.000000000,1774267684.819049120,0.009855270,0.410950682,-0.004651484,640,480,rgb8
5139,images/005139.jpg,1774267684.862210035,1774267684.855830669,0.006379366,0.405000000,0.000000000,1774267684.859031439,0.003178596,0.410353822,0.001608896,640,480,rgb8
5140,images/005140.jpg,1774267684.895515442,1774267684.875828028,0.019687414,0.405000000,0.000000000,1774267684.879069805,0.016445637,0.410483826,0.004028792,640,480,rgb8
5141,images/005141.jpg,1774267684.928820610,1774267684.915828228,0.012992382,0.405000000,0.000000000,1774267684.919035673,0.009784937,0.409488514,-0.000742610,640,480,rgb8
5142,images/005142.jpg,1774267684.962125301,1774267684.955844402,0.006280899,0.405000000,0.000000000,1774267684.959091425,0.003033876,0.409694168,-0.000128784,640,480,rgb8
5143,images/005143.jpg,1774267684.995429754,1774267684.975836277,0.019593477,0.405000000,0.000000000,1774267684.979048252,0.016381502,0.408000958,0.007830481,640,480,rgb8
5144,images/005144.jpg,1774267685.028733969,1774267685.015834570,0.012899399,0.405000000,0.000000000,1774267685.019042492,0.009691477,0.407901710,0.005549589,640,480,rgb8
5145,images/005145.jpg,1774267685.062037706,1774267685.055821419,0.006216288,0.405000000,0.000000000,1774267685.059107304,0.002930403,0.408716613,0.006036708,640,480,rgb8
5146,images/005146.jpg,1774267685.095343351,1774267685.075832844,0.019510508,0.405000000,0.000000000,1774267685.079072714,0.016270638,0.408802060,0.006036708,640,480,rgb8
5147,images/005147.jpg,1774267685.128729343,1774267685.115828991,0.012900352,0.405000000,0.000000000,1774267685.119041681,0.009687662,0.407562429,0.010964684,640,480,rgb8
5148,images/005148.jpg,1774267685.162115574,1774267685.155835867,0.006279707,0.405000000,0.000000000,1774267685.159089565,0.003026009,0.407056238,0.012115544,640,480,rgb8
5149,images/005149.jpg,1774267685.195501804,1774267685.175829649,0.019672155,0.405000000,0.000000000,1774267685.179045200,0.016456604,0.407117024,0.015497992,640,480,rgb8
5150,images/005150.jpg,1774267685.228888035,1774267685.215823412,0.013064623,0.405000000,0.000000000,1774267685.219026566,0.009861469,0.408711002,0.012628394,640,480,rgb8
5151,images/005151.jpg,1774267685.295521498,1774267685.275833845,0.019687653,0.405000000,0.000000000,1774267685.279047966,0.016473532,0.407309648,0.012984800,640,480,rgb8
5152,images/005152.jpg,1774267685.328837633,1774267685.315815687,0.013021946,0.405000000,0.000000000,1774267685.319037199,0.009800434,0.407045975,0.007518997,640,480,rgb8
5153,images/005153.jpg,1774267685.362153530,1774267685.355815649,0.006337881,0.405000000,0.000000000,1774267685.359093904,0.003059626,0.408055852,0.004775748,640,480,rgb8
5154,images/005154.jpg,1774267685.395469189,1774267685.375828743,0.019640446,0.405000000,0.000000000,1774267685.379056692,0.016412497,0.408120832,0.002839884,640,480,rgb8
5155,images/005155.jpg,1774267685.428784609,1774267685.415818453,0.012966156,0.405000000,0.000000000,1774267685.419057608,0.009727001,0.407311862,0.000502033,640,480,rgb8
5156,images/005156.jpg,1774267685.462099552,1774267685.455826759,0.006272793,0.405000000,0.000000000,1774267685.459026814,0.003072739,0.406810841,-0.003245226,640,480,rgb8
5157,images/005157.jpg,1774267685.495414257,1774267685.475828409,0.019585848,0.405000000,0.000000000,1774267685.479091406,0.016322851,0.406857442,-0.004110914,640,480,rgb8
5158,images/005158.jpg,1774267685.528728724,1774267685.515818834,0.012909889,0.405000000,0.000000000,1774267685.518968582,0.009760141,0.407645498,-0.005005801,640,480,rgb8
5159,images/005159.jpg,1774267685.595356941,1774267685.575826883,0.019530058,0.405000000,0.000000000,1774267685.579048395,0.016308546,0.406580664,-0.002212936,640,480,rgb8
5160,images/005160.jpg,1774267685.628670454,1774267685.615817785,0.012852669,0.405000000,0.000000000,1774267685.619020939,0.009649515,0.406099053,-0.002354395,640,480,rgb8
5161,images/005161.jpg,1774267685.661983728,1774267685.655819893,0.006163836,0.405000000,0.000000000,1774267685.659039259,0.002944469,0.407602637,-0.005382620,640,480,rgb8
5162,images/005162.jpg,1774267685.695296526,1774267685.675785065,0.019511461,0.405000000,0.000000000,1774267685.679043055,0.016253471,0.407652737,-0.005382620,640,480,rgb8
5163,images/005163.jpg,1774267685.728609085,1774267685.715836763,0.012772322,0.405000000,0.000000000,1774267685.719041586,0.009567499,0.406999106,-0.005130118,640,480,rgb8
5164,images/005164.jpg,1774267685.761921644,1774267685.755830526,0.006091118,0.405000000,0.000000000,1774267685.759119749,0.002801895,0.406506912,0.020813706,640,480,rgb8
5165,images/005165.jpg,1774267685.795233727,1774267685.775831461,0.019402266,0.405000000,0.000000000,1774267685.779045582,0.016188145,0.406540886,0.020813706,640,480,rgb8
5166,images/005166.jpg,1774267685.828545332,1774267685.815837145,0.012708187,0.405000000,0.000000000,1774267685.819067955,0.009477377,0.396482147,0.024391871,640,480,rgb8
5167,images/005167.jpg,1774267685.861856699,1774267685.855830669,0.006026030,0.405000000,0.000000000,1774267685.859034300,0.002822399,0.396321090,0.011013273,640,480,rgb8
5168,images/005168.jpg,1774267685.895168066,1774267685.875835180,0.019332886,0.405000000,0.000000000,1774267685.879033089,0.016134977,0.339058382,0.012082973,640,480,rgb8
5169,images/005169.jpg,1774267685.928478718,1774267685.915827036,0.012651682,0.405000000,0.000000000,1774267685.919003963,0.009474754,0.390413874,0.006193488,640,480,rgb8
5170,images/005170.jpg,1774267685.961789370,1774267685.955831051,0.005958319,0.405000000,0.000000000,1774267685.959051132,0.002738237,0.401068813,-0.000329807,640,480,rgb8
5171,images/005171.jpg,1774267685.995099545,1774267685.975817919,0.019281626,0.405000000,0.000000000,1774267685.979053497,0.016046047,0.401067837,-0.001033870,640,480,rgb8
5172,images/005172.jpg,1774267686.028409481,1774267686.015827179,0.012582302,0.405000000,0.000000000,1774267686.019062519,0.009346962,0.405172256,0.004037067,640,480,rgb8
5173,images/005173.jpg,1774267686.061718941,1774267686.055839300,0.005879641,0.405000000,0.000000000,1774267686.059058905,0.002660036,0.407047806,0.002047483,640,480,rgb8
5174,images/005174.jpg,1774267686.095028400,1774267686.075834751,0.019193649,0.405000000,0.000000000,1774267686.079077959,0.015950441,0.407117846,0.002047483,640,480,rgb8
5175,images/005175.jpg,1774267686.128337383,1774267686.115839243,0.012498140,0.405000000,0.000000000,1774267686.119060278,0.009277105,0.409449129,0.006518618,640,480,rgb8
5176,images/005176.jpg,1774267686.161646128,1774267686.155838251,0.005807877,0.405000000,0.000000000,1774267686.159058094,0.002588034,0.409157262,0.006051823,640,480,rgb8
5177,images/005177.jpg,1774267686.194954634,1774267686.175827026,0.019127607,0.405000000,0.000000000,1774267686.179083109,0.015871525,0.409247582,0.006051823,640,480,rgb8
5178,images/005178.jpg,1774267686.228264332,1774267686.215816975,0.012447357,0.405000000,0.000000000,1774267686.219040632,0.009223700,0.408959331,0.003322711,640,480,rgb8
5179,images/005179.jpg,1774267686.261646271,1774267686.255839109,0.005807161,0.405000000,0.000000000,1774267686.259047270,0.002599001,0.409956469,-0.005376654,640,480,rgb8
5180,images/005180.jpg,1774267686.295027733,1774267686.275819540,0.019208193,0.405000000,0.000000000,1774267686.279060364,0.015967369,0.410051100,-0.005376654,640,480,rgb8
5181,images/005181.jpg,1774267686.328409672,1774267686.315840721,0.012568951,0.405000000,0.000000000,1774267686.319029808,0.009379864,0.408669971,-0.005295529,640,480,rgb8
5182,images/005182.jpg,1774267686.395090818,1774267686.375831366,0.019259453,0.405000000,0.000000000,1774267686.379046917,0.016043901,0.408211620,-0.006656581,640,480,rgb8
5183,images/005183.jpg,1774267686.428430796,1774267686.415818214,0.012612581,0.405000000,0.000000000,1774267686.419089317,0.009341478,0.408640732,-0.004263268,640,480,rgb8
5184,images/005184.jpg,1774267686.461771250,1774267686.455820322,0.005950928,0.405000000,0.000000000,1774267686.459053755,0.002717495,0.408002164,-0.000109885,640,480,rgb8
5185,images/005185.jpg,1774267686.495110989,1774267686.475810289,0.019300699,0.405000000,0.000000000,1774267686.479053020,0.016057968,0.408063675,-0.000109885,640,480,rgb8
5186,images/005186.jpg,1774267686.528450966,1774267686.515832424,0.012618542,0.405000000,0.000000000,1774267686.519036770,0.009414196,0.407933985,0.002375369,640,480,rgb8
5187,images/005187.jpg,1774267686.561790466,1774267686.555830956,0.005959511,0.405000000,0.000000000,1774267686.559040308,0.002750158,0.409230354,0.007886575,640,480,rgb8
5188,images/005188.jpg,1774267686.595129967,1774267686.575836897,0.019293070,0.405000000,0.000000000,1774267686.579102516,0.016027451,0.409303367,0.012668369,640,480,rgb8
5189,images/005189.jpg,1774267686.628468990,1774267686.615820885,0.012648106,0.405000000,0.000000000,1774267686.619053125,0.009415865,0.408143863,0.006571059,640,480,rgb8
5190,images/005190.jpg,1774267686.661808014,1774267686.655827522,0.005980492,0.405000000,0.000000000,1774267686.659064531,0.002743483,0.407539501,0.016505995,640,480,rgb8
5191,images/005191.jpg,1774267686.695147038,1774267686.675824165,0.019322872,0.405000000,0.000000000,1774267686.679033041,0.016113997,0.407883288,0.014457388,640,480,rgb8
5192,images/005192.jpg,1774267686.728485584,1774267686.715814829,0.012670755,0.405000000,0.000000000,1774267686.719044447,0.009441137,0.407987635,0.008823757,640,480,rgb8
5193,images/005193.jpg,1774267686.761824131,1774267686.755810738,0.006013393,0.405000000,0.000000000,1774267686.759065151,0.002758980,0.406569052,0.006219207,640,480,rgb8
5194,images/005194.jpg,1774267686.795162439,1774267686.775817633,0.019344807,0.405000000,0.000000000,1774267686.779023647,0.016138792,0.406602704,0.009705828,640,480,rgb8
5195,images/005195.jpg,1774267686.828500509,1774267686.815810442,0.012690067,0.405000000,0.000000000,1774267686.819036484,0.009464025,0.406362402,0.010336306,640,480,rgb8
5196,images/005196.jpg,1774267686.861838579,1774267686.855823994,0.006014585,0.405000000,0.000000000,1774267686.859095097,0.002743483,0.408321070,0.009095124,640,480,rgb8
5197,images/005197.jpg,1774267686.895176172,1774267686.875815630,0.019360542,0.405000000,0.000000000,1774267686.879054308,0.016121864,0.408374028,0.010202182,640,480,rgb8
5198,images/005198.jpg,1774267686.928514004,1774267686.915821075,0.012692928,0.405000000,0.000000000,1774267686.919003725,0.009510279,0.357311631,0.008044174,640,480,rgb8
5199,images/005199.jpg,1774267686.961851358,1774267686.955812216,0.006039143,0.405000000,0.000000000,1774267686.959072351,0.002779007,0.386765599,-0.000555411,640,480,rgb8
5200,images/005200.jpg,1774267686.995188475,1774267686.975814581,0.019373894,0.405000000,0.000000000,1774267686.979059219,0.016129255,0.386562381,-0.000555411,640,480,rgb8
5201,images/005201.jpg,1774267687.028525591,1774267687.015812635,0.012712955,0.405000000,0.000000000,1774267687.019048214,0.009477377,0.400541473,-0.007923993,640,480,rgb8
5202,images/005202.jpg,1774267687.061862469,1774267687.055782318,0.006080151,0.405000000,0.000000000,1774267687.059064865,0.002797604,0.403983047,-0.010968671,640,480,rgb8
5203,images/005203.jpg,1774267687.095199108,1774267687.075821877,0.019377232,0.405000000,0.000000000,1774267687.079057455,0.016141653,0.403997301,-0.011707313,640,480,rgb8
5204,images/005204.jpg,1774267687.128535748,1774267687.115823507,0.012712240,0.405000000,0.000000000,1774267687.119040728,0.009495020,0.404742015,-0.000838730,640,480,rgb8
5205,images/005205.jpg,1774267687.161872149,1774267687.155832052,0.006040096,0.405000000,0.000000000,1774267687.159051657,0.002820492,0.471351208,0.010464416,640,480,rgb8
5206,images/005206.jpg,1774267687.195208311,1774267687.175821781,0.019386530,0.405000000,0.000000000,1774267687.179043770,0.016164541,0.472173513,0.010464416,640,480,rgb8
5207,images/005207.jpg,1774267687.228544235,1774267687.215830564,0.012713671,0.405000000,0.000000000,1774267687.219051600,0.009492636,0.426986061,-0.004458584,640,480,rgb8
5208,images/005208.jpg,1774267687.261879921,1774267687.255830765,0.006049156,0.405000000,0.000000000,1774267687.259052753,0.002827168,0.407175259,-0.000534409,640,480,rgb8
5209,images/005209.jpg,1774267687.295215607,1774267687.275839090,0.019376516,0.405000000,0.000000000,1774267687.279088736,0.016126871,0.407193523,0.015952133,640,480,rgb8
5210,images/005210.jpg,1774267687.328552008,1774267687.315838099,0.012713909,0.405000000,0.000000000,1774267687.319053411,0.009498596,0.408464167,0.026798077,640,480,rgb8
5211,images/005211.jpg,1774267687.361930847,1774267687.355829716,0.006101131,0.405000000,0.000000000,1774267687.359045744,0.002885103,0.407314402,0.009678837,640,480,rgb8
5212,images/005212.jpg,1774267687.395310163,1774267687.375835657,0.019474506,0.405000000,0.000000000,1774267687.379045248,0.016264915,0.407332834,0.003273606,640,480,rgb8
5213,images/005213.jpg,1774267687.428689003,1774267687.415836811,0.012852192,0.405000000,0.000000000,1774267687.419015884,0.009673119,0.406186389,0.009871387,640,480,rgb8
5214,images/005214.jpg,1774267687.528655529,1774267687.515822411,0.012833118,0.405000000,0.000000000,1774267687.519016266,0.009639263,0.384907661,0.006998293,640,480,rgb8
5215,images/005215.jpg,1774267687.561977386,1774267687.555817604,0.006159782,0.405000000,0.000000000,1774267687.559042215,0.002935171,0.403928993,0.000469102,640,480,rgb8
5216,images/005216.jpg,1774267687.595298529,1774267687.575818300,0.019480228,0.405000000,0.000000000,1774267687.579040051,0.016258478,0.403936992,-0.001032052,640,480,rgb8
5217,images/005217.jpg,1774267687.628619671,1774267687.615831137,0.012788534,0.405000000,0.000000000,1774267687.619043589,0.009576082,0.406230925,0.003725500,640,480,rgb8
5218,images/005218.jpg,1774267687.661940336,1774267687.655825138,0.006115198,0.405000000,0.000000000,1774267687.659074783,0.002865553,0.406646151,0.001275748,640,480,rgb8
5219,images/005219.jpg,1774267687.695261002,1774267687.675891161,0.019369841,0.405000000,0.000000000,1774267687.679115057,0.016145945,0.406685958,0.001275748,640,480,rgb8
5220,images/005220.jpg,1774267687.795220852,1774267687.776023388,0.019197464,0.405000000,0.000000000,1774267687.779818058,0.015402794,0.408218282,-0.006034693,640,480,rgb8
5221,images/005221.jpg,1774267687.828540564,1774267687.815820694,0.012719870,0.405000000,0.000000000,1774267687.819037199,0.009503365,0.407027795,-0.003377918,640,480,rgb8
5222,images/005222.jpg,1774267687.861859560,1774267687.855819941,0.006039619,0.405000000,0.000000000,1774267687.859040499,0.002819061,0.407689165,-0.003662088,640,480,rgb8
5223,images/005223.jpg,1774267687.895178556,1774267687.875821114,0.019357443,0.405000000,0.000000000,1774267687.879029751,0.016148806,0.407736552,-0.000953640,640,480,rgb8
5224,images/005224.jpg,1774267687.928497314,1774267687.915824413,0.012672901,0.405000000,0.000000000,1774267687.919065237,0.009432077,0.410170186,-0.003095604,640,480,rgb8
5225,images/005225.jpg,1774267687.961815596,1774267687.955832958,0.005982637,0.405000000,0.000000000,1774267687.959051132,0.002764463,0.409356981,-0.003062792,640,480,rgb8
5226,images/005226.jpg,1774267687.995133638,1774267687.975835323,0.019298315,0.405000000,0.000000000,1774267687.979085207,0.016048431,0.409421110,0.001674948,640,480,rgb8
5227,images/005227.jpg,1774267688.028451443,1774267688.015829802,0.012621641,0.405000000,0.000000000,1774267688.019025326,0.009426117,0.345069691,0.004103572,640,480,rgb8
5228,images/005228.jpg,1774267688.061769009,1774267688.055817604,0.005951405,0.405000000,0.000000000,1774267688.059048891,0.002720118,0.384669428,0.003192385,640,480,rgb8
5229,images/005229.jpg,1774267688.095086098,1774267688.075805664,0.019280434,0.405000000,0.000000000,1774267688.079038858,0.016047239,0.399593724,0.003166972,640,480,rgb8
5230,images/005230.jpg,1774267688.128403425,1774267688.115825891,0.012577534,0.405000000,0.000000000,1774267688.119047165,0.009356260,0.405077500,0.006719958,640,480,rgb8
5231,images/005231.jpg,1774267688.161720037,1774267688.155817747,0.005902290,0.405000000,0.000000000,1774267688.159038305,0.002681732,0.405141540,0.011917870,640,480,rgb8
5232,images/005232.jpg,1774267688.195036411,1774267688.175826073,0.019210339,0.405000000,0.000000000,1774267688.179054737,0.015981674,0.452626944,0.014231260,640,480,rgb8
5233,images/005233.jpg,1774267688.228352547,1774267688.215821266,0.012531281,0.405000000,0.000000000,1774267688.219031811,0.009320736,0.431512439,0.013887120,640,480,rgb8
5234,images/005234.jpg,1774267688.261668444,1774267688.255821705,0.005846739,0.405000000,0.000000000,1774267688.259158373,0.002510071,0.416707690,0.007461822,640,480,rgb8
5235,images/005235.jpg,1774267688.294984102,1774267688.275812387,0.019171715,0.405000000,0.000000000,1774267688.279054642,0.015929461,0.416863600,0.006686519,640,480,rgb8
5236,images/005236.jpg,1774267688.328299522,1774267688.315824509,0.012475014,0.405000000,0.000000000,1774267688.319061995,0.009237528,0.408931126,0.015372839,640,480,rgb8
5237,images/005237.jpg,1774267688.361614466,1774267688.355814219,0.005800247,0.405000000,0.000000000,1774267688.359063387,0.002551079,0.407530539,0.017476554,640,480,rgb8
5238,images/005238.jpg,1774267688.394929409,1774267688.375790596,0.019138813,0.405000000,0.000000000,1774267688.379171610,0.015757799,0.407750391,0.019170356,640,480,rgb8
5239,images/005239.jpg,1774267688.428245306,1774267688.415812254,0.012433052,0.405000000,0.000000000,1774267688.419075727,0.009169579,0.406984841,0.009358796,640,480,rgb8
5240,images/005240.jpg,1774267688.461620092,1774267688.455815792,0.005804300,0.405000000,0.000000000,1774267688.459073544,0.002546549,0.406436733,0.002838178,640,480,rgb8
5241,images/005241.jpg,1774267688.494995117,1774267688.475828648,0.019166470,0.405000000,0.000000000,1774267688.479091406,0.015903711,0.406460412,-0.001491942,640,480,rgb8
5242,images/005242.jpg,1774267688.528370142,1774267688.515815735,0.012554407,0.405000000,0.000000000,1774267688.519040346,0.009329796,0.385635055,-0.005084042,640,480,rgb8
5243,images/005243.jpg,1774267688.561744928,1774267688.555820465,0.005924463,0.405000000,0.000000000,1774267688.559062719,0.002682209,0.395792638,-0.014413271,640,480,rgb8
5244,images/005244.jpg,1774267688.595066309,1774267688.575841188,0.019225121,0.405000000,0.000000000,1774267688.579035044,0.016031265,0.395697422,-0.017934411,640,480,rgb8
5245,images/005245.jpg,1774267688.628387690,1774267688.615829468,0.012558222,0.405000000,0.000000000,1774267688.619046450,0.009341240,0.364224650,-0.015163431,640,480,rgb8
5246,images/005246.jpg,1774267688.661708832,1774267688.655818462,0.005890369,0.405000000,0.000000000,1774267688.659033298,0.002675533,0.388387385,0.005572271,640,480,rgb8
5247,images/005247.jpg,1774267688.695029259,1774267688.675825119,0.019204140,0.405000000,0.000000000,1774267688.679046631,0.015982628,0.400739195,0.005543561,640,480,rgb8
5248,images/005248.jpg,1774267688.728349686,1774267688.715832949,0.012516737,0.405000000,0.000000000,1774267688.719063520,0.009286165,0.404473441,0.005130270,640,480,rgb8
5249,images/005249.jpg,1774267688.761669636,1774267688.755825758,0.005843878,0.405000000,0.000000000,1774267688.759091854,0.002577782,0.404530785,-0.002748621,640,480,rgb8
5250,images/005250.jpg,1774267688.794989347,1774267688.775818348,0.019171000,0.405000000,0.000000000,1774267688.779075623,0.015913725,0.406437164,-0.000948352,640,480,rgb8
5251,images/005251.jpg,1774267688.828308582,1774267688.815817595,0.012490988,0.405000000,0.000000000,1774267688.819036007,0.009272575,0.429880423,0.018578977,640,480,rgb8
5252,images/005252.jpg,1774267688.928264856,1774267688.915819883,0.012444973,0.405000000,0.000000000,1774267688.919049501,0.009215355,0.413023273,0.010203214,640,480,rgb8
5253,images/005253.jpg,1774267688.961583138,1774267688.955819607,0.005763531,0.405000000,0.000000000,1774267688.959039927,0.002543211,0.407613243,-0.000799260,640,480,rgb8
5254,images/005254.jpg,1774267688.994900942,1774267688.975827456,0.019073486,0.405000000,0.000000000,1774267688.979051352,0.015849590,0.361748046,-0.003609460,640,480,rgb8
5255,images/005255.jpg,1774267689.028218508,1774267689.015828133,0.012390375,0.405000000,0.000000000,1774267689.018994808,0.009223700,0.382861446,0.003742126,640,480,rgb8
5256,images/005256.jpg,1774267689.061535597,1774267689.055815935,0.005719662,0.405000000,0.000000000,1774267689.059061527,0.002474070,0.396760925,0.002330644,640,480,rgb8
5257,images/005257.jpg,1774267689.094852448,1774267689.075829744,0.019022703,0.405000000,0.000000000,1774267689.079031706,0.015820742,0.396683992,0.002477261,640,480,rgb8
5258,images/005258.jpg,1774267689.128169298,1774267689.115828514,0.012340784,0.405000000,0.000000000,1774267689.119063377,0.009105921,0.402236764,0.000995880,640,480,rgb8
5259,images/005259.jpg,1774267689.161485672,1774267689.155826092,0.005659580,0.405000000,0.000000000,1774267689.159042597,0.002443075,0.404873245,0.000878972,640,480,rgb8
5260,images/005260.jpg,1774267689.194801569,1774267689.175827742,0.018973827,0.405000000,0.000000000,1774267689.179053545,0.015748024,0.404802853,0.000886666,640,480,rgb8
5261,images/005261.jpg,1774267689.228117228,1774267689.215823412,0.012293816,0.405000000,0.000000000,1774267689.219038248,0.009078979,0.404847324,0.000793846,640,480,rgb8
5262,images/005262.jpg,1774267689.261432648,1774267689.255819321,0.005613327,0.405000000,0.000000000,1774267689.259048700,0.002383947,0.404468383,-0.003848938,640,480,rgb8
5263,images/005263.jpg,1774267689.294747591,1774267689.275823116,0.018924475,0.405000000,0.000000000,1774267689.279045343,0.015702248,0.406767263,-0.003648549,640,480,rgb8
5264,images/005264.jpg,1774267689.328062534,1774267689.315831661,0.012230873,0.405000000,0.000000000,1774267689.319040537,0.009021997,0.407130006,-0.004935747,640,480,rgb8
5265,images/005265.jpg,1774267689.361377001,1774267689.355827570,0.005549431,0.405000000,0.000000000,1774267689.359050751,0.002326250,0.407346112,-0.007895957,640,480,rgb8
5266,images/005266.jpg,1774267689.394690990,1774267689.375796318,0.018894672,0.405000000,0.000000000,1774267689.379069090,0.015621901,0.407395970,-0.007895957,640,480,rgb8
5267,images/005267.jpg,1774267689.428004980,1774267689.415830135,0.012174845,0.405000000,0.000000000,1774267689.419051647,0.008953333,0.407533963,-0.005143011,640,480,rgb8
5268,images/005268.jpg,1774267689.461318254,1774267689.455829620,0.005488634,0.405000000,0.000000000,1774267689.459078550,0.002239704,0.408137313,-0.001042907,640,480,rgb8
5269,images/005269.jpg,1774267689.494631529,1774267689.475835323,0.018796206,0.405000000,0.000000000,1774267689.479075432,0.015556097,0.408193322,-0.001848123,640,480,rgb8
5270,images/005270.jpg,1774267689.527944326,1774267689.515831709,0.012112617,0.405000000,0.000000000,1774267689.519017696,0.008926630,0.408005692,-0.000484165,640,480,rgb8
5271,images/005271.jpg,1774267689.561258316,1774267689.555834532,0.005423784,0.405000000,0.000000000,1774267689.559059620,0.002198696,0.408114006,0.004818999,640,480,rgb8
5272,images/005272.jpg,1774267689.594628572,1774267689.575826406,0.018802166,0.405000000,0.000000000,1774267689.579093695,0.015534878,0.408166530,0.004818999,640,480,rgb8
5273,images/005273.jpg,1774267689.627998829,1774267689.615826130,0.012172699,0.405000000,0.000000000,1774267689.619050026,0.008948803,0.407224802,0.006345813,640,480,rgb8
5274,images/005274.jpg,1774267689.727920771,1774267689.715823174,0.012097597,0.405000000,0.000000000,1774267689.719029188,0.008891582,0.407741513,0.022548884,640,480,rgb8
5275,images/005275.jpg,1774267689.761227131,1774267689.755815744,0.005411386,0.405000000,0.000000000,1774267689.759027481,0.002199650,0.406835650,0.025994091,640,480,rgb8
5276,images/005276.jpg,1774267689.794533014,1774267689.775815010,0.018718004,0.405000000,0.000000000,1774267689.779055119,0.015477896,0.406867087,0.025994091,640,480,rgb8
5277,images/005277.jpg,1774267689.827838659,1774267689.815820456,0.012018204,0.405000000,0.000000000,1774267689.819048643,0.008790016,0.406514422,0.014994132,640,480,rgb8
5278,images/005278.jpg,1774267689.861144066,1774267689.855828285,0.005315781,0.405000000,0.000000000,1774267689.859057426,0.002086639,0.407456234,0.018715302,640,480,rgb8
5279,images/005279.jpg,1774267689.894448757,1774267689.875834227,0.018614531,0.405000000,0.000000000,1774267689.879082441,0.015366316,0.407493441,0.021331655,640,480,rgb8
5280,images/005280.jpg,1774267689.927753448,1774267689.915819645,0.011933804,0.405000000,0.000000000,1774267689.919007063,0.008746386,0.406375074,0.014995036,640,480,rgb8
5281,images/005281.jpg,1774267689.961057425,1774267689.955824614,0.005232811,0.405000000,0.000000000,1774267689.959044933,0.002012491,0.406420013,0.004991447,640,480,rgb8
5282,images/005282.jpg,1774267690.027664423,1774267690.015810251,0.011854172,0.405000000,0.000000000,1774267690.020339489,0.007324934,0.407767444,0.004512535,640,480,rgb8
5283,images/005283.jpg,1774267690.060967207,1774267690.055815935,0.005151272,0.405000000,0.000000000,1774267690.059029341,0.001937866,0.407327930,-0.008920523,640,480,rgb8
5284,images/005284.jpg,1774267690.094269753,1774267690.075816631,0.018453121,0.405000000,0.000000000,1774267690.079039812,0.015229940,0.407359789,-0.012376691,640,480,rgb8
5285,images/005285.jpg,1774267690.127572060,1774267690.115814686,0.011757374,0.405000000,0.000000000,1774267690.119049311,0.008522749,0.407188825,-0.013398965,640,480,rgb8
5286,images/005286.jpg,1774267690.160873890,1774267690.155811310,0.005062580,0.405000000,0.000000000,1774267690.159052134,0.001821756,0.353486464,-0.006046719,640,480,rgb8
5287,images/005287.jpg,1774267690.194175005,1774267690.175812483,0.018362522,0.405000000,0.000000000,1774267690.179078102,0.015096903,0.352860235,-0.003053880,640,480,rgb8
5288,images/005288.jpg,1774267690.227476120,1774267690.215819836,0.011656284,0.405000000,0.000000000,1774267690.219055176,0.008420944,0.402126872,0.010210381,640,480,rgb8
5289,images/005289.jpg,1774267690.260776520,1774267690.255816221,0.004960299,0.405000000,0.000000000,1774267690.259033442,0.001743078,0.350143814,0.006478985,640,480,rgb8
5290,images/005290.jpg,1774267690.294076681,1774267690.275810003,0.018266678,0.405000000,0.000000000,1774267690.279066563,0.015010118,0.349489913,0.005475001,640,480,rgb8
5291,images/005291.jpg,1774267690.327376366,1774267690.315802336,0.011574030,0.405000000,0.000000000,1774267690.319034338,0.008342028,0.395682056,0.011914164,640,480,rgb8
5292,images/005292.jpg,1774267690.360675812,1774267690.355807543,0.004868269,0.405000000,0.000000000,1774267690.359098434,0.001577377,0.426854880,0.015481086,640,480,rgb8
5293,images/005293.jpg,1774267690.393974781,1774267690.375811815,0.018162966,0.405000000,0.000000000,1774267690.379031897,0.014942884,0.417156713,0.015187464,640,480,rgb8
5294,images/005294.jpg,1774267690.427273512,1774267690.415809155,0.011464357,0.405000000,0.000000000,1774267690.419073343,0.008200169,0.417516340,0.008589110,640,480,rgb8
5295,images/005295.jpg,1774267690.460571527,1774267690.455811977,0.004759550,0.405000000,0.000000000,1774267690.459083319,0.001488209,0.410712610,0.013500363,640,480,rgb8
5296,images/005296.jpg,1774267690.493869305,1774267690.475821733,0.018047571,0.405000000,0.000000000,1774267690.479082108,0.014787197,0.408278195,0.004319517,640,480,rgb8
5297,images/005297.jpg,1774267690.527166843,1774267690.515810251,0.011356592,0.405000000,0.000000000,1774267690.519042253,0.008124590,0.406077292,0.002572427,640,480,rgb8
5298,images/005298.jpg,1774267690.560463905,1774267690.555813074,0.004650831,0.405000000,0.000000000,1774267690.559068918,0.001394987,0.405252187,0.003207680,640,480,rgb8
5299,images/005299.jpg,1774267690.593760490,1774267690.575814247,0.017946243,0.405000000,0.000000000,1774267690.579065800,0.014694691,0.405275445,0.000954124,640,480,rgb8
5300,images/005300.jpg,1774267690.627058268,1774267690.615834951,0.011223316,0.405000000,0.000000000,1774267690.619065046,0.007993221,0.407276108,0.004681210,640,480,rgb8
5301,images/005301.jpg,1774267690.660422802,1774267690.655836582,0.004586220,0.405000000,0.000000000,1774267690.659050226,0.001372576,0.407843859,0.006061508,640,480,rgb8
5302,images/005302.jpg,1774267690.693787098,1774267690.675821304,0.017965794,0.405000000,0.000000000,1774267690.679063320,0.014723778,0.407589500,0.006395182,640,480,rgb8
5303,images/005303.jpg,1774267690.727151394,1774267690.715840340,0.011311054,0.405000000,0.000000000,1774267690.719064474,0.008086920,0.407687973,0.003970197,640,480,rgb8
5304,images/005304.jpg,1774267690.760515928,1774267690.755831242,0.004684687,0.405000000,0.000000000,1774267690.759072542,0.001443386,0.407582415,0.006304578,640,480,rgb8
5305,images/005305.jpg,1774267690.793785095,1774267690.775828123,0.017956972,0.405000000,0.000000000,1774267690.779051781,0.014733315,0.408722380,-0.001117537,640,480,rgb8
5306,images/005306.jpg,1774267690.827053785,1774267690.816359282,0.010694504,0.405000000,0.000000000,1774267690.819181919,0.007871866,0.407456119,-0.005970039,640,480,rgb8
5307,images/005307.jpg,1774267690.860321760,1774267690.855825186,0.004496574,0.405000000,0.000000000,1774267690.859035730,0.001286030,0.407542213,-0.002633903,640,480,rgb8
5308,images/005308.jpg,1774267690.893589258,1774267690.875823736,0.017765522,0.405000000,0.000000000,1774267690.879028559,0.014560699,0.407061299,-0.000855755,640,480,rgb8
5309,images/005309.jpg,1774267690.926856279,1774267690.915830135,0.011026144,0.405000000,0.000000000,1774267690.919047117,0.007809162,0.408250430,-0.004961577,640,480,rgb8
5310,images/005310.jpg,1774267690.960122347,1774267690.955832005,0.004290342,0.405000000,0.000000000,1774267690.959069967,0.001052380,0.408648824,-0.004508835,640,480,rgb8
5311,images/005311.jpg,1774267690.993387938,1774267690.975838423,0.017549515,0.405000000,0.000000000,1774267690.979070187,0.014317751,0.408702974,-0.003623717,640,480,rgb8
5312,images/005312.jpg,1774267691.026653051,1774267691.015841484,0.010811567,0.405000000,0.000000000,1774267691.019083500,0.007569551,0.407731813,-0.002603191,640,480,rgb8
5313,images/005313.jpg,1774267691.059917450,1774267691.055831194,0.004086256,0.405000000,0.000000000,1774267691.059074402,0.000843048,0.407548615,0.005483213,640,480,rgb8
5314,images/005314.jpg,1774267691.126444578,1774267691.115838051,0.010606527,0.405000000,0.000000000,1774267691.119051933,0.007392645,0.408695114,-0.000961425,640,480,rgb8
5315,images/005315.jpg,1774267691.159707308,1774267691.155827522,0.003879786,0.405000000,0.000000000,1774267691.159029484,0.000677824,0.407166892,0.010802218,640,480,rgb8
5316,images/005316.jpg,1774267691.192969322,1774267691.175783157,0.017186165,0.405000000,0.000000000,1774267691.179017782,0.013951540,0.406351324,0.014496165,640,480,rgb8
5317,images/005317.jpg,1774267691.226230621,1774267691.215824604,0.010406017,0.405000000,0.000000000,1774267691.219021797,0.007208824,0.407209458,0.013661190,640,480,rgb8
5318,images/005318.jpg,1774267691.259491444,1774267691.255813122,0.003678322,0.405000000,0.000000000,1774267691.259024382,0.000467062,0.407753192,0.016316740,640,480,rgb8
5319,images/005319.jpg,1774267691.292751789,1774267691.275785446,0.016966343,0.405000000,0.000000000,1774267691.279038906,0.013712883,0.407789489,0.016867102,640,480,rgb8
5320,images/005320.jpg,1774267691.326011419,1774267691.315824270,0.010187149,0.405000000,0.000000000,1774267691.319040537,0.006970882,0.406582167,0.009975679,640,480,rgb8
5321,images/005321.jpg,1774267691.359270573,1774267691.355847836,0.003422737,0.405000000,0.000000000,1774267691.359063864,0.000206709,0.405807135,0.012817633,640,480,rgb8
5322,images/005322.jpg,1774267691.392528772,1774267691.375816345,0.016712427,0.405000000,0.000000000,1774267691.379037857,0.013490915,0.405818108,0.012187853,640,480,rgb8
5323,images/005323.jpg,1774267691.425786734,1774267691.415817499,0.009969234,0.405000000,0.000000000,1774267691.419026136,0.006760597,0.405447027,0.007623065,640,480,rgb8
5324,images/005324.jpg,1774267691.459043980,1774267691.455831051,0.003212929,0.405000000,0.000000000,1774267691.459033966,0.000010014,0.406627243,0.005893439,640,480,rgb8
5325,images/005325.jpg,1774267691.492300510,1774267691.475825310,0.016475201,0.405000000,0.000000000,1774267691.479035616,0.013264894,0.406647549,0.008524846,640,480,rgb8
5326,images/005326.jpg,1774267691.525556564,1774267691.515817404,0.009739161,0.405000000,0.000000000,1774267691.519031286,0.006525278,0.409073777,0.008360674,640,480,rgb8
5327,images/005327.jpg,1774267691.558811903,1774267691.555822372,0.002989531,0.405000000,0.000000000,1774267691.539026499,0.019785404,0.409123121,0.001261548,640,480,rgb8
5328,images/005328.jpg,1774267691.592067003,1774267691.575823307,0.016243696,0.405000000,0.000000000,1774267691.579035759,0.013031244,0.410025567,0.001087887,640,480,rgb8
5329,images/005329.jpg,1774267691.625321150,1774267691.615830421,0.009490728,0.405000000,0.000000000,1774267691.619052649,0.006268501,0.409444600,-0.002506591,640,480,rgb8
5330,images/005330.jpg,1774267691.658574820,1774267691.655816555,0.002758265,0.405000000,0.000000000,1774267691.639095306,0.019479513,0.408865004,-0.003565383,640,480,rgb8
5331,images/005331.jpg,1774267691.691827536,1774267691.675817490,0.016010046,0.405000000,0.000000000,1774267691.679066181,0.012761354,0.408245072,0.000797108,640,480,rgb8
5332,images/005332.jpg,1774267691.725080013,1774267691.715838909,0.009241104,0.405000000,0.000000000,1774267691.719075203,0.006004810,0.408313779,0.003463527,640,480,rgb8
5333,images/005333.jpg,1774267691.758334160,1774267691.755821705,0.002512455,0.405000000,0.000000000,1774267691.739056110,0.019278049,0.384406195,0.008257999,640,480,rgb8
5334,images/005334.jpg,1774267691.791689634,1774267691.775813580,0.015876055,0.405000000,0.000000000,1774267691.779062271,0.012627363,0.394824529,-0.000438606,640,480,rgb8
5335,images/005335.jpg,1774267691.825044870,1774267691.815832138,0.009212732,0.405000000,0.000000000,1774267691.819101810,0.005943060,0.338573725,0.006594402,640,480,rgb8
5336,images/005336.jpg,1774267691.891670704,1774267691.875853539,0.015817165,0.405000000,0.000000000,1774267691.879058599,0.012612104,0.381528040,0.028028293,640,480,rgb8
5337,images/005337.jpg,1774267691.924983025,1774267691.915822744,0.009160280,0.405000000,0.000000000,1774267691.919051170,0.005931854,0.396949676,0.024508652,640,480,rgb8
5338,images/005338.jpg,1774267691.958294630,1774267691.955810547,0.002484083,0.405000000,0.000000000,1774267691.939041853,0.019252777,0.402872810,0.021820008,640,480,rgb8
5339,images/005339.jpg,1774267691.991606236,1774267691.975827217,0.015779018,0.405000000,0.000000000,1774267691.979068041,0.012538195,0.402886085,0.014581117,640,480,rgb8
5340,images/005340.jpg,1774267692.024917126,1774267692.015859127,0.009057999,0.405000000,0.000000000,1774267692.019026041,0.005891085,0.405887973,0.002356712,640,480,rgb8
5341,images/005341.jpg,1774267692.058228016,1774267692.055820942,0.002407074,0.405000000,0.000000000,1774267692.039059639,0.019168377,0.405930297,0.002447786,640,480,rgb8
5342,images/005342.jpg,1774267692.091538429,1774267692.075799942,0.015738487,0.405000000,0.000000000,1774267692.079053879,0.012484550,0.405761499,0.009013946,640,480,rgb8
5343,images/005343.jpg,1774267692.124848366,1774267692.115829468,0.009018898,0.405000000,0.000000000,1774267692.119018078,0.005830288,0.341777787,0.003673885,640,480,rgb8
5344,images/005344.jpg,1774267692.158158064,1774267692.155815363,0.002342701,0.405000000,0.000000000,1774267692.139053345,0.019104719,0.341035383,0.000891657,640,480,rgb8
5345,images/005345.jpg,1774267692.224776030,1774267692.215839624,0.008936405,0.405000000,0.000000000,1774267692.219174862,0.005601168,0.404087784,-0.002156159,640,480,rgb8
5346,images/005346.jpg,1774267692.258084774,1774267692.255820990,0.002263784,0.405000000,0.000000000,1774267692.239042044,0.019042730,0.405365733,-0.001763864,640,480,rgb8
5347,images/005347.jpg,1774267692.291392803,1774267692.275817871,0.015574932,0.405000000,0.000000000,1774267692.279033899,0.012358904,0.405486228,0.002193815,640,480,rgb8
5348,images/005348.jpg,1774267692.324700594,1774267692.315822840,0.008877754,0.405000000,0.000000000,1774267692.319025040,0.005675554,0.407864018,-0.001853713,640,480,rgb8
5349,images/005349.jpg,1774267692.358008146,1774267692.355821609,0.002186537,0.405000000,0.000000000,1774267692.339053392,0.018954754,0.408292518,-0.005126501,640,480,rgb8
5350,images/005350.jpg,1774267692.391314983,1774267692.375798702,0.015516281,0.405000000,0.000000000,1774267692.379162312,0.012152672,0.407813481,-0.004264971,640,480,rgb8
5351,images/005351.jpg,1774267692.424621820,1774267692.415822983,0.008798838,0.405000000,0.000000000,1774267692.419045925,0.005575895,0.408754248,-0.001251077,640,480,rgb8
5352,images/005352.jpg,1774267692.457927942,1774267692.455829859,0.002098083,0.405000000,0.000000000,1774267692.439034224,0.018893719,0.408847227,0.000669694,640,480,rgb8
5353,images/005353.jpg,1774267692.491233826,1774267692.475824356,0.015409470,0.405000000,0.000000000,1774267692.479036808,0.012197018,0.385561066,0.002685990,640,480,rgb8
5354,images/005354.jpg,1774267692.524539471,1774267692.515825033,0.008714437,0.405000000,0.000000000,1774267692.519042730,0.005496740,0.395892304,-0.000164351,640,480,rgb8
5355,images/005355.jpg,1774267692.557844639,1774267692.555816412,0.002028227,0.405000000,0.000000000,1774267692.539039135,0.018805504,0.395835471,-0.000156763,640,480,rgb8
5356,images/005356.jpg,1774267692.591149569,1774267692.575838089,0.015311480,0.405000000,0.000000000,1774267692.579056978,0.012092590,0.402695301,0.002607145,640,480,rgb8
5357,images/005357.jpg,1774267692.624454021,1774267692.615828276,0.008625746,0.405000000,0.000000000,1774267692.619032621,0.005421400,0.406548270,0.000320052,640,480,rgb8
5358,images/005358.jpg,1774267692.657757998,1774267692.655832529,0.001925468,0.405000000,0.000000000,1774267692.639098644,0.018659353,0.406498799,0.000336305,640,480,rgb8
5359,images/005359.jpg,1774267692.691061735,1774267692.675834656,0.015227079,0.405000000,0.000000000,1774267692.679128885,0.011932850,0.406641828,0.001616749,640,480,rgb8
5360,images/005360.jpg,1774267692.724365234,1774267692.715833902,0.008531332,0.405000000,0.000000000,1774267692.719050884,0.005314350,0.448616504,0.003548392,640,480,rgb8
5361,images/005361.jpg,1774267692.757668257,1774267692.755842447,0.001825809,0.405000000,0.000000000,1774267692.739056587,0.018611670,0.413328235,0.008092339,640,480,rgb8
5362,images/005362.jpg,1774267692.790970802,1774267692.775840521,0.015130281,0.405000000,0.000000000,1774267692.779215336,0.011755466,0.461314229,0.013830785,640,480,rgb8
5363,images/005363.jpg,1774267692.824274063,1774267692.815834284,0.008439779,0.405000000,0.000000000,1774267692.819071054,0.005203009,0.427954113,0.013301613,640,480,rgb8
5364,images/005364.jpg,1774267692.857624054,1774267692.855839014,0.001785040,0.405000000,0.000000000,1774267692.839085817,0.018538237,0.428247973,0.009510422,640,480,rgb8
5365,images/005365.jpg,1774267692.890973568,1774267692.875836134,0.015137434,0.405000000,0.000000000,1774267692.879066229,0.011907339,0.414946932,0.020180254,640,480,rgb8
5366,images/005366.jpg,1774267692.924323559,1774267692.915827751,0.008495808,0.405000000,0.000000000,1774267692.919140816,0.005182743,0.411145989,0.017670643,640,480,rgb8
5367,images/005367.jpg,1774267692.957673311,1774267692.955818892,0.001854420,0.405000000,0.000000000,1774267692.939042807,0.018630505,0.408501868,0.017941340,640,480,rgb8
5368,images/005368.jpg,1774267692.991021633,1774267692.975817919,0.015203714,0.405000000,0.000000000,1774267692.979223490,0.011798143,0.408591832,0.012695909,640,480,rgb8
5369,images/005369.jpg,1774267693.024370193,1774267693.015825510,0.008544683,0.405000000,0.000000000,1774267693.019035578,0.005334616,0.365684517,0.003767980,640,480,rgb8
5370,images/005370.jpg,1774267693.057718277,1774267693.055819511,0.001898766,0.405000000,0.000000000,1774267693.039037943,0.018680334,0.402297880,-0.000622132,640,480,rgb8
5371,images/005371.jpg,1774267693.091066360,1774267693.075831413,0.015234947,0.405000000,0.000000000,1774267693.079064608,0.012001753,0.404581902,-0.007620872,640,480,rgb8
5372,images/005372.jpg,1774267693.124414206,1774267693.115780830,0.008633375,0.405000000,0.000000000,1774267693.119045973,0.005368233,0.406425290,-0.008521695,640,480,rgb8
5373,images/005373.jpg,1774267693.157762289,1774267693.155843019,0.001919270,0.405000000,0.000000000,1774267693.139050245,0.018712044,0.406458001,-0.008013376,640,480,rgb8
5374,images/005374.jpg,1774267693.191109896,1774267693.175828934,0.015280962,0.405000000,0.000000000,1774267693.179085016,0.012024879,0.406639201,-0.005005166,640,480,rgb8
5375,images/005375.jpg,1774267693.224457264,1774267693.215837955,0.008619308,0.405000000,0.000000000,1774267693.219049692,0.005407572,0.407137773,0.002664801,640,480,rgb8
5376,images/005376.jpg,1774267693.257804632,1774267693.255815029,0.001989603,0.405000000,0.000000000,1774267693.239042997,0.018761635,0.405389202,0.005781577,640,480,rgb8
5377,images/005377.jpg,1774267693.324499369,1774267693.315821409,0.008677959,0.405000000,0.000000000,1774267693.319038630,0.005460739,0.394610981,-0.002967843,640,480,rgb8
5378,images/005378.jpg,1774267693.357846260,1774267693.355819464,0.002026796,0.405000000,0.000000000,1774267693.339012861,0.018833399,0.394507385,0.002276873,640,480,rgb8
5379,images/005379.jpg,1774267693.391193151,1774267693.375834465,0.015358686,0.405000000,0.000000000,1774267693.379047632,0.012145519,0.338989985,0.028660481,640,480,rgb8
5380,images/005380.jpg,1774267693.424539804,1774267693.415831804,0.008708000,0.405000000,0.000000000,1774267693.419036865,0.005502939,0.381110127,0.035370749,640,480,rgb8
5381,images/005381.jpg,1774267693.457886457,1774267693.455833912,0.002052546,0.405000000,0.000000000,1774267693.439040661,0.018845797,0.380863284,0.024765188,640,480,rgb8
5382,images/005382.jpg,1774267693.491232872,1774267693.475830317,0.015402555,0.405000000,0.000000000,1774267693.479053020,0.012179852,0.396806131,0.017404440,640,480,rgb8
5383,images/005383.jpg,1774267693.524579287,1774267693.515830040,0.008749247,0.405000000,0.000000000,1774267693.519103765,0.005475521,0.404802592,0.011711993,640,480,rgb8
5384,images/005384.jpg,1774267693.557925463,1774267693.555832863,0.002092600,0.405000000,0.000000000,1774267693.539212942,0.018712521,0.405615382,0.005725825,640,480,rgb8
5385,images/005385.jpg,1774267693.591271639,1774267693.575781345,0.015490294,0.405000000,0.000000000,1774267693.579063177,0.012208462,0.405729260,-0.004890509,640,480,rgb8
5386,images/005386.jpg,1774267693.624617577,1774267693.615825176,0.008792400,0.405000000,0.000000000,1774267693.619067192,0.005550385,0.405889007,-0.001385337,640,480,rgb8
5387,images/005387.jpg,1774267693.657963514,1774267693.655827761,0.002135754,0.405000000,0.000000000,1774267693.639039040,0.018924475,0.407708254,0.001507716,640,480,rgb8
5388,images/005388.jpg,1774267693.691309214,1774267693.675833225,0.015475988,0.405000000,0.000000000,1774267693.679055214,0.012254000,0.408274094,0.004976058,640,480,rgb8
5389,images/005389.jpg,1774267693.724654913,1774267693.715839148,0.008815765,0.405000000,0.000000000,1774267693.719062567,0.005592346,0.407546752,0.004866461,640,480,rgb8
5390,images/005390.jpg,1774267693.758000374,1774267693.755833864,0.002166510,0.405000000,0.000000000,1774267693.739070415,0.018929958,0.407620043,0.003854617,640,480,rgb8
5391,images/005391.jpg,1774267693.791345596,1774267693.775842905,0.015502691,0.405000000,0.000000000,1774267693.779089689,0.012255907,0.407492198,0.012459205,640,480,rgb8
5392,images/005392.jpg,1774267693.824690819,1774267693.815840244,0.008850574,0.405000000,0.000000000,1774267693.819062710,0.005628109,0.408952915,0.008377126,640,480,rgb8
5393,images/005393.jpg,1774267693.858036041,1774267693.855820656,0.002215385,0.405000000,0.000000000,1774267693.839090109,0.018945932,0.408041977,0.004228177,640,480,rgb8
5394,images/005394.jpg,1774267693.891381025,1774267693.875840187,0.015540838,0.405000000,0.000000000,1774267693.879071951,0.012309074,0.407578383,-0.000023562,640,480,rgb8
5395,images/005395.jpg,1774267693.924725771,1774267693.915841103,0.008884668,0.405000000,0.000000000,1774267693.919066191,0.005659580,0.407710913,-0.006837447,640,480,rgb8
5396,images/005396.jpg,1774267693.958070517,1774267693.955836058,0.002234459,0.405000000,0.000000000,1774267693.939038515,0.019032001,0.386632246,-0.003787951,640,480,rgb8
5397,images/005397.jpg,1774267693.991418362,1774267693.975838900,0.015579462,0.405000000,0.000000000,1774267693.979065418,0.012352943,0.397647597,0.002428631,640,480,rgb8
5398,images/005398.jpg,1774267694.024766445,1774267694.015814781,0.008951664,0.405000000,0.000000000,1774267694.019195080,0.005571365,0.402715545,0.002552590,640,480,rgb8
5399,images/005399.jpg,1774267694.091416836,1774267694.075825691,0.015591145,0.405000000,0.000000000,1774267694.079097986,0.012318850,0.407193415,0.001964393,640,480,rgb8
5400,images/005400.jpg,1774267694.124741793,1774267694.115826130,0.008915663,0.405000000,0.000000000,1774267694.119014263,0.005727530,0.461256091,-0.001303410,640,480,rgb8
5401,images/005401.jpg,1774267694.158066511,1774267694.155829668,0.002236843,0.405000000,0.000000000,1774267694.139065266,0.019001245,0.461992334,0.004651201,640,480,rgb8
5402,images/005402.jpg,1774267694.191390753,1774267694.175839424,0.015551329,0.405000000,0.000000000,1774267694.179052591,0.012338161,0.428973522,0.000178489,640,480,rgb8
5403,images/005403.jpg,1774267694.224714994,1774267694.215833187,0.008881807,0.405000000,0.000000000,1774267694.219049215,0.005665779,0.415710784,0.004707022,640,480,rgb8
5404,images/005404.jpg,1774267694.258038998,1774267694.255836010,0.002202988,0.405000000,0.000000000,1774267694.239076614,0.018962383,0.415855828,0.007251448,640,480,rgb8
5405,images/005405.jpg,1774267694.291362762,1774267694.275928497,0.015434265,0.405000000,0.000000000,1774267694.279084444,0.012278318,0.410726481,0.011874232,640,480,rgb8
5406,images/005406.jpg,1774267694.324686289,1774267694.315883398,0.008802891,0.003974180,0.000000000,1774267694.319180012,0.005506277,0.406310646,0.017669533,640,480,rgb8
5407,images/005407.jpg,1774267694.358009815,1774267694.355821133,0.002188683,0.000000000,0.000000000,1774267694.339050531,0.018959284,0.405975166,0.016077124,640,480,rgb8
5408,images/005408.jpg,1774267694.424655676,1774267694.415832758,0.008822918,0.000000000,0.000000000,1774267694.419084311,0.005571365,0.395966698,0.015003978,640,480,rgb8
5409,images/005409.jpg,1774267694.457978249,1774267694.455822229,0.002156019,0.000000000,0.000000000,1774267694.439050674,0.018927574,0.340835012,0.028150854,640,480,rgb8
5410,images/005410.jpg,1774267694.491300821,1774267694.475818872,0.015481949,0.000000000,0.000000000,1774267694.479034185,0.012266636,0.319698470,0.037425134,640,480,rgb8
5411,images/005411.jpg,1774267694.524623156,1774267694.515817404,0.008805752,0.000000000,0.000000000,1774267694.519030094,0.005593061,0.181341813,0.004808311,640,480,rgb8
5412,images/005412.jpg,1774267694.557945013,1774267694.555830717,0.002114296,0.000000000,0.000000000,1774267694.539030075,0.018914938,0.178662956,-0.003501310,640,480,rgb8
5413,images/005413.jpg,1774267694.591266870,1774267694.575820446,0.015446424,0.000000000,0.000000000,1774267694.579047918,0.012218952,0.086899304,0.034512052,640,480,rgb8
5414,images/005414.jpg,1774267694.624588490,1774267694.615823984,0.008764505,0.000000000,0.000000000,1774267694.619089365,0.005499125,0.055125796,0.027967769,640,480,rgb8
5415,images/005415.jpg,1774267694.657909870,1774267694.655825615,0.002084255,0.000000000,0.000000000,1774267694.639068127,0.018841743,0.051092623,0.013044945,640,480,rgb8
5416,images/005416.jpg,1774267694.691231012,1774267694.675835371,0.015395641,0.000000000,0.000000000,1774267694.679024935,0.012206078,0.018863862,0.019824722,640,480,rgb8
5417,images/005417.jpg,1774267694.724551916,1774267694.715821505,0.008730412,0.000000000,0.000000000,1774267694.718996286,0.005555630,0.002059745,0.002556661,640,480,rgb8
5418,images/005418.jpg,1774267694.757872581,1774267694.755820513,0.002052069,0.000000000,0.000000000,1774267694.739061832,0.018810749,0.001056106,-0.017096400,640,480,rgb8
5419,images/005419.jpg,1774267694.791193008,1774267694.775829792,0.015363216,0.000000000,0.000000000,1774267694.779043198,0.012149811,-0.000634241,-0.013264320,640,480,rgb8
5420,images/005420.jpg,1774267694.824513435,1774267694.815833807,0.008679628,0.000000000,0.000000000,1774267694.819055080,0.005458355,-0.009233953,0.003757463,640,480,rgb8
5421,images/005421.jpg,1774267694.857833385,1774267694.855845451,0.001987934,0.000000000,0.000000000,1774267694.839068651,0.018764734,-0.000133313,0.011787534,640,480,rgb8
5422,images/005422.jpg,1774267694.891153336,1774267694.875837564,0.015315771,0.000000000,0.000000000,1774267694.879073858,0.012079477,-0.004305382,0.016534986,640,480,rgb8
5423,images/005423.jpg,1774267694.924472809,1774267694.915837526,0.008635283,0.000000000,0.000000000,1774267694.919070482,0.005402327,-0.007651598,0.004648717,640,480,rgb8
5424,images/005424.jpg,1774267694.957792282,1774267694.955838919,0.001953363,0.000000000,0.000000000,1774267694.939103603,0.018688679,-0.011685180,-0.003456573,640,480,rgb8
5425,images/005425.jpg,1774267694.991111279,1774267694.975839376,0.015271902,0.000000000,0.000000000,1774267694.979069233,0.012042046,-0.009076480,0.000022108,640,480,rgb8
5426,images/005426.jpg,1774267695.024430990,1774267695.015829086,0.008601904,0.000000000,0.000000000,1774267695.019055128,0.005375862,-0.001431951,0.004485483,640,480,rgb8
5427,images/005427.jpg,1774267695.057775736,1774267695.055836201,0.001939535,0.000000000,0.000000000,1774267695.039137363,0.018638372,-0.005159207,0.003691694,640,480,rgb8
5428,images/005428.jpg,1774267695.091120005,1774267695.075828552,0.015291452,0.000000000,0.000000000,1774267695.079066515,0.012053490,-0.005715591,0.002541682,640,480,rgb8
5429,images/005429.jpg,1774267695.124464750,1774267695.115822315,0.008642435,0.000000000,0.000000000,1774267695.119031906,0.005432844,-0.005851475,0.003347085,640,480,rgb8
5430,images/005430.jpg,1774267695.191134930,1774267695.175819397,0.015315533,0.000000000,0.000000000,1774267695.179078341,0.012056589,-0.009197991,0.001822978,640,480,rgb8
5431,images/005431.jpg,1774267695.224469900,1774267695.215817213,0.008652687,0.000000000,0.000000000,1774267695.219108105,0.005361795,-0.006489967,0.001370603,640,480,rgb8
5432,images/005432.jpg,1774267695.257804632,1774267695.255810976,0.001993656,0.000000000,0.000000000,1774267695.239026070,0.018778563,-0.009814097,0.005640598,640,480,rgb8
5433,images/005433.jpg,1774267695.291139126,1774267695.275829792,0.015309334,0.000000000,0.000000000,1774267695.279032707,0.012106419,-0.002454132,0.004469695,640,480,rgb8
5434,images/005434.jpg,1774267695.324473619,1774267695.315823078,0.008650541,0.000000000,0.000000000,1774267695.319037914,0.005435705,-0.008791259,0.001897294,640,480,rgb8
5435,images/005435.jpg,1774267695.357808113,1774267695.355820656,0.001987457,0.000000000,0.000000000,1774267695.339089394,0.018718719,-0.005908349,0.001917657,640,480,rgb8
5436,images/005436.jpg,1774267695.391142368,1774267695.375839710,0.015302658,0.000000000,0.000000000,1774267695.379094124,0.012048244,-0.005956999,0.002128315,640,480,rgb8
5437,images/005437.jpg,1774267695.424476385,1774267695.415835142,0.008641243,0.000000000,0.000000000,1774267695.419267178,0.005209208,-0.004593804,0.002154576,640,480,rgb8
5438,images/005438.jpg,1774267695.457810402,1774267695.455819845,0.001990557,0.000000000,0.000000000,1774267695.439050674,0.018759727,-0.007491254,0.002655669,640,480,rgb8
5439,images/005439.jpg,1774267695.524477720,1774267695.515819788,0.008657932,0.000000000,0.000000000,1774267695.520474911,0.004002810,-0.004621750,0.005073210,640,480,rgb8
5440,images/005440.jpg,1774267695.557811260,1774267695.555816174,0.001995087,0.000000000,0.000000000,1774267695.539020300,0.018790960,-0.007173264,0.003797588,640,480,rgb8
5441,images/005441.jpg,1774267695.591144562,1774267695.575816154,0.015328407,0.000000000,0.000000000,1774267695.579031229,0.012113333,-0.002514881,-0.000591131,640,480,rgb8
5442,images/005442.jpg,1774267695.624477863,1774267695.615819693,0.008658171,0.000000000,0.000000000,1774267695.619042158,0.005435705,-0.007772284,0.002529601,640,480,rgb8
5443,images/005443.jpg,1774267695.657810688,1774267695.655826092,0.001984596,0.000000000,0.000000000,1774267695.639055490,0.018755198,-0.005302700,0.001466697,640,480,rgb8
5444,images/005444.jpg,1774267695.691143751,1774267695.675828218,0.015315533,0.000000000,0.000000000,1774267695.679038525,0.012105227,-0.005331537,0.004051032,640,480,rgb8
5445,images/005445.jpg,1774267695.724476576,1774267695.715833187,0.008643389,0.000000000,0.000000000,1774267695.719047070,0.005429506,-0.005289453,0.003207165,640,480,rgb8
5446,images/005446.jpg,1774267695.757809401,1774267695.755813837,0.001995564,0.000000000,0.000000000,1774267695.739103556,0.018705845,-0.007738582,0.002965860,640,480,rgb8
5447,images/005447.jpg,1774267695.791141748,1774267695.775824785,0.015316963,0.000000000,0.000000000,1774267695.779106617,0.012035131,-0.007569298,0.002916269,640,480,rgb8
5448,images/005448.jpg,1774267695.824474096,1774267695.815819025,0.008655071,0.000000000,0.000000000,1774267695.819026470,0.005447626,-0.007417995,0.003517121,640,480,rgb8
5449,images/005449.jpg,1774267695.857806444,1774267695.855815172,0.001991272,0.000000000,0.000000000,1774267695.839029789,0.018776655,-0.009741031,0.004809367,640,480,rgb8
5450,images/005450.jpg,1774267695.891138315,1774267695.875826359,0.015311956,0.000000000,0.000000000,1774267695.879023552,0.012114763,-0.007431909,0.004298937,640,480,rgb8
5451,images/005451.jpg,1774267695.924470425,1774267695.915830851,0.008639574,0.000000000,0.000000000,1774267695.919028521,0.005441904,-0.002279857,0.004866329,640,480,rgb8
5452,images/005452.jpg,1774267695.957802296,1774267695.955821037,0.001981258,0.000000000,0.000000000,1774267695.939051390,0.018750906,-0.004405201,0.004749025,640,480,rgb8
5453,images/005453.jpg,1774267695.991133928,1774267695.975837708,0.015296221,0.000000000,0.000000000,1774267695.979025126,0.012108803,-0.004368066,0.004059180,640,480,rgb8
5454,images/005454.jpg,1774267696.024465561,1774267696.015839815,0.008625746,0.000000000,0.000000000,1774267696.019034624,0.005430937,-0.004157250,0.001653836,640,480,rgb8
5455,images/005455.jpg,1774267696.057796955,1774267696.055839062,0.001957893,0.000000000,0.000000000,1774267696.039043903,0.018753052,-0.006175857,0.000970646,640,480,rgb8
5456,images/005456.jpg,1774267696.091128111,1774267696.075842857,0.015285254,0.000000000,0.000000000,1774267696.079051733,0.012076378,-0.005974143,0.001315124,640,480,rgb8
5457,images/005457.jpg,1774267696.124459505,1774267696.115829468,0.008630037,0.000000000,0.000000000,1774267696.119057894,0.005401611,-0.005625243,0.003243019,640,480,rgb8
5458,images/005458.jpg,1774267696.157802105,1774267696.155829430,0.001972675,0.000000000,0.000000000,1774267696.139071226,0.018730879,-0.007541800,0.006392492,640,480,rgb8
5459,images/005459.jpg,1774267696.191144466,1774267696.175825119,0.015319347,0.000000000,0.000000000,1774267696.179081440,0.012063026,-0.005338493,0.004982619,640,480,rgb8
5460,images/005460.jpg,1774267696.224487066,1774267696.215847492,0.008639574,0.000000000,0.000000000,1774267696.219075680,0.005411386,-0.000401758,0.003772015,640,480,rgb8
5461,images/005461.jpg,1774267696.257817984,1774267696.255840063,0.001977921,0.000000000,0.000000000,1774267696.239056349,0.018761635,-0.002138875,0.003548065,640,480,rgb8
5462,images/005462.jpg,1774267696.291148663,1774267696.275826216,0.015322447,0.000000000,0.000000000,1774267696.279073238,0.012075424,-0.002023193,0.005666824,640,480,rgb8
5463,images/005463.jpg,1774267696.324479342,1774267696.315824747,0.008654594,0.000000000,0.000000000,1774267696.319034815,0.005444527,-0.001839762,0.004298500,640,480,rgb8
5464,images/005464.jpg,1774267696.357809305,1774267696.355816126,0.001993179,0.000000000,0.000000000,1774267696.339081764,0.018727541,-0.003495066,0.003520607,640,480,rgb8
5465,images/005465.jpg,1774267696.391139507,1774267696.375833750,0.015305758,0.000000000,0.000000000,1774267696.379037380,0.012102127,-0.001716290,0.002672257,640,480,rgb8
5466,images/005466.jpg,1774267696.424469233,1774267696.415818214,0.008651018,0.000000000,0.000000000,1774267696.419061184,0.005408049,-0.000213832,0.000483583,640,480,rgb8
5467,images/005467.jpg,1774267696.457798719,1774267696.455821037,0.001977682,0.000000000,0.000000000,1774267696.439065933,0.018732786,-0.000389556,-0.000349949,640,480,rgb8
5468,images/005468.jpg,1774267696.491127968,1774267696.475811720,0.015316248,0.000000000,0.000000000,1774267696.479013205,0.012114763,-0.003417696,0.000185969,640,480,rgb8
5469,images/005469.jpg,1774267696.524456978,1774267696.515809774,0.008647203,0.000000000,0.000000000,1774267696.519009352,0.005447626,-0.003043443,0.004786448,640,480,rgb8
5470,images/005470.jpg,1774267696.557785988,1774267696.555818558,0.001967430,0.000000000,0.000000000,1774267696.539014816,0.018771172,-0.002208424,0.004997259,640,480,rgb8
5471,images/005471.jpg,1774267696.624442816,1774267696.615823269,0.008619547,0.000000000,0.000000000,1774267696.619086504,0.005356312,-0.000516200,0.003713212,640,480,rgb8
5472,images/005472.jpg,1774267696.657771111,1774267696.655820608,0.001950502,0.000000000,0.000000000,1774267696.639073610,0.018697500,-0.001871620,0.001965870,640,480,rgb8
5473,images/005473.jpg,1774267696.691098928,1774267696.675825357,0.015273571,0.000000000,0.000000000,1774267696.679044962,0.012053967,-0.000205169,0.005781328,640,480,rgb8
5474,images/005474.jpg,1774267696.724426270,1774267696.715834856,0.008591413,0.000000000,0.000000000,1774267696.719078779,0.005347490,-0.001434504,0.002503786,640,480,rgb8
5475,images/005475.jpg,1774267696.757753611,1774267696.755827665,0.001925945,0.000000000,0.000000000,1774267696.739062786,0.018690825,-0.002719373,0.001003065,640,480,rgb8
5476,images/005476.jpg,1774267696.791080713,1774267696.775841236,0.015239477,0.000000000,0.000000000,1774267696.779628515,0.011452198,-0.002840079,0.001260035,640,480,rgb8
5477,images/005477.jpg,1774267696.824407816,1774267696.815823555,0.008584261,0.000000000,0.000000000,1774267696.819040775,0.005367041,-0.002851066,0.002603784,640,480,rgb8
5478,images/005478.jpg,1774267696.857734680,1774267696.855829954,0.001904726,0.000000000,0.000000000,1774267696.839028358,0.018706322,-0.001760006,0.002803264,640,480,rgb8
5479,images/005479.jpg,1774267696.891061068,1774267696.875831127,0.015229940,0.000000000,0.000000000,1774267696.879057407,0.012003660,-0.001265075,0.002632213,640,480,rgb8
5480,images/005480.jpg,1774267696.924387217,1774267696.915819168,0.008568048,0.000000000,0.000000000,1774267696.919036865,0.005350351,-0.001892905,0.000885770,640,480,rgb8
5481,images/005481.jpg,1774267696.957713127,1774267696.955826044,0.001887083,0.000000000,0.000000000,1774267696.939059496,0.018653631,-0.003036379,0.000683003,640,480,rgb8
5482,images/005482.jpg,1774267696.991038799,1774267696.975816011,0.015222788,0.000000000,0.000000000,1774267696.979044437,0.011994362,-0.002062696,0.001415344,640,480,rgb8
5483,images/005483.jpg,1774267697.024364233,1774267697.015815973,0.008548260,0.000000000,0.000000000,1774267697.019057989,0.005306244,-0.000563293,0.000651899,640,480,rgb8
5484,images/005484.jpg,1774267697.057689428,1774267697.055842400,0.001847029,0.000000000,0.000000000,1774267697.039063215,0.018626213,-0.000610661,0.000544176,640,480,rgb8
5485,images/005485.jpg,1774267697.091014385,1774267697.075803757,0.015210629,0.000000000,0.000000000,1774267697.079054356,0.011960030,-0.002700251,0.003128715,640,480,rgb8
5486,images/005486.jpg,1774267697.124339342,1774267697.115836620,0.008502722,0.000000000,0.000000000,1774267697.119065762,0.005273581,-0.002620503,0.005451272,640,480,rgb8
